/home/ollie/miniconda3/envs/simtbx/lib/python3.9/site-packages/dials/extensions/__init__.py:3: UserWarning: pkg_resources is deprecated as an API. See https://setuptools.pypa.io/en/latest/pkg_resources.html. The pkg_resources package is slated for removal as early as 2025-11-30. Refrain from using this package or pin to Setuptools<81.
  import pkg_resources
<frozen importlib._bootstrap>:228: RuntimeWarning: to-Python converter for scitbx::af::shared<scitbx::af::shared<scitbx::vec3<double> > > already registered; second conversion method ignored.
COMMANDLINE: libtbx.python /home/ollie/Documents/diffbragg_example_2/diffbragg_example/plans/active/NANOBRAG-GOLDEN-001/reports/2025-10-29T080253Z/capture_forward.py
Warning, crystal system not determined, assuming triclinic
Warning, crystal system not determined, assuming triclinic
Warning, crystal system not determined, assuming triclinic
Warning, crystal system not determined, assuming triclinic
Warning, crystal system not determined, assuming triclinic
Will optimize using 1 experiments
RANK0000 | 2025-10-29 01:12:12,333 | Loading nrefls per shot
Found 1 shots originally, but only 1 had finite number of refls to model
RANK0000 | 2025-10-29 01:12:12,335 | EVENT: begin loading inputs
RANK0000 | 2025-10-29 01:12:12,366 | Will use space group symbol P 1
RANK0000 | 2025-10-29 01:12:12,499 | EVENT: BEGIN loading experiment list
RANK0000 | 2025-10-29 01:12:12,500 | EVENT: DONE loading experiment list
Warning, crystal system not determined, assuming triclinic
RANK0000 | 2025-10-29 01:12:12,502 | EVENT: LOADING ROI DATA
RANK0000 | 2025-10-29 01:12:12,570 | Number of ROIS that will proceed to refinement: 87/92
RANK0000 | 2025-10-29 01:12:12,588 | Setting initial mosaicity from params.init.eta_abc: 0.000000 0.000000 0.000000
RANK0000 | 2025-10-29 01:12:12,588 | Number of mosaic domains from params: 1
RANK0000 | 2025-10-29 01:12:12,660 | Loaded simulator
RANK0000 | 2025-10-29 01:12:12,660 | Will not use mosaic models, as simulator.crystal.num_mosaicity_samples=1
RANK0000 | 2025-10-29 01:12:12,698 | EVENT: DONE LOADING ROI
RANK0000 | 2025-10-29 01:12:12,698 | Will simulate 1 energy channels
RANK0000 | 2025-10-29 01:12:12,699 | Process memory usage: 1.233566 GB on node ollie-System-Product-Name
RANK0000 | 2025-10-29 01:12:12,699 | Finished loading image 1 / 1 (1 / 1)
Warning, crystal system not determined, assuming triclinic
RANK0000 | 2025-10-29 01:12:12,699 | DONE LOADING DATA; ENTER BARRIER
RANK0000 | 2025-10-29 01:12:12,699 | DONE LOADING DATA; EXIT BARRIER
RANK0000 | 2025-10-29 01:12:12,699 | Mem after panel groups: 1.233566 GB on node ollie-System-Product-Name
RANK0000 | 2025-10-29 01:12:12,699 | EVENT: Gathering global HKL information
RANK0000 | 2025-10-29 01:12:12,806 | EVENT: FINISHED gather global HKL information
RANK0000 | 2025-10-29 01:12:12,807 | Mem after gather Hi info: 1.233566 GB on node ollie-System-Product-Name
RANK0000 | 2025-10-29 01:12:12,807 | BEGIN DETERMINE MAX PIX
RANK0000 | 2025-10-29 01:12:12,807 | Rank 0, max pix to be modeled: 8700
RANK0000 | 2025-10-29 01:12:12,807 | DONE DETERMINE MAX PIX
RANK0000 | 2025-10-29 01:12:12,807 | Mem after determine max num pix: 1.233566 GB on node ollie-System-Product-Name
RANK0000 | 2025-10-29 01:12:12,807 | Mem after load_inputs: 1.233566 GB on node ollie-System-Product-Name
How many pixels each rank will allocate for on its device:
(rnk0, dev0): 8700 pix
Iteration 1:
	Resid=242623.295220, sigmaZ 7.147279, t-per-iter=0.0393 sec, pred_offsets=
Iteration 2:
	Resid=279875394.433124, sigmaZ 252.944982, t-per-iter=0.0389 sec, pred_offsets=
Iteration 3:
	Resid=281179094.763760, sigmaZ 253.486427, t-per-iter=0.0388 sec, pred_offsets=
Iteration 4:
	Resid=281512089.502743, sigmaZ 253.628952, t-per-iter=0.0388 sec, pred_offsets=
Iteration 5:
	Resid=241784.059434, sigmaZ 7.133763, t-per-iter=0.0387 sec, pred_offsets=
Iteration 6:
	Resid=240258.169055, sigmaZ 7.109117, t-per-iter=0.0387 sec, pred_offsets=
Iteration 7:
	Resid=240280.433320, sigmaZ 7.109478, t-per-iter=0.0387 sec, pred_offsets=
Iteration 8:
	Resid=239763.182758, sigmaZ 7.101107, t-per-iter=0.0386 sec, pred_offsets=
Iteration 9:
	Resid=239550.996415, sigmaZ 7.097670, t-per-iter=0.0386 sec, pred_offsets=
Iteration 10:
	Resid=239260.347337, sigmaZ 7.092958, t-per-iter=0.0386 sec, pred_offsets=
Iteration 11:
	Resid=239169.792506, sigmaZ 7.091490, t-per-iter=0.0386 sec, pred_offsets=
Iteration 12:
	Resid=238764.668270, sigmaZ 7.084916, t-per-iter=0.0386 sec, pred_offsets=
Iteration 13:
	Resid=238592.166888, sigmaZ 7.082115, t-per-iter=0.0386 sec, pred_offsets=
Iteration 14:
	Resid=238568.375630, sigmaZ 7.081729, t-per-iter=0.0386 sec, pred_offsets=
Iteration 15:
	Resid=238565.341113, sigmaZ 7.081680, t-per-iter=0.0385 sec, pred_offsets=
Iteration 16:
	Resid=238561.015742, sigmaZ 7.081609, t-per-iter=0.0385 sec, pred_offsets=
Iteration 17:
	Resid=238552.743816, sigmaZ 7.081475, t-per-iter=0.0385 sec, pred_offsets=
Iteration 18:
	Resid=238541.066393, sigmaZ 7.081285, t-per-iter=0.0385 sec, pred_offsets=
Iteration 19:
	Resid=238788.236622, sigmaZ 7.085294, t-per-iter=0.0385 sec, pred_offsets=
Iteration 20:
	Resid=238540.751747, sigmaZ 7.081279, t-per-iter=0.0385 sec, pred_offsets=
Iteration 21:
	Resid=238534.505292, sigmaZ 7.081178, t-per-iter=0.0385 sec, pred_offsets=
Iteration 22:
	Resid=238533.297193, sigmaZ 7.081158, t-per-iter=0.0385 sec, pred_offsets=
Iteration 23:
	Resid=238533.232017, sigmaZ 7.081157, t-per-iter=0.0385 sec, pred_offsets=
Iteration 24:
	Resid=238533.231176, sigmaZ 7.081157, t-per-iter=0.0385 sec, pred_offsets=
Iteration 25:
	Resid=238533.231163, sigmaZ 7.081157, t-per-iter=0.0385 sec, pred_offsets=
Iteration 26:
	Resid=238533.231157, sigmaZ 7.081157, t-per-iter=0.0387 sec, pred_offsets=
Final Iteration 26:
	Resid=238533.231157, sigmaZ 7.081157
Saved detector model to _geom.out/diffBragg_detector.expt
RANK0000 | 2025-10-29 01:12:13,889 | Number of ROIS that will proceed to refinement: 87/92
RANK0000 | 2025-10-29 01:12:13,906 | Setting initial mosaicity from params.init.eta_abc: 0.000000 0.000000 0.000000
RANK0000 | 2025-10-29 01:12:13,906 | Number of mosaic domains from params: 1
RANK0000 | 2025-10-29 01:12:13,982 | Loaded simulator
RANK0000 | 2025-10-29 01:12:13,982 | Will not use mosaic models, as simulator.crystal.num_mosaicity_samples=1
Warning, crystal system not determined, assuming triclinic
RANK0000 | 2025-10-29 01:12:13,982 | Unit cell variable a_Ang (currently=27.359348) is bounded by 24.623414 and 30.095283
RANK0000 | 2025-10-29 01:12:13,982 | Unit cell variable b_Ang (currently=32.053346) is bounded by 28.848012 and 35.258681
RANK0000 | 2025-10-29 01:12:13,982 | Unit cell variable c_Ang (currently=34.447265) is bounded by 31.002539 and 37.891992
RANK0000 | 2025-10-29 01:12:13,982 | Unit cell variable alpha_rad (currently=1.548473) is bounded by 1.461207 and 1.635740
RANK0000 | 2025-10-29 01:12:13,982 | Unit cell variable beta_rad (currently=1.249642) is bounded by 1.162376 and 1.336909
RANK0000 | 2025-10-29 01:12:13,982 | Unit cell variable gamma_rad (currently=1.189223) is bounded by 1.101956 and 1.276489
Warning, crystal system not determined, assuming triclinic
RANK0000 | 2025-10-29 01:12:21,958 | Filtered 5 / 92 reflections which did not show peaks in model
RANK0000 | 2025-10-29 01:12:22,030 | Number of ROIS that will proceed to refinement: 87/92
RANK0000 | 2025-10-29 01:12:22,047 | Setting initial mosaicity from params.init.eta_abc: 0.000000 0.000000 0.000000
RANK0000 | 2025-10-29 01:12:22,048 | Number of mosaic domains from params: 1
RANK0000 | 2025-10-29 01:12:22,123 | Loaded simulator
RANK0000 | 2025-10-29 01:12:22,123 | Will not use mosaic models, as simulator.crystal.num_mosaicity_samples=1
Warning, crystal system not determined, assuming triclinic
RANK0000 | 2025-10-29 01:12:22,245 | Unit cell variable a_Ang (currently=27.360630) is bounded by 24.624567 and 30.096693
RANK0000 | 2025-10-29 01:12:22,245 | Unit cell variable b_Ang (currently=32.056401) is bounded by 28.850761 and 35.262041
RANK0000 | 2025-10-29 01:12:22,245 | Unit cell variable c_Ang (currently=34.454631) is bounded by 31.009168 and 37.900094
RANK0000 | 2025-10-29 01:12:22,245 | Unit cell variable alpha_rad (currently=1.548190) is bounded by 1.460924 and 1.635457
RANK0000 | 2025-10-29 01:12:22,245 | Unit cell variable beta_rad (currently=1.249321) is bounded by 1.162055 and 1.336588
RANK0000 | 2025-10-29 01:12:22,245 | Unit cell variable gamma_rad (currently=1.189194) is bounded by 1.101928 and 1.276461
Warning, crystal system not determined, assuming triclinic
RANK0000 | 2025-10-29 01:12:27,613 | Filtered 5 / 92 reflections which did not show peaks in model
Warning, crystal system not determined, assuming triclinic
Will optimize using 1 experiments
RANK0000 | 2025-10-29 01:12:27,739 | Loading nrefls per shot
RANK0000 | 2025-10-29 01:12:27,739 | Loading nrefls per shot
Found 1 shots originally, but only 1 had finite number of refls to model
RANK0000 | 2025-10-29 01:12:27,740 | EVENT: begin loading inputs
RANK0000 | 2025-10-29 01:12:27,740 | EVENT: begin loading inputs
RANK0000 | 2025-10-29 01:12:27,769 | Will use space group symbol P 1
RANK0000 | 2025-10-29 01:12:27,769 | Will use space group symbol P 1
RANK0000 | 2025-10-29 01:12:27,898 | EVENT: BEGIN loading experiment list
RANK0000 | 2025-10-29 01:12:27,898 | EVENT: BEGIN loading experiment list
RANK0000 | 2025-10-29 01:12:27,900 | EVENT: DONE loading experiment list
RANK0000 | 2025-10-29 01:12:27,900 | EVENT: DONE loading experiment list
Warning, crystal system not determined, assuming triclinic
RANK0000 | 2025-10-29 01:12:27,901 | EVENT: LOADING ROI DATA
RANK0000 | 2025-10-29 01:12:27,901 | EVENT: LOADING ROI DATA
RANK0000 | 2025-10-29 01:12:27,973 | Number of ROIS that will proceed to refinement: 87/92
RANK0000 | 2025-10-29 01:12:27,973 | Number of ROIS that will proceed to refinement: 87/92
RANK0000 | 2025-10-29 01:12:27,989 | Setting initial mosaicity from params.init.eta_abc: 0.000000 0.000000 0.000000
RANK0000 | 2025-10-29 01:12:27,989 | Setting initial mosaicity from params.init.eta_abc: 0.000000 0.000000 0.000000
RANK0000 | 2025-10-29 01:12:27,990 | Number of mosaic domains from params: 1
RANK0000 | 2025-10-29 01:12:27,990 | Number of mosaic domains from params: 1
RANK0000 | 2025-10-29 01:12:28,062 | Loaded simulator
RANK0000 | 2025-10-29 01:12:28,062 | Loaded simulator
RANK0000 | 2025-10-29 01:12:28,062 | Will not use mosaic models, as simulator.crystal.num_mosaicity_samples=1
RANK0000 | 2025-10-29 01:12:28,062 | Will not use mosaic models, as simulator.crystal.num_mosaicity_samples=1
RANK0000 | 2025-10-29 01:12:28,100 | EVENT: DONE LOADING ROI
RANK0000 | 2025-10-29 01:12:28,100 | EVENT: DONE LOADING ROI
RANK0000 | 2025-10-29 01:12:28,100 | Will simulate 1 energy channels
RANK0000 | 2025-10-29 01:12:28,100 | Will simulate 1 energy channels
RANK0000 | 2025-10-29 01:12:28,100 | Process memory usage: 1.408775 GB on node ollie-System-Product-Name
RANK0000 | 2025-10-29 01:12:28,100 | Process memory usage: 1.408775 GB on node ollie-System-Product-Name
RANK0000 | 2025-10-29 01:12:28,100 | Finished loading image 1 / 1 (1 / 1)
RANK0000 | 2025-10-29 01:12:28,100 | Finished loading image 1 / 1 (1 / 1)
Warning, crystal system not determined, assuming triclinic
RANK0000 | 2025-10-29 01:12:28,101 | DONE LOADING DATA; ENTER BARRIER
RANK0000 | 2025-10-29 01:12:28,101 | DONE LOADING DATA; ENTER BARRIER
RANK0000 | 2025-10-29 01:12:28,101 | DONE LOADING DATA; EXIT BARRIER
RANK0000 | 2025-10-29 01:12:28,101 | DONE LOADING DATA; EXIT BARRIER
RANK0000 | 2025-10-29 01:12:28,101 | Mem after panel groups: 1.408775 GB on node ollie-System-Product-Name
RANK0000 | 2025-10-29 01:12:28,101 | Mem after panel groups: 1.408775 GB on node ollie-System-Product-Name
RANK0000 | 2025-10-29 01:12:28,101 | EVENT: Gathering global HKL information
RANK0000 | 2025-10-29 01:12:28,101 | EVENT: Gathering global HKL information
RANK0000 | 2025-10-29 01:12:28,203 | EVENT: FINISHED gather global HKL information
RANK0000 | 2025-10-29 01:12:28,203 | EVENT: FINISHED gather global HKL information
RANK0000 | 2025-10-29 01:12:28,203 | Mem after gather Hi info: 1.408775 GB on node ollie-System-Product-Name
RANK0000 | 2025-10-29 01:12:28,203 | Mem after gather Hi info: 1.408775 GB on node ollie-System-Product-Name
RANK0000 | 2025-10-29 01:12:28,203 | BEGIN DETERMINE MAX PIX
RANK0000 | 2025-10-29 01:12:28,203 | BEGIN DETERMINE MAX PIX
RANK0000 | 2025-10-29 01:12:28,204 | Rank 0, max pix to be modeled: 8700
RANK0000 | 2025-10-29 01:12:28,204 | Rank 0, max pix to be modeled: 8700
RANK0000 | 2025-10-29 01:12:28,204 | DONE DETERMINE MAX PIX
RANK0000 | 2025-10-29 01:12:28,204 | DONE DETERMINE MAX PIX
RANK0000 | 2025-10-29 01:12:28,204 | Mem after determine max num pix: 1.408775 GB on node ollie-System-Product-Name
RANK0000 | 2025-10-29 01:12:28,204 | Mem after determine max num pix: 1.408775 GB on node ollie-System-Product-Name
RANK0000 | 2025-10-29 01:12:28,204 | Mem after load_inputs: 1.408775 GB on node ollie-System-Product-Name
RANK0000 | 2025-10-29 01:12:28,204 | Mem after load_inputs: 1.408775 GB on node ollie-System-Product-Name
How many pixels each rank will allocate for on its device:
(rnk0, dev0): 8700 pix
Iteration 1:
	Resid=196671.570325, sigmaZ 6.350951, t-per-iter=0.0341 sec, pred_offsets=
Iteration 2:
	Resid=242302147.656740, sigmaZ 235.408820, t-per-iter=0.0347 sec, pred_offsets=
Iteration 3:
	Resid=805570.959822, sigmaZ 13.432254, t-per-iter=0.0343 sec, pred_offsets=
Iteration 4:
	Resid=196811.775607, sigmaZ 6.353449, t-per-iter=0.0340 sec, pred_offsets=
Iteration 5:
	Resid=196564.932011, sigmaZ 6.348993, t-per-iter=0.0339 sec, pred_offsets=
Iteration 6:
	Resid=196417.905937, sigmaZ 6.346304, t-per-iter=0.0338 sec, pred_offsets=
Iteration 7:
	Resid=196253.225548, sigmaZ 6.343294, t-per-iter=0.0337 sec, pred_offsets=
Iteration 8:
	Resid=196238.495109, sigmaZ 6.343037, t-per-iter=0.0337 sec, pred_offsets=
Iteration 9:
	Resid=196238.031668, sigmaZ 6.343031, t-per-iter=0.0336 sec, pred_offsets=
Iteration 10:
	Resid=196238.015540, sigmaZ 6.343031, t-per-iter=0.0336 sec, pred_offsets=
Iteration 11:
	Resid=196237.963647, sigmaZ 6.343031, t-per-iter=0.0336 sec, pred_offsets=
Iteration 12:
	Resid=196237.828395, sigmaZ 6.343028, t-per-iter=0.0336 sec, pred_offsets=
Iteration 13:
	Resid=196237.793065, sigmaZ 6.343027, t-per-iter=0.0336 sec, pred_offsets=
Iteration 14:
	Resid=196237.792552, sigmaZ 6.343027, t-per-iter=0.0335 sec, pred_offsets=
Iteration 15:
	Resid=196237.792540, sigmaZ 6.343027, t-per-iter=0.0335 sec, pred_offsets=
Final Iteration 15:
	Resid=196237.792540, sigmaZ 6.343027
Saved detector model to _geom.out/diffBragg_detector.expt
RANK0000 | 2025-10-29 01:12:28,775 | Number of ROIS that will proceed to refinement: 87/92
RANK0000 | 2025-10-29 01:12:28,775 | Number of ROIS that will proceed to refinement: 87/92
RANK0000 | 2025-10-29 01:12:28,792 | Setting initial mosaicity from params.init.eta_abc: 0.000000 0.000000 0.000000
RANK0000 | 2025-10-29 01:12:28,792 | Setting initial mosaicity from params.init.eta_abc: 0.000000 0.000000 0.000000
RANK0000 | 2025-10-29 01:12:28,792 | Number of mosaic domains from params: 1
RANK0000 | 2025-10-29 01:12:28,792 | Number of mosaic domains from params: 1
RANK0000 | 2025-10-29 01:12:28,864 | Loaded simulator
RANK0000 | 2025-10-29 01:12:28,864 | Loaded simulator
RANK0000 | 2025-10-29 01:12:28,864 | Will not use mosaic models, as simulator.crystal.num_mosaicity_samples=1
RANK0000 | 2025-10-29 01:12:28,864 | Will not use mosaic models, as simulator.crystal.num_mosaicity_samples=1
Warning, crystal system not determined, assuming triclinic
RANK0000 | 2025-10-29 01:12:28,865 | Unit cell variable a_Ang (currently=27.360630) is bounded by 24.624567 and 30.096693
RANK0000 | 2025-10-29 01:12:28,865 | Unit cell variable a_Ang (currently=27.360630) is bounded by 24.624567 and 30.096693
RANK0000 | 2025-10-29 01:12:28,865 | Unit cell variable b_Ang (currently=32.056401) is bounded by 28.850761 and 35.262041
RANK0000 | 2025-10-29 01:12:28,865 | Unit cell variable b_Ang (currently=32.056401) is bounded by 28.850761 and 35.262041
RANK0000 | 2025-10-29 01:12:28,865 | Unit cell variable c_Ang (currently=34.454631) is bounded by 31.009168 and 37.900094
RANK0000 | 2025-10-29 01:12:28,865 | Unit cell variable c_Ang (currently=34.454631) is bounded by 31.009168 and 37.900094
RANK0000 | 2025-10-29 01:12:28,865 | Unit cell variable alpha_rad (currently=1.548190) is bounded by 1.460924 and 1.635457
RANK0000 | 2025-10-29 01:12:28,865 | Unit cell variable alpha_rad (currently=1.548190) is bounded by 1.460924 and 1.635457
RANK0000 | 2025-10-29 01:12:28,865 | Unit cell variable beta_rad (currently=1.249321) is bounded by 1.162055 and 1.336588
RANK0000 | 2025-10-29 01:12:28,865 | Unit cell variable beta_rad (currently=1.249321) is bounded by 1.162055 and 1.336588
RANK0000 | 2025-10-29 01:12:28,865 | Unit cell variable gamma_rad (currently=1.189194) is bounded by 1.101928 and 1.276461
RANK0000 | 2025-10-29 01:12:28,865 | Unit cell variable gamma_rad (currently=1.189194) is bounded by 1.101928 and 1.276461
Warning, crystal system not determined, assuming triclinic
RANK0000 | 2025-10-29 01:12:36,506 | Filtered 5 / 92 reflections which did not show peaks in model
RANK0000 | 2025-10-29 01:12:36,506 | Filtered 5 / 92 reflections which did not show peaks in model
RANK0000 | 2025-10-29 01:12:36,579 | Number of ROIS that will proceed to refinement: 87/92
RANK0000 | 2025-10-29 01:12:36,579 | Number of ROIS that will proceed to refinement: 87/92
RANK0000 | 2025-10-29 01:12:36,596 | Setting initial mosaicity from params.init.eta_abc: 0.000000 0.000000 0.000000
RANK0000 | 2025-10-29 01:12:36,596 | Setting initial mosaicity from params.init.eta_abc: 0.000000 0.000000 0.000000
RANK0000 | 2025-10-29 01:12:36,596 | Number of mosaic domains from params: 1
RANK0000 | 2025-10-29 01:12:36,596 | Number of mosaic domains from params: 1
RANK0000 | 2025-10-29 01:12:36,668 | Loaded simulator
RANK0000 | 2025-10-29 01:12:36,668 | Loaded simulator
RANK0000 | 2025-10-29 01:12:36,668 | Will not use mosaic models, as simulator.crystal.num_mosaicity_samples=1
RANK0000 | 2025-10-29 01:12:36,668 | Will not use mosaic models, as simulator.crystal.num_mosaicity_samples=1
Warning, crystal system not determined, assuming triclinic
RANK0000 | 2025-10-29 01:12:36,778 | Unit cell variable a_Ang (currently=27.361913) is bounded by 24.625722 and 30.098104
RANK0000 | 2025-10-29 01:12:36,778 | Unit cell variable a_Ang (currently=27.361913) is bounded by 24.625722 and 30.098104
RANK0000 | 2025-10-29 01:12:36,778 | Unit cell variable b_Ang (currently=32.057135) is bounded by 28.851422 and 35.262849
RANK0000 | 2025-10-29 01:12:36,778 | Unit cell variable b_Ang (currently=32.057135) is bounded by 28.851422 and 35.262849
RANK0000 | 2025-10-29 01:12:36,778 | Unit cell variable c_Ang (currently=34.460611) is bounded by 31.014549 and 37.906672
RANK0000 | 2025-10-29 01:12:36,778 | Unit cell variable c_Ang (currently=34.460611) is bounded by 31.014549 and 37.906672
RANK0000 | 2025-10-29 01:12:36,778 | Unit cell variable alpha_rad (currently=1.547960) is bounded by 1.460693 and 1.635226
RANK0000 | 2025-10-29 01:12:36,778 | Unit cell variable alpha_rad (currently=1.547960) is bounded by 1.460693 and 1.635226
RANK0000 | 2025-10-29 01:12:36,778 | Unit cell variable beta_rad (currently=1.249104) is bounded by 1.161838 and 1.336371
RANK0000 | 2025-10-29 01:12:36,778 | Unit cell variable beta_rad (currently=1.249104) is bounded by 1.161838 and 1.336371
RANK0000 | 2025-10-29 01:12:36,778 | Unit cell variable gamma_rad (currently=1.189102) is bounded by 1.101836 and 1.276369
RANK0000 | 2025-10-29 01:12:36,778 | Unit cell variable gamma_rad (currently=1.189102) is bounded by 1.101836 and 1.276369
Warning, crystal system not determined, assuming triclinic
RANK0000 | 2025-10-29 01:12:42,147 | Filtered 5 / 92 reflections which did not show peaks in model
RANK0000 | 2025-10-29 01:12:42,147 | Filtered 5 / 92 reflections which did not show peaks in model
Warning, crystal system not determined, assuming triclinic
Will optimize using 1 experiments
RANK0000 | 2025-10-29 01:12:42,276 | Loading nrefls per shot
RANK0000 | 2025-10-29 01:12:42,276 | Loading nrefls per shot
RANK0000 | 2025-10-29 01:12:42,276 | Loading nrefls per shot
Found 1 shots originally, but only 1 had finite number of refls to model
RANK0000 | 2025-10-29 01:12:42,277 | EVENT: begin loading inputs
RANK0000 | 2025-10-29 01:12:42,277 | EVENT: begin loading inputs
RANK0000 | 2025-10-29 01:12:42,277 | EVENT: begin loading inputs
RANK0000 | 2025-10-29 01:12:42,306 | Will use space group symbol P 1
RANK0000 | 2025-10-29 01:12:42,306 | Will use space group symbol P 1
RANK0000 | 2025-10-29 01:12:42,306 | Will use space group symbol P 1
RANK0000 | 2025-10-29 01:12:42,435 | EVENT: BEGIN loading experiment list
RANK0000 | 2025-10-29 01:12:42,435 | EVENT: BEGIN loading experiment list
RANK0000 | 2025-10-29 01:12:42,435 | EVENT: BEGIN loading experiment list
RANK0000 | 2025-10-29 01:12:42,437 | EVENT: DONE loading experiment list
RANK0000 | 2025-10-29 01:12:42,437 | EVENT: DONE loading experiment list
RANK0000 | 2025-10-29 01:12:42,437 | EVENT: DONE loading experiment list
Warning, crystal system not determined, assuming triclinic
RANK0000 | 2025-10-29 01:12:42,438 | EVENT: LOADING ROI DATA
RANK0000 | 2025-10-29 01:12:42,438 | EVENT: LOADING ROI DATA
RANK0000 | 2025-10-29 01:12:42,438 | EVENT: LOADING ROI DATA
RANK0000 | 2025-10-29 01:12:42,499 | Number of ROIS that will proceed to refinement: 87/92
RANK0000 | 2025-10-29 01:12:42,499 | Number of ROIS that will proceed to refinement: 87/92
RANK0000 | 2025-10-29 01:12:42,499 | Number of ROIS that will proceed to refinement: 87/92
RANK0000 | 2025-10-29 01:12:42,516 | Setting initial mosaicity from params.init.eta_abc: 0.000000 0.000000 0.000000
RANK0000 | 2025-10-29 01:12:42,516 | Setting initial mosaicity from params.init.eta_abc: 0.000000 0.000000 0.000000
RANK0000 | 2025-10-29 01:12:42,516 | Setting initial mosaicity from params.init.eta_abc: 0.000000 0.000000 0.000000
RANK0000 | 2025-10-29 01:12:42,516 | Number of mosaic domains from params: 1
RANK0000 | 2025-10-29 01:12:42,516 | Number of mosaic domains from params: 1
RANK0000 | 2025-10-29 01:12:42,516 | Number of mosaic domains from params: 1
RANK0000 | 2025-10-29 01:12:42,591 | Loaded simulator
RANK0000 | 2025-10-29 01:12:42,591 | Loaded simulator
RANK0000 | 2025-10-29 01:12:42,591 | Loaded simulator
RANK0000 | 2025-10-29 01:12:42,591 | Will not use mosaic models, as simulator.crystal.num_mosaicity_samples=1
RANK0000 | 2025-10-29 01:12:42,591 | Will not use mosaic models, as simulator.crystal.num_mosaicity_samples=1
RANK0000 | 2025-10-29 01:12:42,591 | Will not use mosaic models, as simulator.crystal.num_mosaicity_samples=1
RANK0000 | 2025-10-29 01:12:42,629 | EVENT: DONE LOADING ROI
RANK0000 | 2025-10-29 01:12:42,629 | EVENT: DONE LOADING ROI
RANK0000 | 2025-10-29 01:12:42,629 | EVENT: DONE LOADING ROI
RANK0000 | 2025-10-29 01:12:42,630 | Will simulate 1 energy channels
RANK0000 | 2025-10-29 01:12:42,630 | Will simulate 1 energy channels
RANK0000 | 2025-10-29 01:12:42,630 | Will simulate 1 energy channels
RANK0000 | 2025-10-29 01:12:42,630 | Process memory usage: 1.486885 GB on node ollie-System-Product-Name
RANK0000 | 2025-10-29 01:12:42,630 | Process memory usage: 1.486885 GB on node ollie-System-Product-Name
RANK0000 | 2025-10-29 01:12:42,630 | Process memory usage: 1.486885 GB on node ollie-System-Product-Name
RANK0000 | 2025-10-29 01:12:42,630 | Finished loading image 1 / 1 (1 / 1)
RANK0000 | 2025-10-29 01:12:42,630 | Finished loading image 1 / 1 (1 / 1)
RANK0000 | 2025-10-29 01:12:42,630 | Finished loading image 1 / 1 (1 / 1)
Warning, crystal system not determined, assuming triclinic
RANK0000 | 2025-10-29 01:12:42,630 | DONE LOADING DATA; ENTER BARRIER
RANK0000 | 2025-10-29 01:12:42,630 | DONE LOADING DATA; ENTER BARRIER
RANK0000 | 2025-10-29 01:12:42,630 | DONE LOADING DATA; ENTER BARRIER
RANK0000 | 2025-10-29 01:12:42,630 | DONE LOADING DATA; EXIT BARRIER
RANK0000 | 2025-10-29 01:12:42,630 | DONE LOADING DATA; EXIT BARRIER
RANK0000 | 2025-10-29 01:12:42,630 | DONE LOADING DATA; EXIT BARRIER
RANK0000 | 2025-10-29 01:12:42,631 | Mem after panel groups: 1.486885 GB on node ollie-System-Product-Name
RANK0000 | 2025-10-29 01:12:42,631 | Mem after panel groups: 1.486885 GB on node ollie-System-Product-Name
RANK0000 | 2025-10-29 01:12:42,631 | Mem after panel groups: 1.486885 GB on node ollie-System-Product-Name
RANK0000 | 2025-10-29 01:12:42,631 | EVENT: Gathering global HKL information
RANK0000 | 2025-10-29 01:12:42,631 | EVENT: Gathering global HKL information
RANK0000 | 2025-10-29 01:12:42,631 | EVENT: Gathering global HKL information
RANK0000 | 2025-10-29 01:12:42,733 | EVENT: FINISHED gather global HKL information
RANK0000 | 2025-10-29 01:12:42,733 | EVENT: FINISHED gather global HKL information
RANK0000 | 2025-10-29 01:12:42,733 | EVENT: FINISHED gather global HKL information
RANK0000 | 2025-10-29 01:12:42,733 | Mem after gather Hi info: 1.486885 GB on node ollie-System-Product-Name
RANK0000 | 2025-10-29 01:12:42,733 | Mem after gather Hi info: 1.486885 GB on node ollie-System-Product-Name
RANK0000 | 2025-10-29 01:12:42,733 | Mem after gather Hi info: 1.486885 GB on node ollie-System-Product-Name
RANK0000 | 2025-10-29 01:12:42,733 | BEGIN DETERMINE MAX PIX
RANK0000 | 2025-10-29 01:12:42,733 | BEGIN DETERMINE MAX PIX
RANK0000 | 2025-10-29 01:12:42,733 | BEGIN DETERMINE MAX PIX
RANK0000 | 2025-10-29 01:12:42,733 | Rank 0, max pix to be modeled: 8700
RANK0000 | 2025-10-29 01:12:42,733 | Rank 0, max pix to be modeled: 8700
RANK0000 | 2025-10-29 01:12:42,733 | Rank 0, max pix to be modeled: 8700
RANK0000 | 2025-10-29 01:12:42,734 | DONE DETERMINE MAX PIX
RANK0000 | 2025-10-29 01:12:42,734 | DONE DETERMINE MAX PIX
RANK0000 | 2025-10-29 01:12:42,734 | DONE DETERMINE MAX PIX
RANK0000 | 2025-10-29 01:12:42,734 | Mem after determine max num pix: 1.486885 GB on node ollie-System-Product-Name
RANK0000 | 2025-10-29 01:12:42,734 | Mem after determine max num pix: 1.486885 GB on node ollie-System-Product-Name
RANK0000 | 2025-10-29 01:12:42,734 | Mem after determine max num pix: 1.486885 GB on node ollie-System-Product-Name
RANK0000 | 2025-10-29 01:12:42,734 | Mem after load_inputs: 1.486885 GB on node ollie-System-Product-Name
RANK0000 | 2025-10-29 01:12:42,734 | Mem after load_inputs: 1.486885 GB on node ollie-System-Product-Name
RANK0000 | 2025-10-29 01:12:42,734 | Mem after load_inputs: 1.486885 GB on node ollie-System-Product-Name
How many pixels each rank will allocate for on its device:
(rnk0, dev0): 8700 pix
Iteration 1:
	Resid=194883.865392, sigmaZ 6.316807, t-per-iter=0.0394 sec, pred_offsets=
Iteration 2:
	Resid=281312961.088808, sigmaZ 253.543820, t-per-iter=0.0394 sec, pred_offsets=
Iteration 3:
	Resid=281520423.866935, sigmaZ 253.642791, t-per-iter=0.0392 sec, pred_offsets=
Iteration 4:
	Resid=194855.910703, sigmaZ 6.316292, t-per-iter=0.0391 sec, pred_offsets=
Iteration 5:
	Resid=194688.460202, sigmaZ 6.313175, t-per-iter=0.0390 sec, pred_offsets=
Iteration 6:
	Resid=194679.792380, sigmaZ 6.312971, t-per-iter=0.0390 sec, pred_offsets=
Iteration 7:
	Resid=194609.006092, sigmaZ 6.311699, t-per-iter=0.0389 sec, pred_offsets=
Iteration 8:
	Resid=194599.562163, sigmaZ 6.311531, t-per-iter=0.0389 sec, pred_offsets=
Iteration 9:
	Resid=194588.164256, sigmaZ 6.311336, t-per-iter=0.0388 sec, pred_offsets=
Iteration 10:
	Resid=194587.469055, sigmaZ 6.311324, t-per-iter=0.0388 sec, pred_offsets=
Iteration 11:
	Resid=194585.234090, sigmaZ 6.311284, t-per-iter=0.0389 sec, pred_offsets=
Iteration 12:
	Resid=194580.377991, sigmaZ 6.311192, t-per-iter=0.0389 sec, pred_offsets=
Iteration 13:
	Resid=194579.264923, sigmaZ 6.311167, t-per-iter=0.0389 sec, pred_offsets=
Iteration 14:
	Resid=194579.143016, sigmaZ 6.311164, t-per-iter=0.0389 sec, pred_offsets=
Iteration 15:
	Resid=194579.073301, sigmaZ 6.311162, t-per-iter=0.0389 sec, pred_offsets=
Iteration 16:
	Resid=194578.992152, sigmaZ 6.311160, t-per-iter=0.0389 sec, pred_offsets=
Iteration 17:
	Resid=194578.981575, sigmaZ 6.311160, t-per-iter=0.0388 sec, pred_offsets=
Iteration 18:
	Resid=194578.981080, sigmaZ 6.311160, t-per-iter=0.0388 sec, pred_offsets=
Iteration 19:
	Resid=194578.981074, sigmaZ 6.311160, t-per-iter=0.0388 sec, pred_offsets=
Final Iteration 19:
	Resid=194578.981074, sigmaZ 6.311160
Saved detector model to _geom.out/diffBragg_detector.expt
RANK0000 | 2025-10-29 01:12:43,546 | Number of ROIS that will proceed to refinement: 87/92
RANK0000 | 2025-10-29 01:12:43,546 | Number of ROIS that will proceed to refinement: 87/92
RANK0000 | 2025-10-29 01:12:43,546 | Number of ROIS that will proceed to refinement: 87/92
RANK0000 | 2025-10-29 01:12:43,563 | Setting initial mosaicity from params.init.eta_abc: 0.000000 0.000000 0.000000
RANK0000 | 2025-10-29 01:12:43,563 | Setting initial mosaicity from params.init.eta_abc: 0.000000 0.000000 0.000000
RANK0000 | 2025-10-29 01:12:43,563 | Setting initial mosaicity from params.init.eta_abc: 0.000000 0.000000 0.000000
RANK0000 | 2025-10-29 01:12:43,563 | Number of mosaic domains from params: 1
RANK0000 | 2025-10-29 01:12:43,563 | Number of mosaic domains from params: 1
RANK0000 | 2025-10-29 01:12:43,563 | Number of mosaic domains from params: 1
RANK0000 | 2025-10-29 01:12:43,635 | Loaded simulator
RANK0000 | 2025-10-29 01:12:43,635 | Loaded simulator
RANK0000 | 2025-10-29 01:12:43,635 | Loaded simulator
RANK0000 | 2025-10-29 01:12:43,635 | Will not use mosaic models, as simulator.crystal.num_mosaicity_samples=1
RANK0000 | 2025-10-29 01:12:43,635 | Will not use mosaic models, as simulator.crystal.num_mosaicity_samples=1
RANK0000 | 2025-10-29 01:12:43,635 | Will not use mosaic models, as simulator.crystal.num_mosaicity_samples=1
Warning, crystal system not determined, assuming triclinic
RANK0000 | 2025-10-29 01:12:43,636 | Unit cell variable a_Ang (currently=27.361913) is bounded by 24.625722 and 30.098104
RANK0000 | 2025-10-29 01:12:43,636 | Unit cell variable a_Ang (currently=27.361913) is bounded by 24.625722 and 30.098104
RANK0000 | 2025-10-29 01:12:43,636 | Unit cell variable a_Ang (currently=27.361913) is bounded by 24.625722 and 30.098104
RANK0000 | 2025-10-29 01:12:43,636 | Unit cell variable b_Ang (currently=32.057135) is bounded by 28.851422 and 35.262849
RANK0000 | 2025-10-29 01:12:43,636 | Unit cell variable b_Ang (currently=32.057135) is bounded by 28.851422 and 35.262849
RANK0000 | 2025-10-29 01:12:43,636 | Unit cell variable b_Ang (currently=32.057135) is bounded by 28.851422 and 35.262849
RANK0000 | 2025-10-29 01:12:43,636 | Unit cell variable c_Ang (currently=34.460611) is bounded by 31.014549 and 37.906672
RANK0000 | 2025-10-29 01:12:43,636 | Unit cell variable c_Ang (currently=34.460611) is bounded by 31.014549 and 37.906672
RANK0000 | 2025-10-29 01:12:43,636 | Unit cell variable c_Ang (currently=34.460611) is bounded by 31.014549 and 37.906672
RANK0000 | 2025-10-29 01:12:43,636 | Unit cell variable alpha_rad (currently=1.547960) is bounded by 1.460693 and 1.635226
RANK0000 | 2025-10-29 01:12:43,636 | Unit cell variable alpha_rad (currently=1.547960) is bounded by 1.460693 and 1.635226
RANK0000 | 2025-10-29 01:12:43,636 | Unit cell variable alpha_rad (currently=1.547960) is bounded by 1.460693 and 1.635226
RANK0000 | 2025-10-29 01:12:43,636 | Unit cell variable beta_rad (currently=1.249104) is bounded by 1.161838 and 1.336371
RANK0000 | 2025-10-29 01:12:43,636 | Unit cell variable beta_rad (currently=1.249104) is bounded by 1.161838 and 1.336371
RANK0000 | 2025-10-29 01:12:43,636 | Unit cell variable beta_rad (currently=1.249104) is bounded by 1.161838 and 1.336371
RANK0000 | 2025-10-29 01:12:43,636 | Unit cell variable gamma_rad (currently=1.189102) is bounded by 1.101836 and 1.276369
RANK0000 | 2025-10-29 01:12:43,636 | Unit cell variable gamma_rad (currently=1.189102) is bounded by 1.101836 and 1.276369
RANK0000 | 2025-10-29 01:12:43,636 | Unit cell variable gamma_rad (currently=1.189102) is bounded by 1.101836 and 1.276369
Warning, crystal system not determined, assuming triclinic
RANK0000 | 2025-10-29 01:12:50,612 | Filtered 5 / 92 reflections which did not show peaks in model
RANK0000 | 2025-10-29 01:12:50,612 | Filtered 5 / 92 reflections which did not show peaks in model
RANK0000 | 2025-10-29 01:12:50,612 | Filtered 5 / 92 reflections which did not show peaks in model
RANK0000 | 2025-10-29 01:12:50,682 | Number of ROIS that will proceed to refinement: 87/92
RANK0000 | 2025-10-29 01:12:50,682 | Number of ROIS that will proceed to refinement: 87/92
RANK0000 | 2025-10-29 01:12:50,682 | Number of ROIS that will proceed to refinement: 87/92
RANK0000 | 2025-10-29 01:12:50,699 | Setting initial mosaicity from params.init.eta_abc: 0.000000 0.000000 0.000000
RANK0000 | 2025-10-29 01:12:50,699 | Setting initial mosaicity from params.init.eta_abc: 0.000000 0.000000 0.000000
RANK0000 | 2025-10-29 01:12:50,699 | Setting initial mosaicity from params.init.eta_abc: 0.000000 0.000000 0.000000
RANK0000 | 2025-10-29 01:12:50,699 | Number of mosaic domains from params: 1
RANK0000 | 2025-10-29 01:12:50,699 | Number of mosaic domains from params: 1
RANK0000 | 2025-10-29 01:12:50,699 | Number of mosaic domains from params: 1
RANK0000 | 2025-10-29 01:12:50,778 | Loaded simulator
RANK0000 | 2025-10-29 01:12:50,778 | Loaded simulator
RANK0000 | 2025-10-29 01:12:50,778 | Loaded simulator
RANK0000 | 2025-10-29 01:12:50,778 | Will not use mosaic models, as simulator.crystal.num_mosaicity_samples=1
RANK0000 | 2025-10-29 01:12:50,778 | Will not use mosaic models, as simulator.crystal.num_mosaicity_samples=1
RANK0000 | 2025-10-29 01:12:50,778 | Will not use mosaic models, as simulator.crystal.num_mosaicity_samples=1
Warning, crystal system not determined, assuming triclinic
RANK0000 | 2025-10-29 01:12:50,888 | Unit cell variable a_Ang (currently=27.363182) is bounded by 24.626864 and 30.099500
RANK0000 | 2025-10-29 01:12:50,888 | Unit cell variable a_Ang (currently=27.363182) is bounded by 24.626864 and 30.099500
RANK0000 | 2025-10-29 01:12:50,888 | Unit cell variable a_Ang (currently=27.363182) is bounded by 24.626864 and 30.099500
RANK0000 | 2025-10-29 01:12:50,888 | Unit cell variable b_Ang (currently=32.057429) is bounded by 28.851686 and 35.263172
RANK0000 | 2025-10-29 01:12:50,888 | Unit cell variable b_Ang (currently=32.057429) is bounded by 28.851686 and 35.263172
RANK0000 | 2025-10-29 01:12:50,888 | Unit cell variable b_Ang (currently=32.057429) is bounded by 28.851686 and 35.263172
RANK0000 | 2025-10-29 01:12:50,888 | Unit cell variable c_Ang (currently=34.465451) is bounded by 31.018906 and 37.911996
RANK0000 | 2025-10-29 01:12:50,888 | Unit cell variable c_Ang (currently=34.465451) is bounded by 31.018906 and 37.911996
RANK0000 | 2025-10-29 01:12:50,888 | Unit cell variable c_Ang (currently=34.465451) is bounded by 31.018906 and 37.911996
RANK0000 | 2025-10-29 01:12:50,888 | Unit cell variable alpha_rad (currently=1.547776) is bounded by 1.460509 and 1.635042
RANK0000 | 2025-10-29 01:12:50,888 | Unit cell variable alpha_rad (currently=1.547776) is bounded by 1.460509 and 1.635042
RANK0000 | 2025-10-29 01:12:50,888 | Unit cell variable alpha_rad (currently=1.547776) is bounded by 1.460509 and 1.635042
RANK0000 | 2025-10-29 01:12:50,888 | Unit cell variable beta_rad (currently=1.248921) is bounded by 1.161655 and 1.336188
RANK0000 | 2025-10-29 01:12:50,888 | Unit cell variable beta_rad (currently=1.248921) is bounded by 1.161655 and 1.336188
RANK0000 | 2025-10-29 01:12:50,888 | Unit cell variable beta_rad (currently=1.248921) is bounded by 1.161655 and 1.336188
RANK0000 | 2025-10-29 01:12:50,888 | Unit cell variable gamma_rad (currently=1.189029) is bounded by 1.101762 and 1.276295
RANK0000 | 2025-10-29 01:12:50,888 | Unit cell variable gamma_rad (currently=1.189029) is bounded by 1.101762 and 1.276295
RANK0000 | 2025-10-29 01:12:50,888 | Unit cell variable gamma_rad (currently=1.189029) is bounded by 1.101762 and 1.276295
Warning, crystal system not determined, assuming triclinic
RANK0000 | 2025-10-29 01:12:56,240 | Filtered 5 / 92 reflections which did not show peaks in model
RANK0000 | 2025-10-29 01:12:56,240 | Filtered 5 / 92 reflections which did not show peaks in model
RANK0000 | 2025-10-29 01:12:56,240 | Filtered 5 / 92 reflections which did not show peaks in model
Warning, crystal system not determined, assuming triclinic
Will optimize using 1 experiments
RANK0000 | 2025-10-29 01:12:56,374 | Loading nrefls per shot
RANK0000 | 2025-10-29 01:12:56,374 | Loading nrefls per shot
RANK0000 | 2025-10-29 01:12:56,374 | Loading nrefls per shot
RANK0000 | 2025-10-29 01:12:56,374 | Loading nrefls per shot
Found 1 shots originally, but only 1 had finite number of refls to model
RANK0000 | 2025-10-29 01:12:56,375 | EVENT: begin loading inputs
RANK0000 | 2025-10-29 01:12:56,375 | EVENT: begin loading inputs
RANK0000 | 2025-10-29 01:12:56,375 | EVENT: begin loading inputs
RANK0000 | 2025-10-29 01:12:56,375 | EVENT: begin loading inputs
RANK0000 | 2025-10-29 01:12:56,404 | Will use space group symbol P 1
RANK0000 | 2025-10-29 01:12:56,404 | Will use space group symbol P 1
RANK0000 | 2025-10-29 01:12:56,404 | Will use space group symbol P 1
RANK0000 | 2025-10-29 01:12:56,404 | Will use space group symbol P 1
RANK0000 | 2025-10-29 01:12:56,534 | EVENT: BEGIN loading experiment list
RANK0000 | 2025-10-29 01:12:56,534 | EVENT: BEGIN loading experiment list
RANK0000 | 2025-10-29 01:12:56,534 | EVENT: BEGIN loading experiment list
RANK0000 | 2025-10-29 01:12:56,534 | EVENT: BEGIN loading experiment list
RANK0000 | 2025-10-29 01:12:56,535 | EVENT: DONE loading experiment list
RANK0000 | 2025-10-29 01:12:56,535 | EVENT: DONE loading experiment list
RANK0000 | 2025-10-29 01:12:56,535 | EVENT: DONE loading experiment list
RANK0000 | 2025-10-29 01:12:56,535 | EVENT: DONE loading experiment list
Warning, crystal system not determined, assuming triclinic
RANK0000 | 2025-10-29 01:12:56,537 | EVENT: LOADING ROI DATA
RANK0000 | 2025-10-29 01:12:56,537 | EVENT: LOADING ROI DATA
RANK0000 | 2025-10-29 01:12:56,537 | EVENT: LOADING ROI DATA
RANK0000 | 2025-10-29 01:12:56,537 | EVENT: LOADING ROI DATA
RANK0000 | 2025-10-29 01:12:56,601 | Number of ROIS that will proceed to refinement: 87/92
RANK0000 | 2025-10-29 01:12:56,601 | Number of ROIS that will proceed to refinement: 87/92
RANK0000 | 2025-10-29 01:12:56,601 | Number of ROIS that will proceed to refinement: 87/92
RANK0000 | 2025-10-29 01:12:56,601 | Number of ROIS that will proceed to refinement: 87/92
RANK0000 | 2025-10-29 01:12:56,618 | Setting initial mosaicity from params.init.eta_abc: 0.000000 0.000000 0.000000
RANK0000 | 2025-10-29 01:12:56,618 | Setting initial mosaicity from params.init.eta_abc: 0.000000 0.000000 0.000000
RANK0000 | 2025-10-29 01:12:56,618 | Setting initial mosaicity from params.init.eta_abc: 0.000000 0.000000 0.000000
RANK0000 | 2025-10-29 01:12:56,618 | Setting initial mosaicity from params.init.eta_abc: 0.000000 0.000000 0.000000
RANK0000 | 2025-10-29 01:12:56,618 | Number of mosaic domains from params: 1
RANK0000 | 2025-10-29 01:12:56,618 | Number of mosaic domains from params: 1
RANK0000 | 2025-10-29 01:12:56,618 | Number of mosaic domains from params: 1
RANK0000 | 2025-10-29 01:12:56,618 | Number of mosaic domains from params: 1
RANK0000 | 2025-10-29 01:12:56,689 | Loaded simulator
RANK0000 | 2025-10-29 01:12:56,689 | Loaded simulator
RANK0000 | 2025-10-29 01:12:56,689 | Loaded simulator
RANK0000 | 2025-10-29 01:12:56,689 | Loaded simulator
RANK0000 | 2025-10-29 01:12:56,689 | Will not use mosaic models, as simulator.crystal.num_mosaicity_samples=1
RANK0000 | 2025-10-29 01:12:56,689 | Will not use mosaic models, as simulator.crystal.num_mosaicity_samples=1
RANK0000 | 2025-10-29 01:12:56,689 | Will not use mosaic models, as simulator.crystal.num_mosaicity_samples=1
RANK0000 | 2025-10-29 01:12:56,689 | Will not use mosaic models, as simulator.crystal.num_mosaicity_samples=1
RANK0000 | 2025-10-29 01:12:56,728 | EVENT: DONE LOADING ROI
RANK0000 | 2025-10-29 01:12:56,728 | EVENT: DONE LOADING ROI
RANK0000 | 2025-10-29 01:12:56,728 | EVENT: DONE LOADING ROI
RANK0000 | 2025-10-29 01:12:56,728 | EVENT: DONE LOADING ROI
RANK0000 | 2025-10-29 01:12:56,729 | Will simulate 1 energy channels
RANK0000 | 2025-10-29 01:12:56,729 | Will simulate 1 energy channels
RANK0000 | 2025-10-29 01:12:56,729 | Will simulate 1 energy channels
RANK0000 | 2025-10-29 01:12:56,729 | Will simulate 1 energy channels
RANK0000 | 2025-10-29 01:12:56,729 | Process memory usage: 1.626930 GB on node ollie-System-Product-Name
RANK0000 | 2025-10-29 01:12:56,729 | Process memory usage: 1.626930 GB on node ollie-System-Product-Name
RANK0000 | 2025-10-29 01:12:56,729 | Process memory usage: 1.626930 GB on node ollie-System-Product-Name
RANK0000 | 2025-10-29 01:12:56,729 | Process memory usage: 1.626930 GB on node ollie-System-Product-Name
RANK0000 | 2025-10-29 01:12:56,729 | Finished loading image 1 / 1 (1 / 1)
RANK0000 | 2025-10-29 01:12:56,729 | Finished loading image 1 / 1 (1 / 1)
RANK0000 | 2025-10-29 01:12:56,729 | Finished loading image 1 / 1 (1 / 1)
RANK0000 | 2025-10-29 01:12:56,729 | Finished loading image 1 / 1 (1 / 1)
Warning, crystal system not determined, assuming triclinic
RANK0000 | 2025-10-29 01:12:56,729 | DONE LOADING DATA; ENTER BARRIER
RANK0000 | 2025-10-29 01:12:56,729 | DONE LOADING DATA; ENTER BARRIER
RANK0000 | 2025-10-29 01:12:56,729 | DONE LOADING DATA; ENTER BARRIER
RANK0000 | 2025-10-29 01:12:56,729 | DONE LOADING DATA; ENTER BARRIER
RANK0000 | 2025-10-29 01:12:56,729 | DONE LOADING DATA; EXIT BARRIER
RANK0000 | 2025-10-29 01:12:56,729 | DONE LOADING DATA; EXIT BARRIER
RANK0000 | 2025-10-29 01:12:56,729 | DONE LOADING DATA; EXIT BARRIER
RANK0000 | 2025-10-29 01:12:56,729 | DONE LOADING DATA; EXIT BARRIER
RANK0000 | 2025-10-29 01:12:56,730 | Mem after panel groups: 1.626930 GB on node ollie-System-Product-Name
RANK0000 | 2025-10-29 01:12:56,730 | Mem after panel groups: 1.626930 GB on node ollie-System-Product-Name
RANK0000 | 2025-10-29 01:12:56,730 | Mem after panel groups: 1.626930 GB on node ollie-System-Product-Name
RANK0000 | 2025-10-29 01:12:56,730 | Mem after panel groups: 1.626930 GB on node ollie-System-Product-Name
RANK0000 | 2025-10-29 01:12:56,730 | EVENT: Gathering global HKL information
RANK0000 | 2025-10-29 01:12:56,730 | EVENT: Gathering global HKL information
RANK0000 | 2025-10-29 01:12:56,730 | EVENT: Gathering global HKL information
RANK0000 | 2025-10-29 01:12:56,730 | EVENT: Gathering global HKL information
RANK0000 | 2025-10-29 01:12:56,833 | EVENT: FINISHED gather global HKL information
RANK0000 | 2025-10-29 01:12:56,833 | EVENT: FINISHED gather global HKL information
RANK0000 | 2025-10-29 01:12:56,833 | EVENT: FINISHED gather global HKL information
RANK0000 | 2025-10-29 01:12:56,833 | EVENT: FINISHED gather global HKL information
RANK0000 | 2025-10-29 01:12:56,833 | Mem after gather Hi info: 1.626930 GB on node ollie-System-Product-Name
RANK0000 | 2025-10-29 01:12:56,833 | Mem after gather Hi info: 1.626930 GB on node ollie-System-Product-Name
RANK0000 | 2025-10-29 01:12:56,833 | Mem after gather Hi info: 1.626930 GB on node ollie-System-Product-Name
RANK0000 | 2025-10-29 01:12:56,833 | Mem after gather Hi info: 1.626930 GB on node ollie-System-Product-Name
RANK0000 | 2025-10-29 01:12:56,833 | BEGIN DETERMINE MAX PIX
RANK0000 | 2025-10-29 01:12:56,833 | BEGIN DETERMINE MAX PIX
RANK0000 | 2025-10-29 01:12:56,833 | BEGIN DETERMINE MAX PIX
RANK0000 | 2025-10-29 01:12:56,833 | BEGIN DETERMINE MAX PIX
RANK0000 | 2025-10-29 01:12:56,833 | Rank 0, max pix to be modeled: 8700
RANK0000 | 2025-10-29 01:12:56,833 | Rank 0, max pix to be modeled: 8700
RANK0000 | 2025-10-29 01:12:56,833 | Rank 0, max pix to be modeled: 8700
RANK0000 | 2025-10-29 01:12:56,833 | Rank 0, max pix to be modeled: 8700
RANK0000 | 2025-10-29 01:12:56,833 | DONE DETERMINE MAX PIX
RANK0000 | 2025-10-29 01:12:56,833 | DONE DETERMINE MAX PIX
RANK0000 | 2025-10-29 01:12:56,833 | DONE DETERMINE MAX PIX
RANK0000 | 2025-10-29 01:12:56,833 | DONE DETERMINE MAX PIX
RANK0000 | 2025-10-29 01:12:56,833 | Mem after determine max num pix: 1.626930 GB on node ollie-System-Product-Name
RANK0000 | 2025-10-29 01:12:56,833 | Mem after determine max num pix: 1.626930 GB on node ollie-System-Product-Name
RANK0000 | 2025-10-29 01:12:56,833 | Mem after determine max num pix: 1.626930 GB on node ollie-System-Product-Name
RANK0000 | 2025-10-29 01:12:56,833 | Mem after determine max num pix: 1.626930 GB on node ollie-System-Product-Name
RANK0000 | 2025-10-29 01:12:56,833 | Mem after load_inputs: 1.626930 GB on node ollie-System-Product-Name
RANK0000 | 2025-10-29 01:12:56,833 | Mem after load_inputs: 1.626930 GB on node ollie-System-Product-Name
RANK0000 | 2025-10-29 01:12:56,833 | Mem after load_inputs: 1.626930 GB on node ollie-System-Product-Name
RANK0000 | 2025-10-29 01:12:56,833 | Mem after load_inputs: 1.626930 GB on node ollie-System-Product-Name
How many pixels each rank will allocate for on its device:
(rnk0, dev0): 8700 pix
Iteration 1:
	Resid=193770.077710, sigmaZ 6.296435, t-per-iter=0.0395 sec, pred_offsets=
Iteration 2:
	Resid=281476832.960485, sigmaZ 253.603634, t-per-iter=0.0396 sec, pred_offsets=
Iteration 3:
	Resid=281530771.772294, sigmaZ 253.648237, t-per-iter=0.0393 sec, pred_offsets=
Iteration 4:
	Resid=193757.007781, sigmaZ 6.296193, t-per-iter=0.0391 sec, pred_offsets=
Iteration 5:
	Resid=193673.425360, sigmaZ 6.294624, t-per-iter=0.0390 sec, pred_offsets=
Iteration 6:
	Resid=193589.045234, sigmaZ 6.293045, t-per-iter=0.0390 sec, pred_offsets=
Iteration 7:
	Resid=193581.024976, sigmaZ 6.292901, t-per-iter=0.0389 sec, pred_offsets=
Iteration 8:
	Resid=193575.538557, sigmaZ 6.292810, t-per-iter=0.0389 sec, pred_offsets=
Iteration 9:
	Resid=193575.206823, sigmaZ 6.292804, t-per-iter=0.0389 sec, pred_offsets=
Iteration 10:
	Resid=193574.132026, sigmaZ 6.292785, t-per-iter=0.0388 sec, pred_offsets=
Iteration 11:
	Resid=193571.709913, sigmaZ 6.292738, t-per-iter=0.0388 sec, pred_offsets=
Iteration 12:
	Resid=193571.070222, sigmaZ 6.292723, t-per-iter=0.0388 sec, pred_offsets=
Iteration 13:
	Resid=193570.964504, sigmaZ 6.292719, t-per-iter=0.0388 sec, pred_offsets=
Iteration 14:
	Resid=193570.922842, sigmaZ 6.292718, t-per-iter=0.0388 sec, pred_offsets=
Iteration 15:
	Resid=193570.885713, sigmaZ 6.292718, t-per-iter=0.0388 sec, pred_offsets=
Iteration 16:
	Resid=193570.884812, sigmaZ 6.292718, t-per-iter=0.0387 sec, pred_offsets=
Iteration 17:
	Resid=193570.884777, sigmaZ 6.292718, t-per-iter=0.0387 sec, pred_offsets=
Iteration 18:
	Resid=193570.884777, sigmaZ 6.292718, t-per-iter=0.0387 sec, pred_offsets=
Final Iteration 18:
	Resid=193570.884777, sigmaZ 6.292718
Saved detector model to _geom.out/diffBragg_detector.expt
RANK0000 | 2025-10-29 01:12:57,599 | Number of ROIS that will proceed to refinement: 87/92
RANK0000 | 2025-10-29 01:12:57,599 | Number of ROIS that will proceed to refinement: 87/92
RANK0000 | 2025-10-29 01:12:57,599 | Number of ROIS that will proceed to refinement: 87/92
RANK0000 | 2025-10-29 01:12:57,599 | Number of ROIS that will proceed to refinement: 87/92
RANK0000 | 2025-10-29 01:12:57,616 | Setting initial mosaicity from params.init.eta_abc: 0.000000 0.000000 0.000000
RANK0000 | 2025-10-29 01:12:57,616 | Setting initial mosaicity from params.init.eta_abc: 0.000000 0.000000 0.000000
RANK0000 | 2025-10-29 01:12:57,616 | Setting initial mosaicity from params.init.eta_abc: 0.000000 0.000000 0.000000
RANK0000 | 2025-10-29 01:12:57,616 | Setting initial mosaicity from params.init.eta_abc: 0.000000 0.000000 0.000000
RANK0000 | 2025-10-29 01:12:57,616 | Number of mosaic domains from params: 1
RANK0000 | 2025-10-29 01:12:57,616 | Number of mosaic domains from params: 1
RANK0000 | 2025-10-29 01:12:57,616 | Number of mosaic domains from params: 1
RANK0000 | 2025-10-29 01:12:57,616 | Number of mosaic domains from params: 1
RANK0000 | 2025-10-29 01:12:57,686 | Loaded simulator
RANK0000 | 2025-10-29 01:12:57,686 | Loaded simulator
RANK0000 | 2025-10-29 01:12:57,686 | Loaded simulator
RANK0000 | 2025-10-29 01:12:57,686 | Loaded simulator
RANK0000 | 2025-10-29 01:12:57,687 | Will not use mosaic models, as simulator.crystal.num_mosaicity_samples=1
RANK0000 | 2025-10-29 01:12:57,687 | Will not use mosaic models, as simulator.crystal.num_mosaicity_samples=1
RANK0000 | 2025-10-29 01:12:57,687 | Will not use mosaic models, as simulator.crystal.num_mosaicity_samples=1
RANK0000 | 2025-10-29 01:12:57,687 | Will not use mosaic models, as simulator.crystal.num_mosaicity_samples=1
Warning, crystal system not determined, assuming triclinic
RANK0000 | 2025-10-29 01:12:57,687 | Unit cell variable a_Ang (currently=27.363182) is bounded by 24.626864 and 30.099500
RANK0000 | 2025-10-29 01:12:57,687 | Unit cell variable a_Ang (currently=27.363182) is bounded by 24.626864 and 30.099500
RANK0000 | 2025-10-29 01:12:57,687 | Unit cell variable a_Ang (currently=27.363182) is bounded by 24.626864 and 30.099500
RANK0000 | 2025-10-29 01:12:57,687 | Unit cell variable a_Ang (currently=27.363182) is bounded by 24.626864 and 30.099500
RANK0000 | 2025-10-29 01:12:57,687 | Unit cell variable b_Ang (currently=32.057429) is bounded by 28.851686 and 35.263172
RANK0000 | 2025-10-29 01:12:57,687 | Unit cell variable b_Ang (currently=32.057429) is bounded by 28.851686 and 35.263172
RANK0000 | 2025-10-29 01:12:57,687 | Unit cell variable b_Ang (currently=32.057429) is bounded by 28.851686 and 35.263172
RANK0000 | 2025-10-29 01:12:57,687 | Unit cell variable b_Ang (currently=32.057429) is bounded by 28.851686 and 35.263172
RANK0000 | 2025-10-29 01:12:57,687 | Unit cell variable c_Ang (currently=34.465451) is bounded by 31.018906 and 37.911996
RANK0000 | 2025-10-29 01:12:57,687 | Unit cell variable c_Ang (currently=34.465451) is bounded by 31.018906 and 37.911996
RANK0000 | 2025-10-29 01:12:57,687 | Unit cell variable c_Ang (currently=34.465451) is bounded by 31.018906 and 37.911996
RANK0000 | 2025-10-29 01:12:57,687 | Unit cell variable c_Ang (currently=34.465451) is bounded by 31.018906 and 37.911996
RANK0000 | 2025-10-29 01:12:57,687 | Unit cell variable alpha_rad (currently=1.547776) is bounded by 1.460509 and 1.635042
RANK0000 | 2025-10-29 01:12:57,687 | Unit cell variable alpha_rad (currently=1.547776) is bounded by 1.460509 and 1.635042
RANK0000 | 2025-10-29 01:12:57,687 | Unit cell variable alpha_rad (currently=1.547776) is bounded by 1.460509 and 1.635042
RANK0000 | 2025-10-29 01:12:57,687 | Unit cell variable alpha_rad (currently=1.547776) is bounded by 1.460509 and 1.635042
RANK0000 | 2025-10-29 01:12:57,687 | Unit cell variable beta_rad (currently=1.248921) is bounded by 1.161655 and 1.336188
RANK0000 | 2025-10-29 01:12:57,687 | Unit cell variable beta_rad (currently=1.248921) is bounded by 1.161655 and 1.336188
RANK0000 | 2025-10-29 01:12:57,687 | Unit cell variable beta_rad (currently=1.248921) is bounded by 1.161655 and 1.336188
RANK0000 | 2025-10-29 01:12:57,687 | Unit cell variable beta_rad (currently=1.248921) is bounded by 1.161655 and 1.336188
RANK0000 | 2025-10-29 01:12:57,687 | Unit cell variable gamma_rad (currently=1.189029) is bounded by 1.101762 and 1.276295
RANK0000 | 2025-10-29 01:12:57,687 | Unit cell variable gamma_rad (currently=1.189029) is bounded by 1.101762 and 1.276295
RANK0000 | 2025-10-29 01:12:57,687 | Unit cell variable gamma_rad (currently=1.189029) is bounded by 1.101762 and 1.276295
RANK0000 | 2025-10-29 01:12:57,687 | Unit cell variable gamma_rad (currently=1.189029) is bounded by 1.101762 and 1.276295
Warning, crystal system not determined, assuming triclinic
RANK0000 | 2025-10-29 01:13:05,154 | Filtered 5 / 92 reflections which did not show peaks in model
RANK0000 | 2025-10-29 01:13:05,154 | Filtered 5 / 92 reflections which did not show peaks in model
RANK0000 | 2025-10-29 01:13:05,154 | Filtered 5 / 92 reflections which did not show peaks in model
RANK0000 | 2025-10-29 01:13:05,154 | Filtered 5 / 92 reflections which did not show peaks in model
RANK0000 | 2025-10-29 01:13:05,229 | Number of ROIS that will proceed to refinement: 87/92
RANK0000 | 2025-10-29 01:13:05,229 | Number of ROIS that will proceed to refinement: 87/92
RANK0000 | 2025-10-29 01:13:05,229 | Number of ROIS that will proceed to refinement: 87/92
RANK0000 | 2025-10-29 01:13:05,229 | Number of ROIS that will proceed to refinement: 87/92
RANK0000 | 2025-10-29 01:13:05,246 | Setting initial mosaicity from params.init.eta_abc: 0.000000 0.000000 0.000000
RANK0000 | 2025-10-29 01:13:05,246 | Setting initial mosaicity from params.init.eta_abc: 0.000000 0.000000 0.000000
RANK0000 | 2025-10-29 01:13:05,246 | Setting initial mosaicity from params.init.eta_abc: 0.000000 0.000000 0.000000
RANK0000 | 2025-10-29 01:13:05,246 | Setting initial mosaicity from params.init.eta_abc: 0.000000 0.000000 0.000000
RANK0000 | 2025-10-29 01:13:05,246 | Number of mosaic domains from params: 1
RANK0000 | 2025-10-29 01:13:05,246 | Number of mosaic domains from params: 1
RANK0000 | 2025-10-29 01:13:05,246 | Number of mosaic domains from params: 1
RANK0000 | 2025-10-29 01:13:05,246 | Number of mosaic domains from params: 1
RANK0000 | 2025-10-29 01:13:05,316 | Loaded simulator
RANK0000 | 2025-10-29 01:13:05,316 | Loaded simulator
RANK0000 | 2025-10-29 01:13:05,316 | Loaded simulator
RANK0000 | 2025-10-29 01:13:05,316 | Loaded simulator
RANK0000 | 2025-10-29 01:13:05,316 | Will not use mosaic models, as simulator.crystal.num_mosaicity_samples=1
RANK0000 | 2025-10-29 01:13:05,316 | Will not use mosaic models, as simulator.crystal.num_mosaicity_samples=1
RANK0000 | 2025-10-29 01:13:05,316 | Will not use mosaic models, as simulator.crystal.num_mosaicity_samples=1
RANK0000 | 2025-10-29 01:13:05,316 | Will not use mosaic models, as simulator.crystal.num_mosaicity_samples=1
Warning, crystal system not determined, assuming triclinic
RANK0000 | 2025-10-29 01:13:05,435 | Unit cell variable a_Ang (currently=27.364210) is bounded by 24.627789 and 30.100631
RANK0000 | 2025-10-29 01:13:05,435 | Unit cell variable a_Ang (currently=27.364210) is bounded by 24.627789 and 30.100631
RANK0000 | 2025-10-29 01:13:05,435 | Unit cell variable a_Ang (currently=27.364210) is bounded by 24.627789 and 30.100631
RANK0000 | 2025-10-29 01:13:05,435 | Unit cell variable a_Ang (currently=27.364210) is bounded by 24.627789 and 30.100631
RANK0000 | 2025-10-29 01:13:05,435 | Unit cell variable b_Ang (currently=32.057719) is bounded by 28.851947 and 35.263490
RANK0000 | 2025-10-29 01:13:05,435 | Unit cell variable b_Ang (currently=32.057719) is bounded by 28.851947 and 35.263490
RANK0000 | 2025-10-29 01:13:05,435 | Unit cell variable b_Ang (currently=32.057719) is bounded by 28.851947 and 35.263490
RANK0000 | 2025-10-29 01:13:05,435 | Unit cell variable b_Ang (currently=32.057719) is bounded by 28.851947 and 35.263490
RANK0000 | 2025-10-29 01:13:05,435 | Unit cell variable c_Ang (currently=34.469344) is bounded by 31.022409 and 37.916278
RANK0000 | 2025-10-29 01:13:05,435 | Unit cell variable c_Ang (currently=34.469344) is bounded by 31.022409 and 37.916278
RANK0000 | 2025-10-29 01:13:05,435 | Unit cell variable c_Ang (currently=34.469344) is bounded by 31.022409 and 37.916278
RANK0000 | 2025-10-29 01:13:05,435 | Unit cell variable c_Ang (currently=34.469344) is bounded by 31.022409 and 37.916278
RANK0000 | 2025-10-29 01:13:05,435 | Unit cell variable alpha_rad (currently=1.547624) is bounded by 1.460357 and 1.634890
RANK0000 | 2025-10-29 01:13:05,435 | Unit cell variable alpha_rad (currently=1.547624) is bounded by 1.460357 and 1.634890
RANK0000 | 2025-10-29 01:13:05,435 | Unit cell variable alpha_rad (currently=1.547624) is bounded by 1.460357 and 1.634890
RANK0000 | 2025-10-29 01:13:05,435 | Unit cell variable alpha_rad (currently=1.547624) is bounded by 1.460357 and 1.634890
RANK0000 | 2025-10-29 01:13:05,435 | Unit cell variable beta_rad (currently=1.248771) is bounded by 1.161504 and 1.336037
RANK0000 | 2025-10-29 01:13:05,435 | Unit cell variable beta_rad (currently=1.248771) is bounded by 1.161504 and 1.336037
RANK0000 | 2025-10-29 01:13:05,435 | Unit cell variable beta_rad (currently=1.248771) is bounded by 1.161504 and 1.336037
RANK0000 | 2025-10-29 01:13:05,435 | Unit cell variable beta_rad (currently=1.248771) is bounded by 1.161504 and 1.336037
RANK0000 | 2025-10-29 01:13:05,436 | Unit cell variable gamma_rad (currently=1.188967) is bounded by 1.101700 and 1.276233
RANK0000 | 2025-10-29 01:13:05,436 | Unit cell variable gamma_rad (currently=1.188967) is bounded by 1.101700 and 1.276233
RANK0000 | 2025-10-29 01:13:05,436 | Unit cell variable gamma_rad (currently=1.188967) is bounded by 1.101700 and 1.276233
RANK0000 | 2025-10-29 01:13:05,436 | Unit cell variable gamma_rad (currently=1.188967) is bounded by 1.101700 and 1.276233
Warning, crystal system not determined, assuming triclinic
RANK0000 | 2025-10-29 01:13:10,877 | Filtered 5 / 92 reflections which did not show peaks in model
RANK0000 | 2025-10-29 01:13:10,877 | Filtered 5 / 92 reflections which did not show peaks in model
RANK0000 | 2025-10-29 01:13:10,877 | Filtered 5 / 92 reflections which did not show peaks in model
RANK0000 | 2025-10-29 01:13:10,877 | Filtered 5 / 92 reflections which did not show peaks in model
Warning, crystal system not determined, assuming triclinic
Will optimize using 1 experiments
RANK0000 | 2025-10-29 01:13:11,011 | Loading nrefls per shot
RANK0000 | 2025-10-29 01:13:11,011 | Loading nrefls per shot
RANK0000 | 2025-10-29 01:13:11,011 | Loading nrefls per shot
RANK0000 | 2025-10-29 01:13:11,011 | Loading nrefls per shot
RANK0000 | 2025-10-29 01:13:11,011 | Loading nrefls per shot
Found 1 shots originally, but only 1 had finite number of refls to model
RANK0000 | 2025-10-29 01:13:11,012 | EVENT: begin loading inputs
RANK0000 | 2025-10-29 01:13:11,012 | EVENT: begin loading inputs
RANK0000 | 2025-10-29 01:13:11,012 | EVENT: begin loading inputs
RANK0000 | 2025-10-29 01:13:11,012 | EVENT: begin loading inputs
RANK0000 | 2025-10-29 01:13:11,012 | EVENT: begin loading inputs
RANK0000 | 2025-10-29 01:13:11,041 | Will use space group symbol P 1
RANK0000 | 2025-10-29 01:13:11,041 | Will use space group symbol P 1
RANK0000 | 2025-10-29 01:13:11,041 | Will use space group symbol P 1
RANK0000 | 2025-10-29 01:13:11,041 | Will use space group symbol P 1
RANK0000 | 2025-10-29 01:13:11,041 | Will use space group symbol P 1
RANK0000 | 2025-10-29 01:13:11,171 | EVENT: BEGIN loading experiment list
RANK0000 | 2025-10-29 01:13:11,171 | EVENT: BEGIN loading experiment list
RANK0000 | 2025-10-29 01:13:11,171 | EVENT: BEGIN loading experiment list
RANK0000 | 2025-10-29 01:13:11,171 | EVENT: BEGIN loading experiment list
RANK0000 | 2025-10-29 01:13:11,171 | EVENT: BEGIN loading experiment list
RANK0000 | 2025-10-29 01:13:11,172 | EVENT: DONE loading experiment list
RANK0000 | 2025-10-29 01:13:11,172 | EVENT: DONE loading experiment list
RANK0000 | 2025-10-29 01:13:11,172 | EVENT: DONE loading experiment list
RANK0000 | 2025-10-29 01:13:11,172 | EVENT: DONE loading experiment list
RANK0000 | 2025-10-29 01:13:11,172 | EVENT: DONE loading experiment list
Warning, crystal system not determined, assuming triclinic
RANK0000 | 2025-10-29 01:13:11,174 | EVENT: LOADING ROI DATA
RANK0000 | 2025-10-29 01:13:11,174 | EVENT: LOADING ROI DATA
RANK0000 | 2025-10-29 01:13:11,174 | EVENT: LOADING ROI DATA
RANK0000 | 2025-10-29 01:13:11,174 | EVENT: LOADING ROI DATA
RANK0000 | 2025-10-29 01:13:11,174 | EVENT: LOADING ROI DATA
RANK0000 | 2025-10-29 01:13:11,247 | Number of ROIS that will proceed to refinement: 87/92
RANK0000 | 2025-10-29 01:13:11,247 | Number of ROIS that will proceed to refinement: 87/92
RANK0000 | 2025-10-29 01:13:11,247 | Number of ROIS that will proceed to refinement: 87/92
RANK0000 | 2025-10-29 01:13:11,247 | Number of ROIS that will proceed to refinement: 87/92
RANK0000 | 2025-10-29 01:13:11,247 | Number of ROIS that will proceed to refinement: 87/92
RANK0000 | 2025-10-29 01:13:11,264 | Setting initial mosaicity from params.init.eta_abc: 0.000000 0.000000 0.000000
RANK0000 | 2025-10-29 01:13:11,264 | Setting initial mosaicity from params.init.eta_abc: 0.000000 0.000000 0.000000
RANK0000 | 2025-10-29 01:13:11,264 | Setting initial mosaicity from params.init.eta_abc: 0.000000 0.000000 0.000000
RANK0000 | 2025-10-29 01:13:11,264 | Setting initial mosaicity from params.init.eta_abc: 0.000000 0.000000 0.000000
RANK0000 | 2025-10-29 01:13:11,264 | Setting initial mosaicity from params.init.eta_abc: 0.000000 0.000000 0.000000
RANK0000 | 2025-10-29 01:13:11,264 | Number of mosaic domains from params: 1
RANK0000 | 2025-10-29 01:13:11,264 | Number of mosaic domains from params: 1
RANK0000 | 2025-10-29 01:13:11,264 | Number of mosaic domains from params: 1
RANK0000 | 2025-10-29 01:13:11,264 | Number of mosaic domains from params: 1
RANK0000 | 2025-10-29 01:13:11,264 | Number of mosaic domains from params: 1
RANK0000 | 2025-10-29 01:13:11,335 | Loaded simulator
RANK0000 | 2025-10-29 01:13:11,335 | Loaded simulator
RANK0000 | 2025-10-29 01:13:11,335 | Loaded simulator
RANK0000 | 2025-10-29 01:13:11,335 | Loaded simulator
RANK0000 | 2025-10-29 01:13:11,335 | Loaded simulator
RANK0000 | 2025-10-29 01:13:11,335 | Will not use mosaic models, as simulator.crystal.num_mosaicity_samples=1
RANK0000 | 2025-10-29 01:13:11,335 | Will not use mosaic models, as simulator.crystal.num_mosaicity_samples=1
RANK0000 | 2025-10-29 01:13:11,335 | Will not use mosaic models, as simulator.crystal.num_mosaicity_samples=1
RANK0000 | 2025-10-29 01:13:11,335 | Will not use mosaic models, as simulator.crystal.num_mosaicity_samples=1
RANK0000 | 2025-10-29 01:13:11,335 | Will not use mosaic models, as simulator.crystal.num_mosaicity_samples=1
RANK0000 | 2025-10-29 01:13:11,374 | EVENT: DONE LOADING ROI
RANK0000 | 2025-10-29 01:13:11,374 | EVENT: DONE LOADING ROI
RANK0000 | 2025-10-29 01:13:11,374 | EVENT: DONE LOADING ROI
RANK0000 | 2025-10-29 01:13:11,374 | EVENT: DONE LOADING ROI
RANK0000 | 2025-10-29 01:13:11,374 | EVENT: DONE LOADING ROI
RANK0000 | 2025-10-29 01:13:11,374 | Will simulate 1 energy channels
RANK0000 | 2025-10-29 01:13:11,374 | Will simulate 1 energy channels
RANK0000 | 2025-10-29 01:13:11,374 | Will simulate 1 energy channels
RANK0000 | 2025-10-29 01:13:11,374 | Will simulate 1 energy channels
RANK0000 | 2025-10-29 01:13:11,374 | Will simulate 1 energy channels
RANK0000 | 2025-10-29 01:13:11,374 | Process memory usage: 1.708218 GB on node ollie-System-Product-Name
RANK0000 | 2025-10-29 01:13:11,374 | Process memory usage: 1.708218 GB on node ollie-System-Product-Name
RANK0000 | 2025-10-29 01:13:11,374 | Process memory usage: 1.708218 GB on node ollie-System-Product-Name
RANK0000 | 2025-10-29 01:13:11,374 | Process memory usage: 1.708218 GB on node ollie-System-Product-Name
RANK0000 | 2025-10-29 01:13:11,374 | Process memory usage: 1.708218 GB on node ollie-System-Product-Name
RANK0000 | 2025-10-29 01:13:11,374 | Finished loading image 1 / 1 (1 / 1)
RANK0000 | 2025-10-29 01:13:11,374 | Finished loading image 1 / 1 (1 / 1)
RANK0000 | 2025-10-29 01:13:11,374 | Finished loading image 1 / 1 (1 / 1)
RANK0000 | 2025-10-29 01:13:11,374 | Finished loading image 1 / 1 (1 / 1)
RANK0000 | 2025-10-29 01:13:11,374 | Finished loading image 1 / 1 (1 / 1)
Warning, crystal system not determined, assuming triclinic
RANK0000 | 2025-10-29 01:13:11,375 | DONE LOADING DATA; ENTER BARRIER
RANK0000 | 2025-10-29 01:13:11,375 | DONE LOADING DATA; ENTER BARRIER
RANK0000 | 2025-10-29 01:13:11,375 | DONE LOADING DATA; ENTER BARRIER
RANK0000 | 2025-10-29 01:13:11,375 | DONE LOADING DATA; ENTER BARRIER
RANK0000 | 2025-10-29 01:13:11,375 | DONE LOADING DATA; ENTER BARRIER
RANK0000 | 2025-10-29 01:13:11,375 | DONE LOADING DATA; EXIT BARRIER
RANK0000 | 2025-10-29 01:13:11,375 | DONE LOADING DATA; EXIT BARRIER
RANK0000 | 2025-10-29 01:13:11,375 | DONE LOADING DATA; EXIT BARRIER
RANK0000 | 2025-10-29 01:13:11,375 | DONE LOADING DATA; EXIT BARRIER
RANK0000 | 2025-10-29 01:13:11,375 | DONE LOADING DATA; EXIT BARRIER
RANK0000 | 2025-10-29 01:13:11,375 | Mem after panel groups: 1.708218 GB on node ollie-System-Product-Name
RANK0000 | 2025-10-29 01:13:11,375 | Mem after panel groups: 1.708218 GB on node ollie-System-Product-Name
RANK0000 | 2025-10-29 01:13:11,375 | Mem after panel groups: 1.708218 GB on node ollie-System-Product-Name
RANK0000 | 2025-10-29 01:13:11,375 | Mem after panel groups: 1.708218 GB on node ollie-System-Product-Name
RANK0000 | 2025-10-29 01:13:11,375 | Mem after panel groups: 1.708218 GB on node ollie-System-Product-Name
RANK0000 | 2025-10-29 01:13:11,375 | EVENT: Gathering global HKL information
RANK0000 | 2025-10-29 01:13:11,375 | EVENT: Gathering global HKL information
RANK0000 | 2025-10-29 01:13:11,375 | EVENT: Gathering global HKL information
RANK0000 | 2025-10-29 01:13:11,375 | EVENT: Gathering global HKL information
RANK0000 | 2025-10-29 01:13:11,375 | EVENT: Gathering global HKL information
RANK0000 | 2025-10-29 01:13:11,478 | EVENT: FINISHED gather global HKL information
RANK0000 | 2025-10-29 01:13:11,478 | EVENT: FINISHED gather global HKL information
RANK0000 | 2025-10-29 01:13:11,478 | EVENT: FINISHED gather global HKL information
RANK0000 | 2025-10-29 01:13:11,478 | EVENT: FINISHED gather global HKL information
RANK0000 | 2025-10-29 01:13:11,478 | EVENT: FINISHED gather global HKL information
RANK0000 | 2025-10-29 01:13:11,478 | Mem after gather Hi info: 1.708218 GB on node ollie-System-Product-Name
RANK0000 | 2025-10-29 01:13:11,478 | Mem after gather Hi info: 1.708218 GB on node ollie-System-Product-Name
RANK0000 | 2025-10-29 01:13:11,478 | Mem after gather Hi info: 1.708218 GB on node ollie-System-Product-Name
RANK0000 | 2025-10-29 01:13:11,478 | Mem after gather Hi info: 1.708218 GB on node ollie-System-Product-Name
RANK0000 | 2025-10-29 01:13:11,478 | Mem after gather Hi info: 1.708218 GB on node ollie-System-Product-Name
RANK0000 | 2025-10-29 01:13:11,478 | BEGIN DETERMINE MAX PIX
RANK0000 | 2025-10-29 01:13:11,478 | BEGIN DETERMINE MAX PIX
RANK0000 | 2025-10-29 01:13:11,478 | BEGIN DETERMINE MAX PIX
RANK0000 | 2025-10-29 01:13:11,478 | BEGIN DETERMINE MAX PIX
RANK0000 | 2025-10-29 01:13:11,478 | BEGIN DETERMINE MAX PIX
RANK0000 | 2025-10-29 01:13:11,478 | Rank 0, max pix to be modeled: 8700
RANK0000 | 2025-10-29 01:13:11,478 | Rank 0, max pix to be modeled: 8700
RANK0000 | 2025-10-29 01:13:11,478 | Rank 0, max pix to be modeled: 8700
RANK0000 | 2025-10-29 01:13:11,478 | Rank 0, max pix to be modeled: 8700
RANK0000 | 2025-10-29 01:13:11,478 | Rank 0, max pix to be modeled: 8700
RANK0000 | 2025-10-29 01:13:11,478 | DONE DETERMINE MAX PIX
RANK0000 | 2025-10-29 01:13:11,478 | DONE DETERMINE MAX PIX
RANK0000 | 2025-10-29 01:13:11,478 | DONE DETERMINE MAX PIX
RANK0000 | 2025-10-29 01:13:11,478 | DONE DETERMINE MAX PIX
RANK0000 | 2025-10-29 01:13:11,478 | DONE DETERMINE MAX PIX
RANK0000 | 2025-10-29 01:13:11,478 | Mem after determine max num pix: 1.708218 GB on node ollie-System-Product-Name
RANK0000 | 2025-10-29 01:13:11,478 | Mem after determine max num pix: 1.708218 GB on node ollie-System-Product-Name
RANK0000 | 2025-10-29 01:13:11,478 | Mem after determine max num pix: 1.708218 GB on node ollie-System-Product-Name
RANK0000 | 2025-10-29 01:13:11,478 | Mem after determine max num pix: 1.708218 GB on node ollie-System-Product-Name
RANK0000 | 2025-10-29 01:13:11,478 | Mem after determine max num pix: 1.708218 GB on node ollie-System-Product-Name
RANK0000 | 2025-10-29 01:13:11,478 | Mem after load_inputs: 1.708218 GB on node ollie-System-Product-Name
RANK0000 | 2025-10-29 01:13:11,478 | Mem after load_inputs: 1.708218 GB on node ollie-System-Product-Name
RANK0000 | 2025-10-29 01:13:11,478 | Mem after load_inputs: 1.708218 GB on node ollie-System-Product-Name
RANK0000 | 2025-10-29 01:13:11,478 | Mem after load_inputs: 1.708218 GB on node ollie-System-Product-Name
RANK0000 | 2025-10-29 01:13:11,478 | Mem after load_inputs: 1.708218 GB on node ollie-System-Product-Name
How many pixels each rank will allocate for on its device:
(rnk0, dev0): 8700 pix
Iteration 1:
	Resid=193004.359653, sigmaZ 6.282633, t-per-iter=0.0344 sec, pred_offsets=
Iteration 2:
	Resid=281476832.960773, sigmaZ 253.603633, t-per-iter=0.0344 sec, pred_offsets=
Iteration 3:
	Resid=281572581.592404, sigmaZ 253.673656, t-per-iter=0.0341 sec, pred_offsets=
Iteration 4:
	Resid=193002.371819, sigmaZ 6.282595, t-per-iter=0.0339 sec, pred_offsets=
Iteration 5:
	Resid=192985.923087, sigmaZ 6.282284, t-per-iter=0.0338 sec, pred_offsets=
Iteration 6:
	Resid=192960.565700, sigmaZ 6.281810, t-per-iter=0.0338 sec, pred_offsets=
Iteration 7:
	Resid=192893.785039, sigmaZ 6.280564, t-per-iter=0.0337 sec, pred_offsets=
Iteration 8:
	Resid=192892.026043, sigmaZ 6.280538, t-per-iter=0.0337 sec, pred_offsets=
Iteration 9:
	Resid=192891.910968, sigmaZ 6.280535, t-per-iter=0.0336 sec, pred_offsets=
Iteration 10:
	Resid=192891.573499, sigmaZ 6.280527, t-per-iter=0.0336 sec, pred_offsets=
Iteration 11:
	Resid=192891.250894, sigmaZ 6.280520, t-per-iter=0.0336 sec, pred_offsets=
Iteration 12:
	Resid=192891.023329, sigmaZ 6.280516, t-per-iter=0.0336 sec, pred_offsets=
Iteration 13:
	Resid=192891.007686, sigmaZ 6.280517, t-per-iter=0.0335 sec, pred_offsets=
Iteration 14:
	Resid=192891.007260, sigmaZ 6.280517, t-per-iter=0.0335 sec, pred_offsets=
Iteration 15:
	Resid=192891.007255, sigmaZ 6.280517, t-per-iter=0.0335 sec, pred_offsets=
Final Iteration 15:
	Resid=192891.007255, sigmaZ 6.280517
Saved detector model to _geom.out/diffBragg_detector.expt
Spot scale=318732182162709824.000000
nanoBragg nanocrystal diffraction simulator - James Holton and Ken Frankel 8-1-17
  69614 initialized hkls (all others =0)
  gaussian xtal: 36.5x28.0x26.6 cells
Unit Cell: 27.3642 32.0577 34.4693 88.6797 71.6447 68.115
Recp Cell: 0.0417456 0.0338297 0.0307605 83.8476 109.291 112.666
volume = 26463 A^3
  amorphous part of sample is 0 m thick x 0.0001 m high x 0.0001 m wide, 1 g/cm^3 and 18 g/mol (0 molecules)
missets:  0.00000000  0.00000000  0.00000000
real-space cell vectors (Angstrom):
     a           b           c         
X: 23.96797556 -0.00000000  0.00000000
Y: 10.00397832 32.04920707 -0.00000000
Z:  8.61722459  0.73867956 34.46934353
reciprocal-space cell vectors (Angstrom^-1):
     a_star      b_star      c_star    
X:  0.04174559 -0.01303065 -0.01015701
Y:  0.00000000  0.03121941 -0.00066903
Z:  0.00000000  0.00000000  0.02902745
  wave=9.768e-11 meters +/- 0% in 1 steps
  Kahn polarization factor: 1.000000
  incident fluence: 1e+18 photons/m^2
  distance=0.23129 detsize=0.423636x0.434644  pixel=0.000172 meters (2463x2527 pixels)
  Xbeam=0.217728 Ybeam=0.213893
  Fbeam=0.217728 Sbeam=0.213893
  Xclose=0.217513 Yclose=0.212791
  Fclose=0.217513 Sclose=0.212791
  DIRECTION_OF_DETECTOR_X-AXIS= 0.999998 0.00173315 -0.000931243
  DIRECTION_OF_DETECTOR_Y-AXIS= 0.0017287 -0.999987 -0.00476644
  DIRECTION_OF_DETECTOR_Z-AXIS= -0.000939492 0.00476482 -0.999988
  INCIDENT_BEAM_DIRECTION= 0 0 1
  spindle ROTATION_AXIS= 0.999998 0.00173315 -0.000931243
  POLARIZATION_PLANE_NORMAL= 0 -1 0
  dials origin= -217.513 213.891 -230.271
  roi: 0 < x < 2463 && 0 < y < 2527
  hdivrange=0 hdivstep=0  radians
  vdivrange=0 vdivstep=0  radians
  1 divergence steps
  1 sources
  1 mosaic domains over mosaic spread of 0 degrees
  1 phi steps from 0 to 0 degrees
  1x1 pixel oversample steps
Traceback (most recent call last):
  File "/home/ollie/Documents/diffbragg_example_2/diffbragg_example/plans/active/NANOBRAG-GOLDEN-001/reports/2025-10-29T080253Z/capture_forward.py", line 412, in <module>
    main()
  File "/home/ollie/Documents/diffbragg_example_2/diffbragg_example/plans/active/NANOBRAG-GOLDEN-001/reports/2025-10-29T080253Z/capture_forward.py", line 290, in main
    torch_grid, hkl_meta = build_structure_factor_grid(Fopt.indices(), Fopt.data().as_numpy_array(), device=device)
  File "/home/ollie/Documents/diffbragg_example_2/diffbragg_example/plans/active/NANOBRAG-GOLDEN-001/reports/2025-10-29T080253Z/capture_forward.py", line 56, in build_structure_factor_grid
    grid[h - h_min, k - k_min, l - l_min] = amp
TypeError: can't assign a numpy.float32 to a torch.cuda.FloatTensor
/home/ollie/miniconda3/envs/simtbx/lib/python3.9/site-packages/dials/extensions/__init__.py:3: UserWarning: pkg_resources is deprecated as an API. See https://setuptools.pypa.io/en/latest/pkg_resources.html. The pkg_resources package is slated for removal as early as 2025-11-30. Refrain from using this package or pin to Setuptools<81.
  import pkg_resources
<frozen importlib._bootstrap>:228: RuntimeWarning: to-Python converter for scitbx::af::shared<scitbx::af::shared<scitbx::vec3<double> > > already registered; second conversion method ignored.
COMMANDLINE: libtbx.python /home/ollie/Documents/diffbragg_example_2/diffbragg_example/plans/active/NANOBRAG-GOLDEN-001/reports/2025-10-29T080253Z/capture_forward.py
Warning, crystal system not determined, assuming triclinic
Warning, crystal system not determined, assuming triclinic
Warning, crystal system not determined, assuming triclinic
Warning, crystal system not determined, assuming triclinic
Warning, crystal system not determined, assuming triclinic
Will optimize using 1 experiments
RANK0000 | 2025-10-29 01:16:21,355 | Loading nrefls per shot
Found 1 shots originally, but only 1 had finite number of refls to model
RANK0000 | 2025-10-29 01:16:21,357 | EVENT: begin loading inputs
RANK0000 | 2025-10-29 01:16:21,385 | Will use space group symbol P 1
RANK0000 | 2025-10-29 01:16:21,520 | EVENT: BEGIN loading experiment list
RANK0000 | 2025-10-29 01:16:21,521 | EVENT: DONE loading experiment list
Warning, crystal system not determined, assuming triclinic
RANK0000 | 2025-10-29 01:16:21,523 | EVENT: LOADING ROI DATA
RANK0000 | 2025-10-29 01:16:21,591 | Number of ROIS that will proceed to refinement: 87/92
RANK0000 | 2025-10-29 01:16:21,609 | Setting initial mosaicity from params.init.eta_abc: 0.000000 0.000000 0.000000
RANK0000 | 2025-10-29 01:16:21,609 | Number of mosaic domains from params: 1
RANK0000 | 2025-10-29 01:16:21,682 | Loaded simulator
RANK0000 | 2025-10-29 01:16:21,682 | Will not use mosaic models, as simulator.crystal.num_mosaicity_samples=1
RANK0000 | 2025-10-29 01:16:21,721 | EVENT: DONE LOADING ROI
RANK0000 | 2025-10-29 01:16:21,721 | Will simulate 1 energy channels
RANK0000 | 2025-10-29 01:16:21,722 | Process memory usage: 1.234074 GB on node ollie-System-Product-Name
RANK0000 | 2025-10-29 01:16:21,722 | Finished loading image 1 / 1 (1 / 1)
Warning, crystal system not determined, assuming triclinic
RANK0000 | 2025-10-29 01:16:21,722 | DONE LOADING DATA; ENTER BARRIER
RANK0000 | 2025-10-29 01:16:21,722 | DONE LOADING DATA; EXIT BARRIER
RANK0000 | 2025-10-29 01:16:21,722 | Mem after panel groups: 1.234074 GB on node ollie-System-Product-Name
RANK0000 | 2025-10-29 01:16:21,722 | EVENT: Gathering global HKL information
RANK0000 | 2025-10-29 01:16:21,830 | EVENT: FINISHED gather global HKL information
RANK0000 | 2025-10-29 01:16:21,830 | Mem after gather Hi info: 1.234074 GB on node ollie-System-Product-Name
RANK0000 | 2025-10-29 01:16:21,830 | BEGIN DETERMINE MAX PIX
RANK0000 | 2025-10-29 01:16:21,831 | Rank 0, max pix to be modeled: 8700
RANK0000 | 2025-10-29 01:16:21,831 | DONE DETERMINE MAX PIX
RANK0000 | 2025-10-29 01:16:21,831 | Mem after determine max num pix: 1.234074 GB on node ollie-System-Product-Name
RANK0000 | 2025-10-29 01:16:21,831 | Mem after load_inputs: 1.234074 GB on node ollie-System-Product-Name
How many pixels each rank will allocate for on its device:
(rnk0, dev0): 8700 pix
Iteration 1:
	Resid=242623.295220, sigmaZ 7.147279, t-per-iter=0.0393 sec, pred_offsets=
Iteration 2:
	Resid=279875394.433124, sigmaZ 252.944982, t-per-iter=0.0389 sec, pred_offsets=
Iteration 3:
	Resid=281179094.763760, sigmaZ 253.486427, t-per-iter=0.0388 sec, pred_offsets=
Iteration 4:
	Resid=281512089.502743, sigmaZ 253.628952, t-per-iter=0.0388 sec, pred_offsets=
Iteration 5:
	Resid=241784.059434, sigmaZ 7.133763, t-per-iter=0.0387 sec, pred_offsets=
Iteration 6:
	Resid=240258.169055, sigmaZ 7.109117, t-per-iter=0.0387 sec, pred_offsets=
Iteration 7:
	Resid=240280.433320, sigmaZ 7.109478, t-per-iter=0.0386 sec, pred_offsets=
Iteration 8:
	Resid=239763.182758, sigmaZ 7.101107, t-per-iter=0.0386 sec, pred_offsets=
Iteration 9:
	Resid=239550.996415, sigmaZ 7.097670, t-per-iter=0.0386 sec, pred_offsets=
Iteration 10:
	Resid=239260.347337, sigmaZ 7.092958, t-per-iter=0.0386 sec, pred_offsets=
Iteration 11:
	Resid=239169.792506, sigmaZ 7.091490, t-per-iter=0.0386 sec, pred_offsets=
Iteration 12:
	Resid=238764.668270, sigmaZ 7.084916, t-per-iter=0.0386 sec, pred_offsets=
Iteration 13:
	Resid=238592.166888, sigmaZ 7.082115, t-per-iter=0.0386 sec, pred_offsets=
Iteration 14:
	Resid=238568.375630, sigmaZ 7.081729, t-per-iter=0.0386 sec, pred_offsets=
Iteration 15:
	Resid=238565.341113, sigmaZ 7.081680, t-per-iter=0.0386 sec, pred_offsets=
Iteration 16:
	Resid=238561.015742, sigmaZ 7.081609, t-per-iter=0.0386 sec, pred_offsets=
Iteration 17:
	Resid=238552.743816, sigmaZ 7.081475, t-per-iter=0.0385 sec, pred_offsets=
Iteration 18:
	Resid=238541.066393, sigmaZ 7.081285, t-per-iter=0.0385 sec, pred_offsets=
Iteration 19:
	Resid=238788.236622, sigmaZ 7.085294, t-per-iter=0.0385 sec, pred_offsets=
Iteration 20:
	Resid=238540.751747, sigmaZ 7.081279, t-per-iter=0.0385 sec, pred_offsets=
Iteration 21:
	Resid=238534.505292, sigmaZ 7.081178, t-per-iter=0.0385 sec, pred_offsets=
Iteration 22:
	Resid=238533.297193, sigmaZ 7.081158, t-per-iter=0.0385 sec, pred_offsets=
Iteration 23:
	Resid=238533.232017, sigmaZ 7.081157, t-per-iter=0.0385 sec, pred_offsets=
Iteration 24:
	Resid=238533.231176, sigmaZ 7.081157, t-per-iter=0.0385 sec, pred_offsets=
Iteration 25:
	Resid=238533.231163, sigmaZ 7.081157, t-per-iter=0.0385 sec, pred_offsets=
Iteration 26:
	Resid=238533.231157, sigmaZ 7.081157, t-per-iter=0.0385 sec, pred_offsets=
Final Iteration 26:
	Resid=238533.231157, sigmaZ 7.081157
Saved detector model to _geom.out/diffBragg_detector.expt
RANK0000 | 2025-10-29 01:16:22,905 | Number of ROIS that will proceed to refinement: 87/92
RANK0000 | 2025-10-29 01:16:22,922 | Setting initial mosaicity from params.init.eta_abc: 0.000000 0.000000 0.000000
RANK0000 | 2025-10-29 01:16:22,922 | Number of mosaic domains from params: 1
RANK0000 | 2025-10-29 01:16:22,997 | Loaded simulator
RANK0000 | 2025-10-29 01:16:22,997 | Will not use mosaic models, as simulator.crystal.num_mosaicity_samples=1
Warning, crystal system not determined, assuming triclinic
RANK0000 | 2025-10-29 01:16:22,997 | Unit cell variable a_Ang (currently=27.359348) is bounded by 24.623414 and 30.095283
RANK0000 | 2025-10-29 01:16:22,997 | Unit cell variable b_Ang (currently=32.053346) is bounded by 28.848012 and 35.258681
RANK0000 | 2025-10-29 01:16:22,997 | Unit cell variable c_Ang (currently=34.447265) is bounded by 31.002539 and 37.891992
RANK0000 | 2025-10-29 01:16:22,997 | Unit cell variable alpha_rad (currently=1.548473) is bounded by 1.461207 and 1.635740
RANK0000 | 2025-10-29 01:16:22,997 | Unit cell variable beta_rad (currently=1.249642) is bounded by 1.162376 and 1.336909
RANK0000 | 2025-10-29 01:16:22,997 | Unit cell variable gamma_rad (currently=1.189223) is bounded by 1.101956 and 1.276489
Warning, crystal system not determined, assuming triclinic
RANK0000 | 2025-10-29 01:16:31,029 | Filtered 5 / 92 reflections which did not show peaks in model
RANK0000 | 2025-10-29 01:16:31,099 | Number of ROIS that will proceed to refinement: 87/92
RANK0000 | 2025-10-29 01:16:31,116 | Setting initial mosaicity from params.init.eta_abc: 0.000000 0.000000 0.000000
RANK0000 | 2025-10-29 01:16:31,116 | Number of mosaic domains from params: 1
RANK0000 | 2025-10-29 01:16:31,192 | Loaded simulator
RANK0000 | 2025-10-29 01:16:31,192 | Will not use mosaic models, as simulator.crystal.num_mosaicity_samples=1
Warning, crystal system not determined, assuming triclinic
RANK0000 | 2025-10-29 01:16:31,312 | Unit cell variable a_Ang (currently=27.360630) is bounded by 24.624567 and 30.096693
RANK0000 | 2025-10-29 01:16:31,312 | Unit cell variable b_Ang (currently=32.056401) is bounded by 28.850761 and 35.262041
RANK0000 | 2025-10-29 01:16:31,312 | Unit cell variable c_Ang (currently=34.454631) is bounded by 31.009168 and 37.900094
RANK0000 | 2025-10-29 01:16:31,312 | Unit cell variable alpha_rad (currently=1.548190) is bounded by 1.460924 and 1.635457
RANK0000 | 2025-10-29 01:16:31,312 | Unit cell variable beta_rad (currently=1.249321) is bounded by 1.162055 and 1.336588
RANK0000 | 2025-10-29 01:16:31,312 | Unit cell variable gamma_rad (currently=1.189194) is bounded by 1.101928 and 1.276461
Warning, crystal system not determined, assuming triclinic
RANK0000 | 2025-10-29 01:16:36,714 | Filtered 5 / 92 reflections which did not show peaks in model
Warning, crystal system not determined, assuming triclinic
Will optimize using 1 experiments
RANK0000 | 2025-10-29 01:16:36,840 | Loading nrefls per shot
RANK0000 | 2025-10-29 01:16:36,840 | Loading nrefls per shot
Found 1 shots originally, but only 1 had finite number of refls to model
RANK0000 | 2025-10-29 01:16:36,841 | EVENT: begin loading inputs
RANK0000 | 2025-10-29 01:16:36,841 | EVENT: begin loading inputs
RANK0000 | 2025-10-29 01:16:36,869 | Will use space group symbol P 1
RANK0000 | 2025-10-29 01:16:36,869 | Will use space group symbol P 1
RANK0000 | 2025-10-29 01:16:37,000 | EVENT: BEGIN loading experiment list
RANK0000 | 2025-10-29 01:16:37,000 | EVENT: BEGIN loading experiment list
RANK0000 | 2025-10-29 01:16:37,001 | EVENT: DONE loading experiment list
RANK0000 | 2025-10-29 01:16:37,001 | EVENT: DONE loading experiment list
Warning, crystal system not determined, assuming triclinic
RANK0000 | 2025-10-29 01:16:37,003 | EVENT: LOADING ROI DATA
RANK0000 | 2025-10-29 01:16:37,003 | EVENT: LOADING ROI DATA
RANK0000 | 2025-10-29 01:16:37,075 | Number of ROIS that will proceed to refinement: 87/92
RANK0000 | 2025-10-29 01:16:37,075 | Number of ROIS that will proceed to refinement: 87/92
RANK0000 | 2025-10-29 01:16:37,092 | Setting initial mosaicity from params.init.eta_abc: 0.000000 0.000000 0.000000
RANK0000 | 2025-10-29 01:16:37,092 | Setting initial mosaicity from params.init.eta_abc: 0.000000 0.000000 0.000000
RANK0000 | 2025-10-29 01:16:37,092 | Number of mosaic domains from params: 1
RANK0000 | 2025-10-29 01:16:37,092 | Number of mosaic domains from params: 1
RANK0000 | 2025-10-29 01:16:37,165 | Loaded simulator
RANK0000 | 2025-10-29 01:16:37,165 | Loaded simulator
RANK0000 | 2025-10-29 01:16:37,165 | Will not use mosaic models, as simulator.crystal.num_mosaicity_samples=1
RANK0000 | 2025-10-29 01:16:37,165 | Will not use mosaic models, as simulator.crystal.num_mosaicity_samples=1
RANK0000 | 2025-10-29 01:16:37,205 | EVENT: DONE LOADING ROI
RANK0000 | 2025-10-29 01:16:37,205 | EVENT: DONE LOADING ROI
RANK0000 | 2025-10-29 01:16:37,205 | Will simulate 1 energy channels
RANK0000 | 2025-10-29 01:16:37,205 | Will simulate 1 energy channels
RANK0000 | 2025-10-29 01:16:37,205 | Process memory usage: 1.408981 GB on node ollie-System-Product-Name
RANK0000 | 2025-10-29 01:16:37,205 | Process memory usage: 1.408981 GB on node ollie-System-Product-Name
RANK0000 | 2025-10-29 01:16:37,205 | Finished loading image 1 / 1 (1 / 1)
RANK0000 | 2025-10-29 01:16:37,205 | Finished loading image 1 / 1 (1 / 1)
Warning, crystal system not determined, assuming triclinic
RANK0000 | 2025-10-29 01:16:37,206 | DONE LOADING DATA; ENTER BARRIER
RANK0000 | 2025-10-29 01:16:37,206 | DONE LOADING DATA; ENTER BARRIER
RANK0000 | 2025-10-29 01:16:37,206 | DONE LOADING DATA; EXIT BARRIER
RANK0000 | 2025-10-29 01:16:37,206 | DONE LOADING DATA; EXIT BARRIER
RANK0000 | 2025-10-29 01:16:37,206 | Mem after panel groups: 1.408981 GB on node ollie-System-Product-Name
RANK0000 | 2025-10-29 01:16:37,206 | Mem after panel groups: 1.408981 GB on node ollie-System-Product-Name
RANK0000 | 2025-10-29 01:16:37,206 | EVENT: Gathering global HKL information
RANK0000 | 2025-10-29 01:16:37,206 | EVENT: Gathering global HKL information
RANK0000 | 2025-10-29 01:16:37,308 | EVENT: FINISHED gather global HKL information
RANK0000 | 2025-10-29 01:16:37,308 | EVENT: FINISHED gather global HKL information
RANK0000 | 2025-10-29 01:16:37,308 | Mem after gather Hi info: 1.408981 GB on node ollie-System-Product-Name
RANK0000 | 2025-10-29 01:16:37,308 | Mem after gather Hi info: 1.408981 GB on node ollie-System-Product-Name
RANK0000 | 2025-10-29 01:16:37,309 | BEGIN DETERMINE MAX PIX
RANK0000 | 2025-10-29 01:16:37,309 | BEGIN DETERMINE MAX PIX
RANK0000 | 2025-10-29 01:16:37,309 | Rank 0, max pix to be modeled: 8700
RANK0000 | 2025-10-29 01:16:37,309 | Rank 0, max pix to be modeled: 8700
RANK0000 | 2025-10-29 01:16:37,309 | DONE DETERMINE MAX PIX
RANK0000 | 2025-10-29 01:16:37,309 | DONE DETERMINE MAX PIX
RANK0000 | 2025-10-29 01:16:37,309 | Mem after determine max num pix: 1.408981 GB on node ollie-System-Product-Name
RANK0000 | 2025-10-29 01:16:37,309 | Mem after determine max num pix: 1.408981 GB on node ollie-System-Product-Name
RANK0000 | 2025-10-29 01:16:37,309 | Mem after load_inputs: 1.408981 GB on node ollie-System-Product-Name
RANK0000 | 2025-10-29 01:16:37,309 | Mem after load_inputs: 1.408981 GB on node ollie-System-Product-Name
How many pixels each rank will allocate for on its device:
(rnk0, dev0): 8700 pix
Iteration 1:
	Resid=196671.570325, sigmaZ 6.350951, t-per-iter=0.0394 sec, pred_offsets=
Iteration 2:
	Resid=248046356.084085, sigmaZ 238.154989, t-per-iter=0.0390 sec, pred_offsets=
Iteration 3:
	Resid=183141908.303583, sigmaZ 204.750419, t-per-iter=0.0389 sec, pred_offsets=
Iteration 4:
	Resid=215803.307229, sigmaZ 6.689130, t-per-iter=0.0388 sec, pred_offsets=
Iteration 5:
	Resid=196332.306827, sigmaZ 6.344729, t-per-iter=0.0388 sec, pred_offsets=
Iteration 6:
	Resid=196320.862184, sigmaZ 6.344476, t-per-iter=0.0388 sec, pred_offsets=
Iteration 7:
	Resid=196193.227625, sigmaZ 6.342177, t-per-iter=0.0388 sec, pred_offsets=
Iteration 8:
	Resid=196186.954389, sigmaZ 6.342067, t-per-iter=0.0389 sec, pred_offsets=
Iteration 9:
	Resid=196180.318559, sigmaZ 6.341956, t-per-iter=0.0389 sec, pred_offsets=
Iteration 10:
	Resid=196180.045358, sigmaZ 6.341951, t-per-iter=0.0389 sec, pred_offsets=
Iteration 11:
	Resid=196179.077825, sigmaZ 6.341934, t-per-iter=0.0389 sec, pred_offsets=
Iteration 12:
	Resid=196174.782490, sigmaZ 6.341854, t-per-iter=0.0389 sec, pred_offsets=
Iteration 13:
	Resid=196173.425277, sigmaZ 6.341825, t-per-iter=0.0389 sec, pred_offsets=
Iteration 14:
	Resid=196173.045274, sigmaZ 6.341815, t-per-iter=0.0389 sec, pred_offsets=
Iteration 15:
	Resid=196172.989959, sigmaZ 6.341814, t-per-iter=0.0389 sec, pred_offsets=
Iteration 16:
	Resid=196172.943781, sigmaZ 6.341813, t-per-iter=0.0389 sec, pred_offsets=
Iteration 17:
	Resid=196172.939274, sigmaZ 6.341813, t-per-iter=0.0389 sec, pred_offsets=
Iteration 18:
	Resid=196172.939146, sigmaZ 6.341813, t-per-iter=0.0389 sec, pred_offsets=
Iteration 19:
	Resid=196172.939146, sigmaZ 6.341813, t-per-iter=0.0388 sec, pred_offsets=
Iteration 20:
	Resid=196172.939146, sigmaZ 6.341813, t-per-iter=0.0388 sec, pred_offsets=
Final Iteration 20:
	Resid=196172.939146, sigmaZ 6.341813
Saved detector model to _geom.out/diffBragg_detector.expt
RANK0000 | 2025-10-29 01:16:38,153 | Number of ROIS that will proceed to refinement: 87/92
RANK0000 | 2025-10-29 01:16:38,153 | Number of ROIS that will proceed to refinement: 87/92
RANK0000 | 2025-10-29 01:16:38,169 | Setting initial mosaicity from params.init.eta_abc: 0.000000 0.000000 0.000000
RANK0000 | 2025-10-29 01:16:38,169 | Setting initial mosaicity from params.init.eta_abc: 0.000000 0.000000 0.000000
RANK0000 | 2025-10-29 01:16:38,170 | Number of mosaic domains from params: 1
RANK0000 | 2025-10-29 01:16:38,170 | Number of mosaic domains from params: 1
RANK0000 | 2025-10-29 01:16:38,243 | Loaded simulator
RANK0000 | 2025-10-29 01:16:38,243 | Loaded simulator
RANK0000 | 2025-10-29 01:16:38,243 | Will not use mosaic models, as simulator.crystal.num_mosaicity_samples=1
RANK0000 | 2025-10-29 01:16:38,243 | Will not use mosaic models, as simulator.crystal.num_mosaicity_samples=1
Warning, crystal system not determined, assuming triclinic
RANK0000 | 2025-10-29 01:16:38,243 | Unit cell variable a_Ang (currently=27.360630) is bounded by 24.624567 and 30.096693
RANK0000 | 2025-10-29 01:16:38,243 | Unit cell variable a_Ang (currently=27.360630) is bounded by 24.624567 and 30.096693
RANK0000 | 2025-10-29 01:16:38,243 | Unit cell variable b_Ang (currently=32.056401) is bounded by 28.850761 and 35.262041
RANK0000 | 2025-10-29 01:16:38,243 | Unit cell variable b_Ang (currently=32.056401) is bounded by 28.850761 and 35.262041
RANK0000 | 2025-10-29 01:16:38,243 | Unit cell variable c_Ang (currently=34.454631) is bounded by 31.009168 and 37.900094
RANK0000 | 2025-10-29 01:16:38,243 | Unit cell variable c_Ang (currently=34.454631) is bounded by 31.009168 and 37.900094
RANK0000 | 2025-10-29 01:16:38,243 | Unit cell variable alpha_rad (currently=1.548190) is bounded by 1.460924 and 1.635457
RANK0000 | 2025-10-29 01:16:38,243 | Unit cell variable alpha_rad (currently=1.548190) is bounded by 1.460924 and 1.635457
RANK0000 | 2025-10-29 01:16:38,243 | Unit cell variable beta_rad (currently=1.249321) is bounded by 1.162055 and 1.336588
RANK0000 | 2025-10-29 01:16:38,243 | Unit cell variable beta_rad (currently=1.249321) is bounded by 1.162055 and 1.336588
RANK0000 | 2025-10-29 01:16:38,243 | Unit cell variable gamma_rad (currently=1.189194) is bounded by 1.101928 and 1.276461
RANK0000 | 2025-10-29 01:16:38,243 | Unit cell variable gamma_rad (currently=1.189194) is bounded by 1.101928 and 1.276461
Warning, crystal system not determined, assuming triclinic
RANK0000 | 2025-10-29 01:16:44,819 | Filtered 5 / 92 reflections which did not show peaks in model
RANK0000 | 2025-10-29 01:16:44,819 | Filtered 5 / 92 reflections which did not show peaks in model
RANK0000 | 2025-10-29 01:16:44,886 | Number of ROIS that will proceed to refinement: 87/92
RANK0000 | 2025-10-29 01:16:44,886 | Number of ROIS that will proceed to refinement: 87/92
RANK0000 | 2025-10-29 01:16:44,903 | Setting initial mosaicity from params.init.eta_abc: 0.000000 0.000000 0.000000
RANK0000 | 2025-10-29 01:16:44,903 | Setting initial mosaicity from params.init.eta_abc: 0.000000 0.000000 0.000000
RANK0000 | 2025-10-29 01:16:44,903 | Number of mosaic domains from params: 1
RANK0000 | 2025-10-29 01:16:44,903 | Number of mosaic domains from params: 1
RANK0000 | 2025-10-29 01:16:44,976 | Loaded simulator
RANK0000 | 2025-10-29 01:16:44,976 | Loaded simulator
RANK0000 | 2025-10-29 01:16:44,976 | Will not use mosaic models, as simulator.crystal.num_mosaicity_samples=1
RANK0000 | 2025-10-29 01:16:44,976 | Will not use mosaic models, as simulator.crystal.num_mosaicity_samples=1
Warning, crystal system not determined, assuming triclinic
RANK0000 | 2025-10-29 01:16:45,085 | Unit cell variable a_Ang (currently=27.362127) is bounded by 24.625914 and 30.098340
RANK0000 | 2025-10-29 01:16:45,085 | Unit cell variable a_Ang (currently=27.362127) is bounded by 24.625914 and 30.098340
RANK0000 | 2025-10-29 01:16:45,085 | Unit cell variable b_Ang (currently=32.056843) is bounded by 28.851158 and 35.262527
RANK0000 | 2025-10-29 01:16:45,085 | Unit cell variable b_Ang (currently=32.056843) is bounded by 28.851158 and 35.262527
RANK0000 | 2025-10-29 01:16:45,085 | Unit cell variable c_Ang (currently=34.460784) is bounded by 31.014706 and 37.906862
RANK0000 | 2025-10-29 01:16:45,085 | Unit cell variable c_Ang (currently=34.460784) is bounded by 31.014706 and 37.906862
RANK0000 | 2025-10-29 01:16:45,085 | Unit cell variable alpha_rad (currently=1.547964) is bounded by 1.460698 and 1.635231
RANK0000 | 2025-10-29 01:16:45,085 | Unit cell variable alpha_rad (currently=1.547964) is bounded by 1.460698 and 1.635231
RANK0000 | 2025-10-29 01:16:45,085 | Unit cell variable beta_rad (currently=1.249096) is bounded by 1.161830 and 1.336363
RANK0000 | 2025-10-29 01:16:45,085 | Unit cell variable beta_rad (currently=1.249096) is bounded by 1.161830 and 1.336363
RANK0000 | 2025-10-29 01:16:45,085 | Unit cell variable gamma_rad (currently=1.189106) is bounded by 1.101840 and 1.276373
RANK0000 | 2025-10-29 01:16:45,085 | Unit cell variable gamma_rad (currently=1.189106) is bounded by 1.101840 and 1.276373
Warning, crystal system not determined, assuming triclinic
RANK0000 | 2025-10-29 01:16:50,397 | Filtered 5 / 92 reflections which did not show peaks in model
RANK0000 | 2025-10-29 01:16:50,397 | Filtered 5 / 92 reflections which did not show peaks in model
Warning, crystal system not determined, assuming triclinic
Will optimize using 1 experiments
RANK0000 | 2025-10-29 01:16:50,531 | Loading nrefls per shot
RANK0000 | 2025-10-29 01:16:50,531 | Loading nrefls per shot
RANK0000 | 2025-10-29 01:16:50,531 | Loading nrefls per shot
Found 1 shots originally, but only 1 had finite number of refls to model
RANK0000 | 2025-10-29 01:16:50,532 | EVENT: begin loading inputs
RANK0000 | 2025-10-29 01:16:50,532 | EVENT: begin loading inputs
RANK0000 | 2025-10-29 01:16:50,532 | EVENT: begin loading inputs
RANK0000 | 2025-10-29 01:16:50,560 | Will use space group symbol P 1
RANK0000 | 2025-10-29 01:16:50,560 | Will use space group symbol P 1
RANK0000 | 2025-10-29 01:16:50,560 | Will use space group symbol P 1
RANK0000 | 2025-10-29 01:16:50,690 | EVENT: BEGIN loading experiment list
RANK0000 | 2025-10-29 01:16:50,690 | EVENT: BEGIN loading experiment list
RANK0000 | 2025-10-29 01:16:50,690 | EVENT: BEGIN loading experiment list
RANK0000 | 2025-10-29 01:16:50,692 | EVENT: DONE loading experiment list
RANK0000 | 2025-10-29 01:16:50,692 | EVENT: DONE loading experiment list
RANK0000 | 2025-10-29 01:16:50,692 | EVENT: DONE loading experiment list
Warning, crystal system not determined, assuming triclinic
RANK0000 | 2025-10-29 01:16:50,694 | EVENT: LOADING ROI DATA
RANK0000 | 2025-10-29 01:16:50,694 | EVENT: LOADING ROI DATA
RANK0000 | 2025-10-29 01:16:50,694 | EVENT: LOADING ROI DATA
RANK0000 | 2025-10-29 01:16:50,756 | Number of ROIS that will proceed to refinement: 87/92
RANK0000 | 2025-10-29 01:16:50,756 | Number of ROIS that will proceed to refinement: 87/92
RANK0000 | 2025-10-29 01:16:50,756 | Number of ROIS that will proceed to refinement: 87/92
RANK0000 | 2025-10-29 01:16:50,772 | Setting initial mosaicity from params.init.eta_abc: 0.000000 0.000000 0.000000
RANK0000 | 2025-10-29 01:16:50,772 | Setting initial mosaicity from params.init.eta_abc: 0.000000 0.000000 0.000000
RANK0000 | 2025-10-29 01:16:50,772 | Setting initial mosaicity from params.init.eta_abc: 0.000000 0.000000 0.000000
RANK0000 | 2025-10-29 01:16:50,772 | Number of mosaic domains from params: 1
RANK0000 | 2025-10-29 01:16:50,772 | Number of mosaic domains from params: 1
RANK0000 | 2025-10-29 01:16:50,772 | Number of mosaic domains from params: 1
RANK0000 | 2025-10-29 01:16:50,848 | Loaded simulator
RANK0000 | 2025-10-29 01:16:50,848 | Loaded simulator
RANK0000 | 2025-10-29 01:16:50,848 | Loaded simulator
RANK0000 | 2025-10-29 01:16:50,848 | Will not use mosaic models, as simulator.crystal.num_mosaicity_samples=1
RANK0000 | 2025-10-29 01:16:50,848 | Will not use mosaic models, as simulator.crystal.num_mosaicity_samples=1
RANK0000 | 2025-10-29 01:16:50,848 | Will not use mosaic models, as simulator.crystal.num_mosaicity_samples=1
RANK0000 | 2025-10-29 01:16:50,888 | EVENT: DONE LOADING ROI
RANK0000 | 2025-10-29 01:16:50,888 | EVENT: DONE LOADING ROI
RANK0000 | 2025-10-29 01:16:50,888 | EVENT: DONE LOADING ROI
RANK0000 | 2025-10-29 01:16:50,888 | Will simulate 1 energy channels
RANK0000 | 2025-10-29 01:16:50,888 | Will simulate 1 energy channels
RANK0000 | 2025-10-29 01:16:50,888 | Will simulate 1 energy channels
RANK0000 | 2025-10-29 01:16:50,889 | Process memory usage: 1.489456 GB on node ollie-System-Product-Name
RANK0000 | 2025-10-29 01:16:50,889 | Process memory usage: 1.489456 GB on node ollie-System-Product-Name
RANK0000 | 2025-10-29 01:16:50,889 | Process memory usage: 1.489456 GB on node ollie-System-Product-Name
RANK0000 | 2025-10-29 01:16:50,889 | Finished loading image 1 / 1 (1 / 1)
RANK0000 | 2025-10-29 01:16:50,889 | Finished loading image 1 / 1 (1 / 1)
RANK0000 | 2025-10-29 01:16:50,889 | Finished loading image 1 / 1 (1 / 1)
Warning, crystal system not determined, assuming triclinic
RANK0000 | 2025-10-29 01:16:50,889 | DONE LOADING DATA; ENTER BARRIER
RANK0000 | 2025-10-29 01:16:50,889 | DONE LOADING DATA; ENTER BARRIER
RANK0000 | 2025-10-29 01:16:50,889 | DONE LOADING DATA; ENTER BARRIER
RANK0000 | 2025-10-29 01:16:50,889 | DONE LOADING DATA; EXIT BARRIER
RANK0000 | 2025-10-29 01:16:50,889 | DONE LOADING DATA; EXIT BARRIER
RANK0000 | 2025-10-29 01:16:50,889 | DONE LOADING DATA; EXIT BARRIER
RANK0000 | 2025-10-29 01:16:50,889 | Mem after panel groups: 1.489456 GB on node ollie-System-Product-Name
RANK0000 | 2025-10-29 01:16:50,889 | Mem after panel groups: 1.489456 GB on node ollie-System-Product-Name
RANK0000 | 2025-10-29 01:16:50,889 | Mem after panel groups: 1.489456 GB on node ollie-System-Product-Name
RANK0000 | 2025-10-29 01:16:50,889 | EVENT: Gathering global HKL information
RANK0000 | 2025-10-29 01:16:50,889 | EVENT: Gathering global HKL information
RANK0000 | 2025-10-29 01:16:50,889 | EVENT: Gathering global HKL information
RANK0000 | 2025-10-29 01:16:50,991 | EVENT: FINISHED gather global HKL information
RANK0000 | 2025-10-29 01:16:50,991 | EVENT: FINISHED gather global HKL information
RANK0000 | 2025-10-29 01:16:50,991 | EVENT: FINISHED gather global HKL information
RANK0000 | 2025-10-29 01:16:50,991 | Mem after gather Hi info: 1.489456 GB on node ollie-System-Product-Name
RANK0000 | 2025-10-29 01:16:50,991 | Mem after gather Hi info: 1.489456 GB on node ollie-System-Product-Name
RANK0000 | 2025-10-29 01:16:50,991 | Mem after gather Hi info: 1.489456 GB on node ollie-System-Product-Name
RANK0000 | 2025-10-29 01:16:50,992 | BEGIN DETERMINE MAX PIX
RANK0000 | 2025-10-29 01:16:50,992 | BEGIN DETERMINE MAX PIX
RANK0000 | 2025-10-29 01:16:50,992 | BEGIN DETERMINE MAX PIX
RANK0000 | 2025-10-29 01:16:50,992 | Rank 0, max pix to be modeled: 8700
RANK0000 | 2025-10-29 01:16:50,992 | Rank 0, max pix to be modeled: 8700
RANK0000 | 2025-10-29 01:16:50,992 | Rank 0, max pix to be modeled: 8700
RANK0000 | 2025-10-29 01:16:50,992 | DONE DETERMINE MAX PIX
RANK0000 | 2025-10-29 01:16:50,992 | DONE DETERMINE MAX PIX
RANK0000 | 2025-10-29 01:16:50,992 | DONE DETERMINE MAX PIX
RANK0000 | 2025-10-29 01:16:50,992 | Mem after determine max num pix: 1.489456 GB on node ollie-System-Product-Name
RANK0000 | 2025-10-29 01:16:50,992 | Mem after determine max num pix: 1.489456 GB on node ollie-System-Product-Name
RANK0000 | 2025-10-29 01:16:50,992 | Mem after determine max num pix: 1.489456 GB on node ollie-System-Product-Name
RANK0000 | 2025-10-29 01:16:50,992 | Mem after load_inputs: 1.489456 GB on node ollie-System-Product-Name
RANK0000 | 2025-10-29 01:16:50,992 | Mem after load_inputs: 1.489456 GB on node ollie-System-Product-Name
RANK0000 | 2025-10-29 01:16:50,992 | Mem after load_inputs: 1.489456 GB on node ollie-System-Product-Name
How many pixels each rank will allocate for on its device:
(rnk0, dev0): 8700 pix
Iteration 1:
	Resid=194793.871040, sigmaZ 6.315154, t-per-iter=0.0344 sec, pred_offsets=
Iteration 2:
	Resid=281476832.960654, sigmaZ 253.603633, t-per-iter=0.0346 sec, pred_offsets=
Iteration 3:
	Resid=281477116.315740, sigmaZ 253.604744, t-per-iter=0.0343 sec, pred_offsets=
Iteration 4:
	Resid=194783.156208, sigmaZ 6.314956, t-per-iter=0.0341 sec, pred_offsets=
Iteration 5:
	Resid=194698.459904, sigmaZ 6.313381, t-per-iter=0.0340 sec, pred_offsets=
Iteration 6:
	Resid=194624.939695, sigmaZ 6.312013, t-per-iter=0.0339 sec, pred_offsets=
Iteration 7:
	Resid=194567.874290, sigmaZ 6.310987, t-per-iter=0.0338 sec, pred_offsets=
Iteration 8:
	Resid=194549.260674, sigmaZ 6.310632, t-per-iter=0.0337 sec, pred_offsets=
Iteration 9:
	Resid=194540.658469, sigmaZ 6.310480, t-per-iter=0.0337 sec, pred_offsets=
Iteration 10:
	Resid=194540.595011, sigmaZ 6.310479, t-per-iter=0.0337 sec, pred_offsets=
Iteration 11:
	Resid=194540.403167, sigmaZ 6.310475, t-per-iter=0.0336 sec, pred_offsets=
Iteration 12:
	Resid=194539.660344, sigmaZ 6.310461, t-per-iter=0.0336 sec, pred_offsets=
Iteration 13:
	Resid=194538.071301, sigmaZ 6.310430, t-per-iter=0.0336 sec, pred_offsets=
Iteration 14:
	Resid=194537.528446, sigmaZ 6.310421, t-per-iter=0.0336 sec, pred_offsets=
Iteration 15:
	Resid=194537.503828, sigmaZ 6.310421, t-per-iter=0.0335 sec, pred_offsets=
Iteration 16:
	Resid=194537.503540, sigmaZ 6.310421, t-per-iter=0.0335 sec, pred_offsets=
Iteration 17:
	Resid=194537.503538, sigmaZ 6.310421, t-per-iter=0.0335 sec, pred_offsets=
Final Iteration 17:
	Resid=194537.503538, sigmaZ 6.310421
Saved detector model to _geom.out/diffBragg_detector.expt
RANK0000 | 2025-10-29 01:16:51,633 | Number of ROIS that will proceed to refinement: 87/92
RANK0000 | 2025-10-29 01:16:51,633 | Number of ROIS that will proceed to refinement: 87/92
RANK0000 | 2025-10-29 01:16:51,633 | Number of ROIS that will proceed to refinement: 87/92
RANK0000 | 2025-10-29 01:16:51,651 | Setting initial mosaicity from params.init.eta_abc: 0.000000 0.000000 0.000000
RANK0000 | 2025-10-29 01:16:51,651 | Setting initial mosaicity from params.init.eta_abc: 0.000000 0.000000 0.000000
RANK0000 | 2025-10-29 01:16:51,651 | Setting initial mosaicity from params.init.eta_abc: 0.000000 0.000000 0.000000
RANK0000 | 2025-10-29 01:16:51,651 | Number of mosaic domains from params: 1
RANK0000 | 2025-10-29 01:16:51,651 | Number of mosaic domains from params: 1
RANK0000 | 2025-10-29 01:16:51,651 | Number of mosaic domains from params: 1
RANK0000 | 2025-10-29 01:16:51,723 | Loaded simulator
RANK0000 | 2025-10-29 01:16:51,723 | Loaded simulator
RANK0000 | 2025-10-29 01:16:51,723 | Loaded simulator
RANK0000 | 2025-10-29 01:16:51,724 | Will not use mosaic models, as simulator.crystal.num_mosaicity_samples=1
RANK0000 | 2025-10-29 01:16:51,724 | Will not use mosaic models, as simulator.crystal.num_mosaicity_samples=1
RANK0000 | 2025-10-29 01:16:51,724 | Will not use mosaic models, as simulator.crystal.num_mosaicity_samples=1
Warning, crystal system not determined, assuming triclinic
RANK0000 | 2025-10-29 01:16:51,724 | Unit cell variable a_Ang (currently=27.362127) is bounded by 24.625914 and 30.098340
RANK0000 | 2025-10-29 01:16:51,724 | Unit cell variable a_Ang (currently=27.362127) is bounded by 24.625914 and 30.098340
RANK0000 | 2025-10-29 01:16:51,724 | Unit cell variable a_Ang (currently=27.362127) is bounded by 24.625914 and 30.098340
RANK0000 | 2025-10-29 01:16:51,724 | Unit cell variable b_Ang (currently=32.056843) is bounded by 28.851158 and 35.262527
RANK0000 | 2025-10-29 01:16:51,724 | Unit cell variable b_Ang (currently=32.056843) is bounded by 28.851158 and 35.262527
RANK0000 | 2025-10-29 01:16:51,724 | Unit cell variable b_Ang (currently=32.056843) is bounded by 28.851158 and 35.262527
RANK0000 | 2025-10-29 01:16:51,724 | Unit cell variable c_Ang (currently=34.460784) is bounded by 31.014706 and 37.906862
RANK0000 | 2025-10-29 01:16:51,724 | Unit cell variable c_Ang (currently=34.460784) is bounded by 31.014706 and 37.906862
RANK0000 | 2025-10-29 01:16:51,724 | Unit cell variable c_Ang (currently=34.460784) is bounded by 31.014706 and 37.906862
RANK0000 | 2025-10-29 01:16:51,724 | Unit cell variable alpha_rad (currently=1.547964) is bounded by 1.460698 and 1.635231
RANK0000 | 2025-10-29 01:16:51,724 | Unit cell variable alpha_rad (currently=1.547964) is bounded by 1.460698 and 1.635231
RANK0000 | 2025-10-29 01:16:51,724 | Unit cell variable alpha_rad (currently=1.547964) is bounded by 1.460698 and 1.635231
RANK0000 | 2025-10-29 01:16:51,724 | Unit cell variable beta_rad (currently=1.249096) is bounded by 1.161830 and 1.336363
RANK0000 | 2025-10-29 01:16:51,724 | Unit cell variable beta_rad (currently=1.249096) is bounded by 1.161830 and 1.336363
RANK0000 | 2025-10-29 01:16:51,724 | Unit cell variable beta_rad (currently=1.249096) is bounded by 1.161830 and 1.336363
RANK0000 | 2025-10-29 01:16:51,724 | Unit cell variable gamma_rad (currently=1.189106) is bounded by 1.101840 and 1.276373
RANK0000 | 2025-10-29 01:16:51,724 | Unit cell variable gamma_rad (currently=1.189106) is bounded by 1.101840 and 1.276373
RANK0000 | 2025-10-29 01:16:51,724 | Unit cell variable gamma_rad (currently=1.189106) is bounded by 1.101840 and 1.276373
Warning, crystal system not determined, assuming triclinic
RANK0000 | 2025-10-29 01:16:58,681 | Filtered 5 / 92 reflections which did not show peaks in model
RANK0000 | 2025-10-29 01:16:58,681 | Filtered 5 / 92 reflections which did not show peaks in model
RANK0000 | 2025-10-29 01:16:58,681 | Filtered 5 / 92 reflections which did not show peaks in model
RANK0000 | 2025-10-29 01:16:58,754 | Number of ROIS that will proceed to refinement: 87/92
RANK0000 | 2025-10-29 01:16:58,754 | Number of ROIS that will proceed to refinement: 87/92
RANK0000 | 2025-10-29 01:16:58,754 | Number of ROIS that will proceed to refinement: 87/92
RANK0000 | 2025-10-29 01:16:58,771 | Setting initial mosaicity from params.init.eta_abc: 0.000000 0.000000 0.000000
RANK0000 | 2025-10-29 01:16:58,771 | Setting initial mosaicity from params.init.eta_abc: 0.000000 0.000000 0.000000
RANK0000 | 2025-10-29 01:16:58,771 | Setting initial mosaicity from params.init.eta_abc: 0.000000 0.000000 0.000000
RANK0000 | 2025-10-29 01:16:58,772 | Number of mosaic domains from params: 1
RANK0000 | 2025-10-29 01:16:58,772 | Number of mosaic domains from params: 1
RANK0000 | 2025-10-29 01:16:58,772 | Number of mosaic domains from params: 1
RANK0000 | 2025-10-29 01:16:58,852 | Loaded simulator
RANK0000 | 2025-10-29 01:16:58,852 | Loaded simulator
RANK0000 | 2025-10-29 01:16:58,852 | Loaded simulator
RANK0000 | 2025-10-29 01:16:58,852 | Will not use mosaic models, as simulator.crystal.num_mosaicity_samples=1
RANK0000 | 2025-10-29 01:16:58,852 | Will not use mosaic models, as simulator.crystal.num_mosaicity_samples=1
RANK0000 | 2025-10-29 01:16:58,852 | Will not use mosaic models, as simulator.crystal.num_mosaicity_samples=1
Warning, crystal system not determined, assuming triclinic
RANK0000 | 2025-10-29 01:16:58,963 | Unit cell variable a_Ang (currently=27.363198) is bounded by 24.626878 and 30.099518
RANK0000 | 2025-10-29 01:16:58,963 | Unit cell variable a_Ang (currently=27.363198) is bounded by 24.626878 and 30.099518
RANK0000 | 2025-10-29 01:16:58,963 | Unit cell variable a_Ang (currently=27.363198) is bounded by 24.626878 and 30.099518
RANK0000 | 2025-10-29 01:16:58,963 | Unit cell variable b_Ang (currently=32.057405) is bounded by 28.851665 and 35.263146
RANK0000 | 2025-10-29 01:16:58,963 | Unit cell variable b_Ang (currently=32.057405) is bounded by 28.851665 and 35.263146
RANK0000 | 2025-10-29 01:16:58,963 | Unit cell variable b_Ang (currently=32.057405) is bounded by 28.851665 and 35.263146
RANK0000 | 2025-10-29 01:16:58,963 | Unit cell variable c_Ang (currently=34.465448) is bounded by 31.018903 and 37.911993
RANK0000 | 2025-10-29 01:16:58,963 | Unit cell variable c_Ang (currently=34.465448) is bounded by 31.018903 and 37.911993
RANK0000 | 2025-10-29 01:16:58,963 | Unit cell variable c_Ang (currently=34.465448) is bounded by 31.018903 and 37.911993
RANK0000 | 2025-10-29 01:16:58,963 | Unit cell variable alpha_rad (currently=1.547777) is bounded by 1.460511 and 1.635044
RANK0000 | 2025-10-29 01:16:58,963 | Unit cell variable alpha_rad (currently=1.547777) is bounded by 1.460511 and 1.635044
RANK0000 | 2025-10-29 01:16:58,963 | Unit cell variable alpha_rad (currently=1.547777) is bounded by 1.460511 and 1.635044
RANK0000 | 2025-10-29 01:16:58,963 | Unit cell variable beta_rad (currently=1.248920) is bounded by 1.161654 and 1.336187
RANK0000 | 2025-10-29 01:16:58,963 | Unit cell variable beta_rad (currently=1.248920) is bounded by 1.161654 and 1.336187
RANK0000 | 2025-10-29 01:16:58,963 | Unit cell variable beta_rad (currently=1.248920) is bounded by 1.161654 and 1.336187
RANK0000 | 2025-10-29 01:16:58,964 | Unit cell variable gamma_rad (currently=1.189029) is bounded by 1.101763 and 1.276296
RANK0000 | 2025-10-29 01:16:58,964 | Unit cell variable gamma_rad (currently=1.189029) is bounded by 1.101763 and 1.276296
RANK0000 | 2025-10-29 01:16:58,964 | Unit cell variable gamma_rad (currently=1.189029) is bounded by 1.101763 and 1.276296
Warning, crystal system not determined, assuming triclinic
RANK0000 | 2025-10-29 01:17:04,299 | Filtered 5 / 92 reflections which did not show peaks in model
RANK0000 | 2025-10-29 01:17:04,299 | Filtered 5 / 92 reflections which did not show peaks in model
RANK0000 | 2025-10-29 01:17:04,299 | Filtered 5 / 92 reflections which did not show peaks in model
Warning, crystal system not determined, assuming triclinic
Will optimize using 1 experiments
RANK0000 | 2025-10-29 01:17:04,433 | Loading nrefls per shot
RANK0000 | 2025-10-29 01:17:04,433 | Loading nrefls per shot
RANK0000 | 2025-10-29 01:17:04,433 | Loading nrefls per shot
RANK0000 | 2025-10-29 01:17:04,433 | Loading nrefls per shot
Found 1 shots originally, but only 1 had finite number of refls to model
RANK0000 | 2025-10-29 01:17:04,435 | EVENT: begin loading inputs
RANK0000 | 2025-10-29 01:17:04,435 | EVENT: begin loading inputs
RANK0000 | 2025-10-29 01:17:04,435 | EVENT: begin loading inputs
RANK0000 | 2025-10-29 01:17:04,435 | EVENT: begin loading inputs
RANK0000 | 2025-10-29 01:17:04,463 | Will use space group symbol P 1
RANK0000 | 2025-10-29 01:17:04,463 | Will use space group symbol P 1
RANK0000 | 2025-10-29 01:17:04,463 | Will use space group symbol P 1
RANK0000 | 2025-10-29 01:17:04,463 | Will use space group symbol P 1
RANK0000 | 2025-10-29 01:17:04,592 | EVENT: BEGIN loading experiment list
RANK0000 | 2025-10-29 01:17:04,592 | EVENT: BEGIN loading experiment list
RANK0000 | 2025-10-29 01:17:04,592 | EVENT: BEGIN loading experiment list
RANK0000 | 2025-10-29 01:17:04,592 | EVENT: BEGIN loading experiment list
RANK0000 | 2025-10-29 01:17:04,594 | EVENT: DONE loading experiment list
RANK0000 | 2025-10-29 01:17:04,594 | EVENT: DONE loading experiment list
RANK0000 | 2025-10-29 01:17:04,594 | EVENT: DONE loading experiment list
RANK0000 | 2025-10-29 01:17:04,594 | EVENT: DONE loading experiment list
Warning, crystal system not determined, assuming triclinic
RANK0000 | 2025-10-29 01:17:04,595 | EVENT: LOADING ROI DATA
RANK0000 | 2025-10-29 01:17:04,595 | EVENT: LOADING ROI DATA
RANK0000 | 2025-10-29 01:17:04,595 | EVENT: LOADING ROI DATA
RANK0000 | 2025-10-29 01:17:04,595 | EVENT: LOADING ROI DATA
RANK0000 | 2025-10-29 01:17:04,659 | Number of ROIS that will proceed to refinement: 87/92
RANK0000 | 2025-10-29 01:17:04,659 | Number of ROIS that will proceed to refinement: 87/92
RANK0000 | 2025-10-29 01:17:04,659 | Number of ROIS that will proceed to refinement: 87/92
RANK0000 | 2025-10-29 01:17:04,659 | Number of ROIS that will proceed to refinement: 87/92
RANK0000 | 2025-10-29 01:17:04,676 | Setting initial mosaicity from params.init.eta_abc: 0.000000 0.000000 0.000000
RANK0000 | 2025-10-29 01:17:04,676 | Setting initial mosaicity from params.init.eta_abc: 0.000000 0.000000 0.000000
RANK0000 | 2025-10-29 01:17:04,676 | Setting initial mosaicity from params.init.eta_abc: 0.000000 0.000000 0.000000
RANK0000 | 2025-10-29 01:17:04,676 | Setting initial mosaicity from params.init.eta_abc: 0.000000 0.000000 0.000000
RANK0000 | 2025-10-29 01:17:04,676 | Number of mosaic domains from params: 1
RANK0000 | 2025-10-29 01:17:04,676 | Number of mosaic domains from params: 1
RANK0000 | 2025-10-29 01:17:04,676 | Number of mosaic domains from params: 1
RANK0000 | 2025-10-29 01:17:04,676 | Number of mosaic domains from params: 1
RANK0000 | 2025-10-29 01:17:04,747 | Loaded simulator
RANK0000 | 2025-10-29 01:17:04,747 | Loaded simulator
RANK0000 | 2025-10-29 01:17:04,747 | Loaded simulator
RANK0000 | 2025-10-29 01:17:04,747 | Loaded simulator
RANK0000 | 2025-10-29 01:17:04,747 | Will not use mosaic models, as simulator.crystal.num_mosaicity_samples=1
RANK0000 | 2025-10-29 01:17:04,747 | Will not use mosaic models, as simulator.crystal.num_mosaicity_samples=1
RANK0000 | 2025-10-29 01:17:04,747 | Will not use mosaic models, as simulator.crystal.num_mosaicity_samples=1
RANK0000 | 2025-10-29 01:17:04,747 | Will not use mosaic models, as simulator.crystal.num_mosaicity_samples=1
RANK0000 | 2025-10-29 01:17:04,785 | EVENT: DONE LOADING ROI
RANK0000 | 2025-10-29 01:17:04,785 | EVENT: DONE LOADING ROI
RANK0000 | 2025-10-29 01:17:04,785 | EVENT: DONE LOADING ROI
RANK0000 | 2025-10-29 01:17:04,785 | EVENT: DONE LOADING ROI
RANK0000 | 2025-10-29 01:17:04,786 | Will simulate 1 energy channels
RANK0000 | 2025-10-29 01:17:04,786 | Will simulate 1 energy channels
RANK0000 | 2025-10-29 01:17:04,786 | Will simulate 1 energy channels
RANK0000 | 2025-10-29 01:17:04,786 | Will simulate 1 energy channels
RANK0000 | 2025-10-29 01:17:04,786 | Process memory usage: 1.629383 GB on node ollie-System-Product-Name
RANK0000 | 2025-10-29 01:17:04,786 | Process memory usage: 1.629383 GB on node ollie-System-Product-Name
RANK0000 | 2025-10-29 01:17:04,786 | Process memory usage: 1.629383 GB on node ollie-System-Product-Name
RANK0000 | 2025-10-29 01:17:04,786 | Process memory usage: 1.629383 GB on node ollie-System-Product-Name
RANK0000 | 2025-10-29 01:17:04,786 | Finished loading image 1 / 1 (1 / 1)
RANK0000 | 2025-10-29 01:17:04,786 | Finished loading image 1 / 1 (1 / 1)
RANK0000 | 2025-10-29 01:17:04,786 | Finished loading image 1 / 1 (1 / 1)
RANK0000 | 2025-10-29 01:17:04,786 | Finished loading image 1 / 1 (1 / 1)
Warning, crystal system not determined, assuming triclinic
RANK0000 | 2025-10-29 01:17:04,787 | DONE LOADING DATA; ENTER BARRIER
RANK0000 | 2025-10-29 01:17:04,787 | DONE LOADING DATA; ENTER BARRIER
RANK0000 | 2025-10-29 01:17:04,787 | DONE LOADING DATA; ENTER BARRIER
RANK0000 | 2025-10-29 01:17:04,787 | DONE LOADING DATA; ENTER BARRIER
RANK0000 | 2025-10-29 01:17:04,787 | DONE LOADING DATA; EXIT BARRIER
RANK0000 | 2025-10-29 01:17:04,787 | DONE LOADING DATA; EXIT BARRIER
RANK0000 | 2025-10-29 01:17:04,787 | DONE LOADING DATA; EXIT BARRIER
RANK0000 | 2025-10-29 01:17:04,787 | DONE LOADING DATA; EXIT BARRIER
RANK0000 | 2025-10-29 01:17:04,787 | Mem after panel groups: 1.629383 GB on node ollie-System-Product-Name
RANK0000 | 2025-10-29 01:17:04,787 | Mem after panel groups: 1.629383 GB on node ollie-System-Product-Name
RANK0000 | 2025-10-29 01:17:04,787 | Mem after panel groups: 1.629383 GB on node ollie-System-Product-Name
RANK0000 | 2025-10-29 01:17:04,787 | Mem after panel groups: 1.629383 GB on node ollie-System-Product-Name
RANK0000 | 2025-10-29 01:17:04,787 | EVENT: Gathering global HKL information
RANK0000 | 2025-10-29 01:17:04,787 | EVENT: Gathering global HKL information
RANK0000 | 2025-10-29 01:17:04,787 | EVENT: Gathering global HKL information
RANK0000 | 2025-10-29 01:17:04,787 | EVENT: Gathering global HKL information
RANK0000 | 2025-10-29 01:17:04,889 | EVENT: FINISHED gather global HKL information
RANK0000 | 2025-10-29 01:17:04,889 | EVENT: FINISHED gather global HKL information
RANK0000 | 2025-10-29 01:17:04,889 | EVENT: FINISHED gather global HKL information
RANK0000 | 2025-10-29 01:17:04,889 | EVENT: FINISHED gather global HKL information
RANK0000 | 2025-10-29 01:17:04,889 | Mem after gather Hi info: 1.629383 GB on node ollie-System-Product-Name
RANK0000 | 2025-10-29 01:17:04,889 | Mem after gather Hi info: 1.629383 GB on node ollie-System-Product-Name
RANK0000 | 2025-10-29 01:17:04,889 | Mem after gather Hi info: 1.629383 GB on node ollie-System-Product-Name
RANK0000 | 2025-10-29 01:17:04,889 | Mem after gather Hi info: 1.629383 GB on node ollie-System-Product-Name
RANK0000 | 2025-10-29 01:17:04,889 | BEGIN DETERMINE MAX PIX
RANK0000 | 2025-10-29 01:17:04,889 | BEGIN DETERMINE MAX PIX
RANK0000 | 2025-10-29 01:17:04,889 | BEGIN DETERMINE MAX PIX
RANK0000 | 2025-10-29 01:17:04,889 | BEGIN DETERMINE MAX PIX
RANK0000 | 2025-10-29 01:17:04,889 | Rank 0, max pix to be modeled: 8700
RANK0000 | 2025-10-29 01:17:04,889 | Rank 0, max pix to be modeled: 8700
RANK0000 | 2025-10-29 01:17:04,889 | Rank 0, max pix to be modeled: 8700
RANK0000 | 2025-10-29 01:17:04,889 | Rank 0, max pix to be modeled: 8700
RANK0000 | 2025-10-29 01:17:04,889 | DONE DETERMINE MAX PIX
RANK0000 | 2025-10-29 01:17:04,889 | DONE DETERMINE MAX PIX
RANK0000 | 2025-10-29 01:17:04,889 | DONE DETERMINE MAX PIX
RANK0000 | 2025-10-29 01:17:04,889 | DONE DETERMINE MAX PIX
RANK0000 | 2025-10-29 01:17:04,890 | Mem after determine max num pix: 1.629383 GB on node ollie-System-Product-Name
RANK0000 | 2025-10-29 01:17:04,890 | Mem after determine max num pix: 1.629383 GB on node ollie-System-Product-Name
RANK0000 | 2025-10-29 01:17:04,890 | Mem after determine max num pix: 1.629383 GB on node ollie-System-Product-Name
RANK0000 | 2025-10-29 01:17:04,890 | Mem after determine max num pix: 1.629383 GB on node ollie-System-Product-Name
RANK0000 | 2025-10-29 01:17:04,890 | Mem after load_inputs: 1.629383 GB on node ollie-System-Product-Name
RANK0000 | 2025-10-29 01:17:04,890 | Mem after load_inputs: 1.629383 GB on node ollie-System-Product-Name
RANK0000 | 2025-10-29 01:17:04,890 | Mem after load_inputs: 1.629383 GB on node ollie-System-Product-Name
RANK0000 | 2025-10-29 01:17:04,890 | Mem after load_inputs: 1.629383 GB on node ollie-System-Product-Name
How many pixels each rank will allocate for on its device:
(rnk0, dev0): 8700 pix
Iteration 1:
	Resid=193764.796244, sigmaZ 6.296367, t-per-iter=0.0396 sec, pred_offsets=
Iteration 2:
	Resid=281476833.343002, sigmaZ 253.603642, t-per-iter=0.0395 sec, pred_offsets=
Iteration 3:
	Resid=281553265.351062, sigmaZ 253.665356, t-per-iter=0.0392 sec, pred_offsets=
Iteration 4:
	Resid=193752.246831, sigmaZ 6.296135, t-per-iter=0.0391 sec, pred_offsets=
Iteration 5:
	Resid=193658.531515, sigmaZ 6.294377, t-per-iter=0.0390 sec, pred_offsets=
Iteration 6:
	Resid=193585.411473, sigmaZ 6.293002, t-per-iter=0.0390 sec, pred_offsets=
Iteration 7:
	Resid=193577.136804, sigmaZ 6.292859, t-per-iter=0.0389 sec, pred_offsets=
Iteration 8:
	Resid=193572.207231, sigmaZ 6.292778, t-per-iter=0.0389 sec, pred_offsets=
Iteration 9:
	Resid=193571.461542, sigmaZ 6.292766, t-per-iter=0.0388 sec, pred_offsets=
Iteration 10:
	Resid=193570.944857, sigmaZ 6.292756, t-per-iter=0.0388 sec, pred_offsets=
Iteration 11:
	Resid=193569.387056, sigmaZ 6.292727, t-per-iter=0.0388 sec, pred_offsets=
Iteration 12:
	Resid=193567.639334, sigmaZ 6.292693, t-per-iter=0.0388 sec, pred_offsets=
Iteration 13:
	Resid=193566.241967, sigmaZ 6.292666, t-per-iter=0.0387 sec, pred_offsets=
Iteration 14:
	Resid=193566.105965, sigmaZ 6.292661, t-per-iter=0.0387 sec, pred_offsets=
Iteration 15:
	Resid=193566.084871, sigmaZ 6.292660, t-per-iter=0.0387 sec, pred_offsets=
Iteration 16:
	Resid=193566.018907, sigmaZ 6.292658, t-per-iter=0.0387 sec, pred_offsets=
Iteration 17:
	Resid=193565.932160, sigmaZ 6.292656, t-per-iter=0.0387 sec, pred_offsets=
Iteration 18:
	Resid=193566.067704, sigmaZ 6.292656, t-per-iter=0.0387 sec, pred_offsets=
Iteration 19:
	Resid=193565.906107, sigmaZ 6.292655, t-per-iter=0.0387 sec, pred_offsets=
Iteration 20:
	Resid=193565.849803, sigmaZ 6.292654, t-per-iter=0.0387 sec, pred_offsets=
Iteration 21:
	Resid=193565.836481, sigmaZ 6.292654, t-per-iter=0.0387 sec, pred_offsets=
Iteration 22:
	Resid=193565.835583, sigmaZ 6.292654, t-per-iter=0.0387 sec, pred_offsets=
Iteration 23:
	Resid=193565.835570, sigmaZ 6.292654, t-per-iter=0.0387 sec, pred_offsets=
Final Iteration 23:
	Resid=193565.835570, sigmaZ 6.292654
Saved detector model to _geom.out/diffBragg_detector.expt
RANK0000 | 2025-10-29 01:17:05,847 | Number of ROIS that will proceed to refinement: 87/92
RANK0000 | 2025-10-29 01:17:05,847 | Number of ROIS that will proceed to refinement: 87/92
RANK0000 | 2025-10-29 01:17:05,847 | Number of ROIS that will proceed to refinement: 87/92
RANK0000 | 2025-10-29 01:17:05,847 | Number of ROIS that will proceed to refinement: 87/92
RANK0000 | 2025-10-29 01:17:05,864 | Setting initial mosaicity from params.init.eta_abc: 0.000000 0.000000 0.000000
RANK0000 | 2025-10-29 01:17:05,864 | Setting initial mosaicity from params.init.eta_abc: 0.000000 0.000000 0.000000
RANK0000 | 2025-10-29 01:17:05,864 | Setting initial mosaicity from params.init.eta_abc: 0.000000 0.000000 0.000000
RANK0000 | 2025-10-29 01:17:05,864 | Setting initial mosaicity from params.init.eta_abc: 0.000000 0.000000 0.000000
RANK0000 | 2025-10-29 01:17:05,864 | Number of mosaic domains from params: 1
RANK0000 | 2025-10-29 01:17:05,864 | Number of mosaic domains from params: 1
RANK0000 | 2025-10-29 01:17:05,864 | Number of mosaic domains from params: 1
RANK0000 | 2025-10-29 01:17:05,864 | Number of mosaic domains from params: 1
RANK0000 | 2025-10-29 01:17:05,934 | Loaded simulator
RANK0000 | 2025-10-29 01:17:05,934 | Loaded simulator
RANK0000 | 2025-10-29 01:17:05,934 | Loaded simulator
RANK0000 | 2025-10-29 01:17:05,934 | Loaded simulator
RANK0000 | 2025-10-29 01:17:05,934 | Will not use mosaic models, as simulator.crystal.num_mosaicity_samples=1
RANK0000 | 2025-10-29 01:17:05,934 | Will not use mosaic models, as simulator.crystal.num_mosaicity_samples=1
RANK0000 | 2025-10-29 01:17:05,934 | Will not use mosaic models, as simulator.crystal.num_mosaicity_samples=1
RANK0000 | 2025-10-29 01:17:05,934 | Will not use mosaic models, as simulator.crystal.num_mosaicity_samples=1
Warning, crystal system not determined, assuming triclinic
RANK0000 | 2025-10-29 01:17:05,934 | Unit cell variable a_Ang (currently=27.363198) is bounded by 24.626878 and 30.099518
RANK0000 | 2025-10-29 01:17:05,934 | Unit cell variable a_Ang (currently=27.363198) is bounded by 24.626878 and 30.099518
RANK0000 | 2025-10-29 01:17:05,934 | Unit cell variable a_Ang (currently=27.363198) is bounded by 24.626878 and 30.099518
RANK0000 | 2025-10-29 01:17:05,934 | Unit cell variable a_Ang (currently=27.363198) is bounded by 24.626878 and 30.099518
RANK0000 | 2025-10-29 01:17:05,934 | Unit cell variable b_Ang (currently=32.057405) is bounded by 28.851665 and 35.263146
RANK0000 | 2025-10-29 01:17:05,934 | Unit cell variable b_Ang (currently=32.057405) is bounded by 28.851665 and 35.263146
RANK0000 | 2025-10-29 01:17:05,934 | Unit cell variable b_Ang (currently=32.057405) is bounded by 28.851665 and 35.263146
RANK0000 | 2025-10-29 01:17:05,934 | Unit cell variable b_Ang (currently=32.057405) is bounded by 28.851665 and 35.263146
RANK0000 | 2025-10-29 01:17:05,935 | Unit cell variable c_Ang (currently=34.465448) is bounded by 31.018903 and 37.911993
RANK0000 | 2025-10-29 01:17:05,935 | Unit cell variable c_Ang (currently=34.465448) is bounded by 31.018903 and 37.911993
RANK0000 | 2025-10-29 01:17:05,935 | Unit cell variable c_Ang (currently=34.465448) is bounded by 31.018903 and 37.911993
RANK0000 | 2025-10-29 01:17:05,935 | Unit cell variable c_Ang (currently=34.465448) is bounded by 31.018903 and 37.911993
RANK0000 | 2025-10-29 01:17:05,935 | Unit cell variable alpha_rad (currently=1.547777) is bounded by 1.460511 and 1.635044
RANK0000 | 2025-10-29 01:17:05,935 | Unit cell variable alpha_rad (currently=1.547777) is bounded by 1.460511 and 1.635044
RANK0000 | 2025-10-29 01:17:05,935 | Unit cell variable alpha_rad (currently=1.547777) is bounded by 1.460511 and 1.635044
RANK0000 | 2025-10-29 01:17:05,935 | Unit cell variable alpha_rad (currently=1.547777) is bounded by 1.460511 and 1.635044
RANK0000 | 2025-10-29 01:17:05,935 | Unit cell variable beta_rad (currently=1.248920) is bounded by 1.161654 and 1.336187
RANK0000 | 2025-10-29 01:17:05,935 | Unit cell variable beta_rad (currently=1.248920) is bounded by 1.161654 and 1.336187
RANK0000 | 2025-10-29 01:17:05,935 | Unit cell variable beta_rad (currently=1.248920) is bounded by 1.161654 and 1.336187
RANK0000 | 2025-10-29 01:17:05,935 | Unit cell variable beta_rad (currently=1.248920) is bounded by 1.161654 and 1.336187
RANK0000 | 2025-10-29 01:17:05,935 | Unit cell variable gamma_rad (currently=1.189029) is bounded by 1.101763 and 1.276296
RANK0000 | 2025-10-29 01:17:05,935 | Unit cell variable gamma_rad (currently=1.189029) is bounded by 1.101763 and 1.276296
RANK0000 | 2025-10-29 01:17:05,935 | Unit cell variable gamma_rad (currently=1.189029) is bounded by 1.101763 and 1.276296
RANK0000 | 2025-10-29 01:17:05,935 | Unit cell variable gamma_rad (currently=1.189029) is bounded by 1.101763 and 1.276296
Warning, crystal system not determined, assuming triclinic
RANK0000 | 2025-10-29 01:17:13,289 | Filtered 5 / 92 reflections which did not show peaks in model
RANK0000 | 2025-10-29 01:17:13,289 | Filtered 5 / 92 reflections which did not show peaks in model
RANK0000 | 2025-10-29 01:17:13,289 | Filtered 5 / 92 reflections which did not show peaks in model
RANK0000 | 2025-10-29 01:17:13,289 | Filtered 5 / 92 reflections which did not show peaks in model
RANK0000 | 2025-10-29 01:17:13,358 | Number of ROIS that will proceed to refinement: 87/92
RANK0000 | 2025-10-29 01:17:13,358 | Number of ROIS that will proceed to refinement: 87/92
RANK0000 | 2025-10-29 01:17:13,358 | Number of ROIS that will proceed to refinement: 87/92
RANK0000 | 2025-10-29 01:17:13,358 | Number of ROIS that will proceed to refinement: 87/92
RANK0000 | 2025-10-29 01:17:13,376 | Setting initial mosaicity from params.init.eta_abc: 0.000000 0.000000 0.000000
RANK0000 | 2025-10-29 01:17:13,376 | Setting initial mosaicity from params.init.eta_abc: 0.000000 0.000000 0.000000
RANK0000 | 2025-10-29 01:17:13,376 | Setting initial mosaicity from params.init.eta_abc: 0.000000 0.000000 0.000000
RANK0000 | 2025-10-29 01:17:13,376 | Setting initial mosaicity from params.init.eta_abc: 0.000000 0.000000 0.000000
RANK0000 | 2025-10-29 01:17:13,376 | Number of mosaic domains from params: 1
RANK0000 | 2025-10-29 01:17:13,376 | Number of mosaic domains from params: 1
RANK0000 | 2025-10-29 01:17:13,376 | Number of mosaic domains from params: 1
RANK0000 | 2025-10-29 01:17:13,376 | Number of mosaic domains from params: 1
RANK0000 | 2025-10-29 01:17:13,445 | Loaded simulator
RANK0000 | 2025-10-29 01:17:13,445 | Loaded simulator
RANK0000 | 2025-10-29 01:17:13,445 | Loaded simulator
RANK0000 | 2025-10-29 01:17:13,445 | Loaded simulator
RANK0000 | 2025-10-29 01:17:13,445 | Will not use mosaic models, as simulator.crystal.num_mosaicity_samples=1
RANK0000 | 2025-10-29 01:17:13,445 | Will not use mosaic models, as simulator.crystal.num_mosaicity_samples=1
RANK0000 | 2025-10-29 01:17:13,445 | Will not use mosaic models, as simulator.crystal.num_mosaicity_samples=1
RANK0000 | 2025-10-29 01:17:13,445 | Will not use mosaic models, as simulator.crystal.num_mosaicity_samples=1
Warning, crystal system not determined, assuming triclinic
RANK0000 | 2025-10-29 01:17:13,562 | Unit cell variable a_Ang (currently=27.364208) is bounded by 24.627788 and 30.100629
RANK0000 | 2025-10-29 01:17:13,562 | Unit cell variable a_Ang (currently=27.364208) is bounded by 24.627788 and 30.100629
RANK0000 | 2025-10-29 01:17:13,562 | Unit cell variable a_Ang (currently=27.364208) is bounded by 24.627788 and 30.100629
RANK0000 | 2025-10-29 01:17:13,562 | Unit cell variable a_Ang (currently=27.364208) is bounded by 24.627788 and 30.100629
RANK0000 | 2025-10-29 01:17:13,562 | Unit cell variable b_Ang (currently=32.057679) is bounded by 28.851911 and 35.263447
RANK0000 | 2025-10-29 01:17:13,562 | Unit cell variable b_Ang (currently=32.057679) is bounded by 28.851911 and 35.263447
RANK0000 | 2025-10-29 01:17:13,562 | Unit cell variable b_Ang (currently=32.057679) is bounded by 28.851911 and 35.263447
RANK0000 | 2025-10-29 01:17:13,562 | Unit cell variable b_Ang (currently=32.057679) is bounded by 28.851911 and 35.263447
RANK0000 | 2025-10-29 01:17:13,563 | Unit cell variable c_Ang (currently=34.469319) is bounded by 31.022387 and 37.916251
RANK0000 | 2025-10-29 01:17:13,563 | Unit cell variable c_Ang (currently=34.469319) is bounded by 31.022387 and 37.916251
RANK0000 | 2025-10-29 01:17:13,563 | Unit cell variable c_Ang (currently=34.469319) is bounded by 31.022387 and 37.916251
RANK0000 | 2025-10-29 01:17:13,563 | Unit cell variable c_Ang (currently=34.469319) is bounded by 31.022387 and 37.916251
RANK0000 | 2025-10-29 01:17:13,563 | Unit cell variable alpha_rad (currently=1.547626) is bounded by 1.460360 and 1.634893
RANK0000 | 2025-10-29 01:17:13,563 | Unit cell variable alpha_rad (currently=1.547626) is bounded by 1.460360 and 1.634893
RANK0000 | 2025-10-29 01:17:13,563 | Unit cell variable alpha_rad (currently=1.547626) is bounded by 1.460360 and 1.634893
RANK0000 | 2025-10-29 01:17:13,563 | Unit cell variable alpha_rad (currently=1.547626) is bounded by 1.460360 and 1.634893
RANK0000 | 2025-10-29 01:17:13,563 | Unit cell variable beta_rad (currently=1.248772) is bounded by 1.161505 and 1.336038
RANK0000 | 2025-10-29 01:17:13,563 | Unit cell variable beta_rad (currently=1.248772) is bounded by 1.161505 and 1.336038
RANK0000 | 2025-10-29 01:17:13,563 | Unit cell variable beta_rad (currently=1.248772) is bounded by 1.161505 and 1.336038
RANK0000 | 2025-10-29 01:17:13,563 | Unit cell variable beta_rad (currently=1.248772) is bounded by 1.161505 and 1.336038
RANK0000 | 2025-10-29 01:17:13,563 | Unit cell variable gamma_rad (currently=1.188969) is bounded by 1.101702 and 1.276235
RANK0000 | 2025-10-29 01:17:13,563 | Unit cell variable gamma_rad (currently=1.188969) is bounded by 1.101702 and 1.276235
RANK0000 | 2025-10-29 01:17:13,563 | Unit cell variable gamma_rad (currently=1.188969) is bounded by 1.101702 and 1.276235
RANK0000 | 2025-10-29 01:17:13,563 | Unit cell variable gamma_rad (currently=1.188969) is bounded by 1.101702 and 1.276235
Warning, crystal system not determined, assuming triclinic
RANK0000 | 2025-10-29 01:17:18,895 | Filtered 5 / 92 reflections which did not show peaks in model
RANK0000 | 2025-10-29 01:17:18,895 | Filtered 5 / 92 reflections which did not show peaks in model
RANK0000 | 2025-10-29 01:17:18,895 | Filtered 5 / 92 reflections which did not show peaks in model
RANK0000 | 2025-10-29 01:17:18,895 | Filtered 5 / 92 reflections which did not show peaks in model
Warning, crystal system not determined, assuming triclinic
Will optimize using 1 experiments
RANK0000 | 2025-10-29 01:17:19,028 | Loading nrefls per shot
RANK0000 | 2025-10-29 01:17:19,028 | Loading nrefls per shot
RANK0000 | 2025-10-29 01:17:19,028 | Loading nrefls per shot
RANK0000 | 2025-10-29 01:17:19,028 | Loading nrefls per shot
RANK0000 | 2025-10-29 01:17:19,028 | Loading nrefls per shot
Found 1 shots originally, but only 1 had finite number of refls to model
RANK0000 | 2025-10-29 01:17:19,029 | EVENT: begin loading inputs
RANK0000 | 2025-10-29 01:17:19,029 | EVENT: begin loading inputs
RANK0000 | 2025-10-29 01:17:19,029 | EVENT: begin loading inputs
RANK0000 | 2025-10-29 01:17:19,029 | EVENT: begin loading inputs
RANK0000 | 2025-10-29 01:17:19,029 | EVENT: begin loading inputs
RANK0000 | 2025-10-29 01:17:19,057 | Will use space group symbol P 1
RANK0000 | 2025-10-29 01:17:19,057 | Will use space group symbol P 1
RANK0000 | 2025-10-29 01:17:19,057 | Will use space group symbol P 1
RANK0000 | 2025-10-29 01:17:19,057 | Will use space group symbol P 1
RANK0000 | 2025-10-29 01:17:19,057 | Will use space group symbol P 1
RANK0000 | 2025-10-29 01:17:19,188 | EVENT: BEGIN loading experiment list
RANK0000 | 2025-10-29 01:17:19,188 | EVENT: BEGIN loading experiment list
RANK0000 | 2025-10-29 01:17:19,188 | EVENT: BEGIN loading experiment list
RANK0000 | 2025-10-29 01:17:19,188 | EVENT: BEGIN loading experiment list
RANK0000 | 2025-10-29 01:17:19,188 | EVENT: BEGIN loading experiment list
RANK0000 | 2025-10-29 01:17:19,189 | EVENT: DONE loading experiment list
RANK0000 | 2025-10-29 01:17:19,189 | EVENT: DONE loading experiment list
RANK0000 | 2025-10-29 01:17:19,189 | EVENT: DONE loading experiment list
RANK0000 | 2025-10-29 01:17:19,189 | EVENT: DONE loading experiment list
RANK0000 | 2025-10-29 01:17:19,189 | EVENT: DONE loading experiment list
Warning, crystal system not determined, assuming triclinic
RANK0000 | 2025-10-29 01:17:19,191 | EVENT: LOADING ROI DATA
RANK0000 | 2025-10-29 01:17:19,191 | EVENT: LOADING ROI DATA
RANK0000 | 2025-10-29 01:17:19,191 | EVENT: LOADING ROI DATA
RANK0000 | 2025-10-29 01:17:19,191 | EVENT: LOADING ROI DATA
RANK0000 | 2025-10-29 01:17:19,191 | EVENT: LOADING ROI DATA
RANK0000 | 2025-10-29 01:17:19,264 | Number of ROIS that will proceed to refinement: 87/92
RANK0000 | 2025-10-29 01:17:19,264 | Number of ROIS that will proceed to refinement: 87/92
RANK0000 | 2025-10-29 01:17:19,264 | Number of ROIS that will proceed to refinement: 87/92
RANK0000 | 2025-10-29 01:17:19,264 | Number of ROIS that will proceed to refinement: 87/92
RANK0000 | 2025-10-29 01:17:19,264 | Number of ROIS that will proceed to refinement: 87/92
RANK0000 | 2025-10-29 01:17:19,280 | Setting initial mosaicity from params.init.eta_abc: 0.000000 0.000000 0.000000
RANK0000 | 2025-10-29 01:17:19,280 | Setting initial mosaicity from params.init.eta_abc: 0.000000 0.000000 0.000000
RANK0000 | 2025-10-29 01:17:19,280 | Setting initial mosaicity from params.init.eta_abc: 0.000000 0.000000 0.000000
RANK0000 | 2025-10-29 01:17:19,280 | Setting initial mosaicity from params.init.eta_abc: 0.000000 0.000000 0.000000
RANK0000 | 2025-10-29 01:17:19,280 | Setting initial mosaicity from params.init.eta_abc: 0.000000 0.000000 0.000000
RANK0000 | 2025-10-29 01:17:19,281 | Number of mosaic domains from params: 1
RANK0000 | 2025-10-29 01:17:19,281 | Number of mosaic domains from params: 1
RANK0000 | 2025-10-29 01:17:19,281 | Number of mosaic domains from params: 1
RANK0000 | 2025-10-29 01:17:19,281 | Number of mosaic domains from params: 1
RANK0000 | 2025-10-29 01:17:19,281 | Number of mosaic domains from params: 1
RANK0000 | 2025-10-29 01:17:19,357 | Loaded simulator
RANK0000 | 2025-10-29 01:17:19,357 | Loaded simulator
RANK0000 | 2025-10-29 01:17:19,357 | Loaded simulator
RANK0000 | 2025-10-29 01:17:19,357 | Loaded simulator
RANK0000 | 2025-10-29 01:17:19,357 | Loaded simulator
RANK0000 | 2025-10-29 01:17:19,357 | Will not use mosaic models, as simulator.crystal.num_mosaicity_samples=1
RANK0000 | 2025-10-29 01:17:19,357 | Will not use mosaic models, as simulator.crystal.num_mosaicity_samples=1
RANK0000 | 2025-10-29 01:17:19,357 | Will not use mosaic models, as simulator.crystal.num_mosaicity_samples=1
RANK0000 | 2025-10-29 01:17:19,357 | Will not use mosaic models, as simulator.crystal.num_mosaicity_samples=1
RANK0000 | 2025-10-29 01:17:19,357 | Will not use mosaic models, as simulator.crystal.num_mosaicity_samples=1
RANK0000 | 2025-10-29 01:17:19,397 | EVENT: DONE LOADING ROI
RANK0000 | 2025-10-29 01:17:19,397 | EVENT: DONE LOADING ROI
RANK0000 | 2025-10-29 01:17:19,397 | EVENT: DONE LOADING ROI
RANK0000 | 2025-10-29 01:17:19,397 | EVENT: DONE LOADING ROI
RANK0000 | 2025-10-29 01:17:19,397 | EVENT: DONE LOADING ROI
RANK0000 | 2025-10-29 01:17:19,398 | Will simulate 1 energy channels
RANK0000 | 2025-10-29 01:17:19,398 | Will simulate 1 energy channels
RANK0000 | 2025-10-29 01:17:19,398 | Will simulate 1 energy channels
RANK0000 | 2025-10-29 01:17:19,398 | Will simulate 1 energy channels
RANK0000 | 2025-10-29 01:17:19,398 | Will simulate 1 energy channels
RANK0000 | 2025-10-29 01:17:19,398 | Process memory usage: 1.709335 GB on node ollie-System-Product-Name
RANK0000 | 2025-10-29 01:17:19,398 | Process memory usage: 1.709335 GB on node ollie-System-Product-Name
RANK0000 | 2025-10-29 01:17:19,398 | Process memory usage: 1.709335 GB on node ollie-System-Product-Name
RANK0000 | 2025-10-29 01:17:19,398 | Process memory usage: 1.709335 GB on node ollie-System-Product-Name
RANK0000 | 2025-10-29 01:17:19,398 | Process memory usage: 1.709335 GB on node ollie-System-Product-Name
RANK0000 | 2025-10-29 01:17:19,398 | Finished loading image 1 / 1 (1 / 1)
RANK0000 | 2025-10-29 01:17:19,398 | Finished loading image 1 / 1 (1 / 1)
RANK0000 | 2025-10-29 01:17:19,398 | Finished loading image 1 / 1 (1 / 1)
RANK0000 | 2025-10-29 01:17:19,398 | Finished loading image 1 / 1 (1 / 1)
RANK0000 | 2025-10-29 01:17:19,398 | Finished loading image 1 / 1 (1 / 1)
Warning, crystal system not determined, assuming triclinic
RANK0000 | 2025-10-29 01:17:19,399 | DONE LOADING DATA; ENTER BARRIER
RANK0000 | 2025-10-29 01:17:19,399 | DONE LOADING DATA; ENTER BARRIER
RANK0000 | 2025-10-29 01:17:19,399 | DONE LOADING DATA; ENTER BARRIER
RANK0000 | 2025-10-29 01:17:19,399 | DONE LOADING DATA; ENTER BARRIER
RANK0000 | 2025-10-29 01:17:19,399 | DONE LOADING DATA; ENTER BARRIER
RANK0000 | 2025-10-29 01:17:19,399 | DONE LOADING DATA; EXIT BARRIER
RANK0000 | 2025-10-29 01:17:19,399 | DONE LOADING DATA; EXIT BARRIER
RANK0000 | 2025-10-29 01:17:19,399 | DONE LOADING DATA; EXIT BARRIER
RANK0000 | 2025-10-29 01:17:19,399 | DONE LOADING DATA; EXIT BARRIER
RANK0000 | 2025-10-29 01:17:19,399 | DONE LOADING DATA; EXIT BARRIER
RANK0000 | 2025-10-29 01:17:19,399 | Mem after panel groups: 1.709335 GB on node ollie-System-Product-Name
RANK0000 | 2025-10-29 01:17:19,399 | Mem after panel groups: 1.709335 GB on node ollie-System-Product-Name
RANK0000 | 2025-10-29 01:17:19,399 | Mem after panel groups: 1.709335 GB on node ollie-System-Product-Name
RANK0000 | 2025-10-29 01:17:19,399 | Mem after panel groups: 1.709335 GB on node ollie-System-Product-Name
RANK0000 | 2025-10-29 01:17:19,399 | Mem after panel groups: 1.709335 GB on node ollie-System-Product-Name
RANK0000 | 2025-10-29 01:17:19,399 | EVENT: Gathering global HKL information
RANK0000 | 2025-10-29 01:17:19,399 | EVENT: Gathering global HKL information
RANK0000 | 2025-10-29 01:17:19,399 | EVENT: Gathering global HKL information
RANK0000 | 2025-10-29 01:17:19,399 | EVENT: Gathering global HKL information
RANK0000 | 2025-10-29 01:17:19,399 | EVENT: Gathering global HKL information
RANK0000 | 2025-10-29 01:17:19,502 | EVENT: FINISHED gather global HKL information
RANK0000 | 2025-10-29 01:17:19,502 | EVENT: FINISHED gather global HKL information
RANK0000 | 2025-10-29 01:17:19,502 | EVENT: FINISHED gather global HKL information
RANK0000 | 2025-10-29 01:17:19,502 | EVENT: FINISHED gather global HKL information
RANK0000 | 2025-10-29 01:17:19,502 | EVENT: FINISHED gather global HKL information
RANK0000 | 2025-10-29 01:17:19,502 | Mem after gather Hi info: 1.709335 GB on node ollie-System-Product-Name
RANK0000 | 2025-10-29 01:17:19,502 | Mem after gather Hi info: 1.709335 GB on node ollie-System-Product-Name
RANK0000 | 2025-10-29 01:17:19,502 | Mem after gather Hi info: 1.709335 GB on node ollie-System-Product-Name
RANK0000 | 2025-10-29 01:17:19,502 | Mem after gather Hi info: 1.709335 GB on node ollie-System-Product-Name
RANK0000 | 2025-10-29 01:17:19,502 | Mem after gather Hi info: 1.709335 GB on node ollie-System-Product-Name
RANK0000 | 2025-10-29 01:17:19,502 | BEGIN DETERMINE MAX PIX
RANK0000 | 2025-10-29 01:17:19,502 | BEGIN DETERMINE MAX PIX
RANK0000 | 2025-10-29 01:17:19,502 | BEGIN DETERMINE MAX PIX
RANK0000 | 2025-10-29 01:17:19,502 | BEGIN DETERMINE MAX PIX
RANK0000 | 2025-10-29 01:17:19,502 | BEGIN DETERMINE MAX PIX
RANK0000 | 2025-10-29 01:17:19,502 | Rank 0, max pix to be modeled: 8700
RANK0000 | 2025-10-29 01:17:19,502 | Rank 0, max pix to be modeled: 8700
RANK0000 | 2025-10-29 01:17:19,502 | Rank 0, max pix to be modeled: 8700
RANK0000 | 2025-10-29 01:17:19,502 | Rank 0, max pix to be modeled: 8700
RANK0000 | 2025-10-29 01:17:19,502 | Rank 0, max pix to be modeled: 8700
RANK0000 | 2025-10-29 01:17:19,502 | DONE DETERMINE MAX PIX
RANK0000 | 2025-10-29 01:17:19,502 | DONE DETERMINE MAX PIX
RANK0000 | 2025-10-29 01:17:19,502 | DONE DETERMINE MAX PIX
RANK0000 | 2025-10-29 01:17:19,502 | DONE DETERMINE MAX PIX
RANK0000 | 2025-10-29 01:17:19,502 | DONE DETERMINE MAX PIX
RANK0000 | 2025-10-29 01:17:19,502 | Mem after determine max num pix: 1.709335 GB on node ollie-System-Product-Name
RANK0000 | 2025-10-29 01:17:19,502 | Mem after determine max num pix: 1.709335 GB on node ollie-System-Product-Name
RANK0000 | 2025-10-29 01:17:19,502 | Mem after determine max num pix: 1.709335 GB on node ollie-System-Product-Name
RANK0000 | 2025-10-29 01:17:19,502 | Mem after determine max num pix: 1.709335 GB on node ollie-System-Product-Name
RANK0000 | 2025-10-29 01:17:19,502 | Mem after determine max num pix: 1.709335 GB on node ollie-System-Product-Name
RANK0000 | 2025-10-29 01:17:19,503 | Mem after load_inputs: 1.709335 GB on node ollie-System-Product-Name
RANK0000 | 2025-10-29 01:17:19,503 | Mem after load_inputs: 1.709335 GB on node ollie-System-Product-Name
RANK0000 | 2025-10-29 01:17:19,503 | Mem after load_inputs: 1.709335 GB on node ollie-System-Product-Name
RANK0000 | 2025-10-29 01:17:19,503 | Mem after load_inputs: 1.709335 GB on node ollie-System-Product-Name
RANK0000 | 2025-10-29 01:17:19,503 | Mem after load_inputs: 1.709335 GB on node ollie-System-Product-Name
How many pixels each rank will allocate for on its device:
(rnk0, dev0): 8700 pix
Iteration 1:
	Resid=193002.730922, sigmaZ 6.282639, t-per-iter=0.0395 sec, pred_offsets=
Iteration 2:
	Resid=281720200.840766, sigmaZ 253.800013, t-per-iter=0.0392 sec, pred_offsets=
Iteration 3:
	Resid=281623238.737627, sigmaZ 253.713466, t-per-iter=0.0390 sec, pred_offsets=
Iteration 4:
	Resid=192997.373068, sigmaZ 6.282539, t-per-iter=0.0389 sec, pred_offsets=
Iteration 5:
	Resid=192946.780550, sigmaZ 6.281585, t-per-iter=0.0389 sec, pred_offsets=
Iteration 6:
	Resid=192888.317267, sigmaZ 6.280489, t-per-iter=0.0389 sec, pred_offsets=
Iteration 7:
	Resid=192880.493908, sigmaZ 6.280341, t-per-iter=0.0389 sec, pred_offsets=
Iteration 8:
	Resid=192879.306707, sigmaZ 6.280322, t-per-iter=0.0389 sec, pred_offsets=
Iteration 9:
	Resid=192878.960361, sigmaZ 6.280318, t-per-iter=0.0389 sec, pred_offsets=
Iteration 10:
	Resid=192878.797937, sigmaZ 6.280316, t-per-iter=0.0389 sec, pred_offsets=
Iteration 11:
	Resid=192878.216990, sigmaZ 6.280306, t-per-iter=0.0389 sec, pred_offsets=
Iteration 12:
	Resid=192877.600433, sigmaZ 6.280294, t-per-iter=0.0389 sec, pred_offsets=
Iteration 13:
	Resid=192877.055162, sigmaZ 6.280279, t-per-iter=0.0389 sec, pred_offsets=
Iteration 14:
	Resid=192877.007905, sigmaZ 6.280277, t-per-iter=0.0389 sec, pred_offsets=
Iteration 15:
	Resid=192876.992235, sigmaZ 6.280277, t-per-iter=0.0389 sec, pred_offsets=
Iteration 16:
	Resid=192876.947256, sigmaZ 6.280275, t-per-iter=0.0389 sec, pred_offsets=
Iteration 17:
	Resid=192876.955066, sigmaZ 6.280276, t-per-iter=0.0389 sec, pred_offsets=
Iteration 18:
	Resid=192876.939810, sigmaZ 6.280275, t-per-iter=0.0389 sec, pred_offsets=
Iteration 19:
	Resid=192876.927571, sigmaZ 6.280275, t-per-iter=0.0389 sec, pred_offsets=
Iteration 20:
	Resid=192876.925133, sigmaZ 6.280275, t-per-iter=0.0389 sec, pred_offsets=
Iteration 21:
	Resid=192876.924250, sigmaZ 6.280275, t-per-iter=0.0389 sec, pred_offsets=
Iteration 22:
	Resid=192876.924246, sigmaZ 6.280275, t-per-iter=0.0389 sec, pred_offsets=
Final Iteration 22:
	Resid=192876.924246, sigmaZ 6.280275
Saved detector model to _geom.out/diffBragg_detector.expt
Spot scale=318689803591020160.000000
nanoBragg nanocrystal diffraction simulator - James Holton and Ken Frankel 8-1-17
  69614 initialized hkls (all others =0)
  gaussian xtal: 36.5x28.0x26.6 cells
Unit Cell: 27.3642 32.0577 34.4693 88.6798 71.6448 68.1151
Recp Cell: 0.0417456 0.0338297 0.0307605 83.8475 109.291 112.666
volume = 26463 A^3
  amorphous part of sample is 0 m thick x 0.0001 m high x 0.0001 m wide, 1 g/cm^3 and 18 g/mol (0 molecules)
missets:  0.00000000  0.00000000  0.00000000
real-space cell vectors (Angstrom):
     a           b           c         
X: 23.96799287 -0.00000000  0.00000000
Y: 10.00395584 32.04916954 -0.00000000
Z:  8.61719730  0.73859085 34.46931927
reciprocal-space cell vectors (Angstrom^-1):
     a_star      b_star      c_star    
X:  0.04174556 -0.01303062 -0.01015702
Y:  0.00000000  0.03121944 -0.00066895
Z:  0.00000000  0.00000000  0.02902747
  wave=9.768e-11 meters +/- 0% in 1 steps
  Kahn polarization factor: 1.000000
  incident fluence: 1e+18 photons/m^2
  distance=0.231291 detsize=0.423636x0.434644  pixel=0.000172 meters (2463x2527 pixels)
  Xbeam=0.217728 Ybeam=0.213893
  Fbeam=0.217728 Sbeam=0.213893
  Xclose=0.217513 Yclose=0.21279
  Fclose=0.217513 Sclose=0.21279
  DIRECTION_OF_DETECTOR_X-AXIS= 0.999998 0.00174493 -0.000930183
  DIRECTION_OF_DETECTOR_Y-AXIS= 0.00174048 -0.999987 -0.00476774
  DIRECTION_OF_DETECTOR_Z-AXIS= -0.000938491 0.00476611 -0.999988
  INCIDENT_BEAM_DIRECTION= 0 0 1
  spindle ROTATION_AXIS= 0.999998 0.00174493 -0.000930183
  POLARIZATION_PLANE_NORMAL= 0 -1 0
  dials origin= -217.513 213.89 -230.271
  roi: 0 < x < 2463 && 0 < y < 2527
  hdivrange=0 hdivstep=0  radians
  vdivrange=0 vdivstep=0  radians
  1 divergence steps
  1 sources
  1 mosaic domains over mosaic spread of 0 degrees
  1 phi steps from 0 to 0 degrees
  1x1 pixel oversample steps
Traceback (most recent call last):
  File "/home/ollie/Documents/diffbragg_example_2/diffbragg_example/plans/active/NANOBRAG-GOLDEN-001/reports/2025-10-29T080253Z/capture_forward.py", line 413, in <module>
    main()
  File "/home/ollie/Documents/diffbragg_example_2/diffbragg_example/plans/active/NANOBRAG-GOLDEN-001/reports/2025-10-29T080253Z/capture_forward.py", line 375, in main
    json.dump(torch_meta, fh, indent=2)
  File "/home/ollie/miniconda3/envs/simtbx/lib/python3.9/json/__init__.py", line 179, in dump
    for chunk in iterable:
  File "/home/ollie/miniconda3/envs/simtbx/lib/python3.9/json/encoder.py", line 431, in _iterencode
    yield from _iterencode_dict(o, _current_indent_level)
  File "/home/ollie/miniconda3/envs/simtbx/lib/python3.9/json/encoder.py", line 405, in _iterencode_dict
    yield from chunks
  File "/home/ollie/miniconda3/envs/simtbx/lib/python3.9/json/encoder.py", line 405, in _iterencode_dict
    yield from chunks
  File "/home/ollie/miniconda3/envs/simtbx/lib/python3.9/json/encoder.py", line 325, in _iterencode_list
    yield from chunks
  File "/home/ollie/miniconda3/envs/simtbx/lib/python3.9/json/encoder.py", line 438, in _iterencode
    o = _default(o)
  File "/home/ollie/miniconda3/envs/simtbx/lib/python3.9/json/encoder.py", line 179, in default
    raise TypeError(f'Object of type {o.__class__.__name__} '
TypeError: Object of type float32 is not JSON serializable
