Loading refGeom dataset...

============================================================
Running WARM mode benchmark...
============================================================

auto-selected 1-fold oversampling
[HKL stats] h=[1,1] k=[21,21] l=[11,11] hit_rate=144/144 (100.00%)
auto-selected 1-fold oversampling
[HKL stats] h=[4,4] k=[16,16] l=[4,5] hit_rate=144/144 (100.00%)
auto-selected 1-fold oversampling
[HKL stats] h=[6,7] k=[11,12] l=[2,2] hit_rate=144/144 (100.00%)
auto-selected 1-fold oversampling
[HKL stats] h=[11,11] k=[10,10] l=[3,3] hit_rate=144/144 (100.00%)
auto-selected 1-fold oversampling
[HKL stats] h=[-5,-5] k=[5,6] l=[2,2] hit_rate=144/144 (100.00%)
auto-selected 1-fold oversampling
[HKL stats] h=[-8,-8] k=[3,3] l=[3,3] hit_rate=144/144 (100.00%)
auto-selected 1-fold oversampling
[HKL stats] h=[-13,-12] k=[2,2] l=[7,7] hit_rate=144/144 (100.00%)
auto-selected 1-fold oversampling
[HKL stats] h=[-1,-1] k=[2,2] l=[0,0] hit_rate=144/144 (100.00%)
auto-selected 1-fold oversampling
[HKL stats] h=[-13,-13] k=[-4,-4] l=[5,5] hit_rate=144/144 (100.00%)
auto-selected 1-fold oversampling
[HKL stats] h=[-15,-15] k=[-7,-7] l=[8,8] hit_rate=144/144 (100.00%)
auto-selected 1-fold oversampling
[HKL stats] h=[-12,-12] k=[-11,-11] l=[5,5] hit_rate=144/144 (100.00%)
auto-selected 1-fold oversampling
[HKL stats] h=[5,5] k=[-18,-18] l=[8,8] hit_rate=144/144 (100.00%)
auto-selected 1-fold oversampling
[HKL stats] h=[7,7] k=[-20,-20] l=[11,11] hit_rate=144/144 (100.00%)
auto-selected 1-fold oversampling
[HKL stats] h=[1,1] k=[21,21] l=[11,11] hit_rate=144/144 (100.00%)
auto-selected 1-fold oversampling
[HKL stats] h=[-1,-1] k=[20,21] l=[11,11] hit_rate=144/144 (100.00%)
auto-selected 1-fold oversampling
[HKL stats] h=[7,7] k=[22,22] l=[9,9] hit_rate=144/144 (100.00%)
auto-selected 1-fold oversampling
[HKL stats] h=[9,9] k=[21,22] l=[8,8] hit_rate=144/144 (100.00%)
auto-selected 1-fold oversampling
[HKL stats] h=[-6,-6] k=[16,16] l=[11,11] hit_rate=144/144 (100.00%)
auto-selected 1-fold oversampling
[HKL stats] h=[-2,-1] k=[16,16] l=[7,7] hit_rate=144/144 (100.00%)
auto-selected 1-fold oversampling
[HKL stats] h=[15,16] k=[16,16] l=[7,7] hit_rate=144/144 (100.00%)
auto-selected 1-fold oversampling
[HKL stats] h=[-4,-3] k=[15,16] l=[7,8] hit_rate=144/144 (100.00%)
auto-selected 1-fold oversampling
[HKL stats] h=[5,5] k=[17,17] l=[5,5] hit_rate=144/144 (100.00%)
auto-selected 1-fold oversampling
[HKL stats] h=[7,7] k=[16,17] l=[5,5] hit_rate=144/144 (100.00%)
auto-selected 1-fold oversampling
[HKL stats] h=[4,4] k=[16,16] l=[4,5] hit_rate=144/144 (100.00%)
auto-selected 1-fold oversampling
[HKL stats] h=[9,9] k=[15,16] l=[4,4] hit_rate=144/144 (100.00%)
auto-selected 1-fold oversampling
[HKL stats] h=[0,0] k=[15,15] l=[5,5] hit_rate=144/144 (100.00%)
auto-selected 1-fold oversampling
[HKL stats] h=[2,3] k=[15,15] l=[4,4] hit_rate=144/144 (100.00%)
auto-selected 1-fold oversampling
[HKL stats] h=[14,14] k=[14,14] l=[5,5] hit_rate=144/144 (100.00%)
auto-selected 1-fold oversampling
[HKL stats] h=[5,5] k=[14,14] l=[3,3] hit_rate=144/144 (100.00%)
auto-selected 1-fold oversampling
[HKL stats] h=[14,15] k=[12,12] l=[5,5] hit_rate=144/144 (100.00%)
auto-selected 1-fold oversampling
[HKL stats] h=[2,3] k=[13,13] l=[3,3] hit_rate=144/144 (100.00%)
auto-selected 1-fold oversampling
[HKL stats] h=[10,11] k=[12,12] l=[3,4] hit_rate=144/144 (100.00%)
auto-selected 1-fold oversampling
[HKL stats] h=[9,9] k=[12,12] l=[3,3] hit_rate=144/144 (100.00%)
auto-selected 1-fold oversampling
[HKL stats] h=[-10,-10] k=[10,10] l=[9,9] hit_rate=144/144 (100.00%)
auto-selected 1-fold oversampling
[HKL stats] h=[11,11] k=[11,11] l=[3,3] hit_rate=144/144 (100.00%)
auto-selected 1-fold oversampling
[HKL stats] h=[6,7] k=[11,12] l=[2,2] hit_rate=144/144 (100.00%)
auto-selected 1-fold oversampling
[HKL stats] h=[-0,-0] k=[11,11] l=[3,3] hit_rate=144/144 (100.00%)
auto-selected 1-fold oversampling
[HKL stats] h=[-5,-4] k=[10,11] l=[4,4] hit_rate=144/144 (100.00%)
auto-selected 1-fold oversampling
[HKL stats] h=[-7,-7] k=[10,10] l=[6,6] hit_rate=144/144 (100.00%)
auto-selected 1-fold oversampling
[HKL stats] h=[11,11] k=[10,10] l=[3,3] hit_rate=144/144 (100.00%)
auto-selected 1-fold oversampling
[HKL stats] h=[0,1] k=[10,10] l=[2,2] hit_rate=144/144 (100.00%)
auto-selected 1-fold oversampling
[HKL stats] h=[5,5] k=[9,9] l=[1,1] hit_rate=144/144 (100.00%)
auto-selected 1-fold oversampling
[HKL stats] h=[-7,-7] k=[8,8] l=[4,5] hit_rate=144/144 (100.00%)
auto-selected 1-fold oversampling
[HKL stats] h=[11,11] k=[7,7] l=[3,3] hit_rate=144/144 (100.00%)
auto-selected 1-fold oversampling
[HKL stats] h=[4,4] k=[7,7] l=[1,1] hit_rate=144/144 (100.00%)
auto-selected 1-fold oversampling
[HKL stats] h=[-1,-1] k=[6,6] l=[1,1] hit_rate=144/144 (100.00%)
auto-selected 1-fold oversampling
[HKL stats] h=[1,1] k=[6,6] l=[1,1] hit_rate=144/144 (100.00%)
auto-selected 1-fold oversampling
[HKL stats] h=[4,5] k=[6,6] l=[1,1] hit_rate=144/144 (100.00%)
auto-selected 1-fold oversampling
[HKL stats] h=[-5,-5] k=[5,6] l=[2,2] hit_rate=144/144 (100.00%)
auto-selected 1-fold oversampling
[HKL stats] h=[-13,-13] k=[4,4] l=[9,9] hit_rate=144/144 (100.00%)
auto-selected 1-fold oversampling
[HKL stats] h=[-3,-2] k=[5,5] l=[1,1] hit_rate=144/144 (100.00%)
auto-selected 1-fold oversampling
[HKL stats] h=[-4,-4] k=[4,4] l=[1,1] hit_rate=144/144 (100.00%)
auto-selected 1-fold oversampling
[HKL stats] h=[-8,-8] k=[3,3] l=[3,3] hit_rate=144/144 (100.00%)
auto-selected 1-fold oversampling
[HKL stats] h=[-13,-12] k=[2,2] l=[7,7] hit_rate=144/144 (100.00%)
auto-selected 1-fold oversampling
[HKL stats] h=[-12,-12] k=[2,2] l=[6,6] hit_rate=144/144 (100.00%)
auto-selected 1-fold oversampling
[HKL stats] h=[-11,-11] k=[2,2] l=[5,5] hit_rate=144/144 (100.00%)
auto-selected 1-fold oversampling
[HKL stats] h=[14,15] k=[2,2] l=[5,5] hit_rate=144/144 (100.00%)
auto-selected 1-fold oversampling
[HKL stats] h=[-1,-1] k=[2,2] l=[0,0] hit_rate=144/144 (100.00%)
auto-selected 1-fold oversampling
[HKL stats] h=[8,8] k=[-2,-1] l=[2,2] hit_rate=144/144 (100.00%)
auto-selected 1-fold oversampling
[HKL stats] h=[-1,-1] k=[-2,-2] l=[0,0] hit_rate=144/144 (100.00%)
auto-selected 1-fold oversampling
[HKL stats] h=[12,13] k=[-2,-2] l=[4,4] hit_rate=144/144 (100.00%)
auto-selected 1-fold oversampling
[HKL stats] h=[4,4] k=[-2,-2] l=[1,1] hit_rate=144/144 (100.00%)
auto-selected 1-fold oversampling
[HKL stats] h=[-7,-7] k=[-3,-2] l=[1,1] hit_rate=144/144 (100.00%)
auto-selected 1-fold oversampling
[HKL stats] h=[-3,-3] k=[-3,-3] l=[0,0] hit_rate=144/144 (100.00%)
auto-selected 1-fold oversampling
[HKL stats] h=[11,12] k=[-3,-2] l=[4,4] hit_rate=144/144 (100.00%)
auto-selected 1-fold oversampling
[HKL stats] h=[2,3] k=[-4,-4] l=[1,1] hit_rate=144/144 (100.00%)
auto-selected 1-fold oversampling
[HKL stats] h=[4,4] k=[-4,-4] l=[1,1] hit_rate=144/144 (100.00%)
auto-selected 1-fold oversampling
[HKL stats] h=[-9,-8] k=[-4,-4] l=[2,2] hit_rate=144/144 (100.00%)
auto-selected 1-fold oversampling
[HKL stats] h=[-13,-13] k=[-4,-4] l=[5,5] hit_rate=144/144 (100.00%)
auto-selected 1-fold oversampling
[HKL stats] h=[-15,-15] k=[-4,-3] l=[8,8] hit_rate=144/144 (100.00%)
auto-selected 1-fold oversampling
[HKL stats] h=[-11,-11] k=[-6,-6] l=[3,3] hit_rate=144/144 (100.00%)
auto-selected 1-fold oversampling
[HKL stats] h=[-4,-3] k=[-7,-6] l=[1,1] hit_rate=144/144 (100.00%)
auto-selected 1-fold oversampling
[HKL stats] h=[-0,-0] k=[-7,-7] l=[1,1] hit_rate=144/144 (100.00%)
auto-selected 1-fold oversampling
[HKL stats] h=[-8,-7] k=[-7,-7] l=[2,2] hit_rate=144/144 (100.00%)
auto-selected 1-fold oversampling
[HKL stats] h=[12,12] k=[-7,-6] l=[5,6] hit_rate=144/144 (100.00%)
auto-selected 1-fold oversampling
[HKL stats] h=[-2,-2] k=[-8,-8] l=[1,1] hit_rate=144/144 (100.00%)
auto-selected 1-fold oversampling
[HKL stats] h=[-5,-5] k=[-9,-8] l=[1,1] hit_rate=144/144 (100.00%)
auto-selected 1-fold oversampling
[HKL stats] h=[-14,-14] k=[-8,-7] l=[6,7] hit_rate=144/144 (100.00%)
auto-selected 1-fold oversampling
[HKL stats] h=[-14,-14] k=[-8,-7] l=[7,7] hit_rate=144/144 (100.00%)
auto-selected 1-fold oversampling
[HKL stats] h=[-15,-15] k=[-8,-7] l=[8,8] hit_rate=144/144 (100.00%)
auto-selected 1-fold oversampling
[HKL stats] h=[-15,-15] k=[-7,-7] l=[8,8] hit_rate=144/144 (100.00%)
auto-selected 1-fold oversampling
[HKL stats] h=[10,11] k=[-9,-8] l=[5,6] hit_rate=144/144 (100.00%)
auto-selected 1-fold oversampling
[HKL stats] h=[0,0] k=[-10,-10] l=[2,2] hit_rate=144/144 (100.00%)
auto-selected 1-fold oversampling
[HKL stats] h=[-12,-12] k=[-10,-10] l=[5,5] hit_rate=144/144 (100.00%)
auto-selected 1-fold oversampling
[HKL stats] h=[7,7] k=[-10,-10] l=[4,4] hit_rate=144/144 (100.00%)
auto-selected 1-fold oversampling
[HKL stats] h=[-12,-12] k=[-11,-11] l=[5,5] hit_rate=144/144 (100.00%)
auto-selected 1-fold oversampling
[HKL stats] h=[-3,-3] k=[-13,-12] l=[3,3] hit_rate=144/144 (100.00%)
auto-selected 1-fold oversampling
[HKL stats] h=[4,4] k=[-12,-12] l=[4,4] hit_rate=144/144 (100.00%)
auto-selected 1-fold oversampling
[HKL stats] h=[4,4] k=[-13,-13] l=[4,5] hit_rate=144/144 (100.00%)
auto-selected 1-fold oversampling
[HKL stats] h=[4,4] k=[-14,-14] l=[5,5] hit_rate=144/144 (100.00%)
auto-selected 1-fold oversampling
[HKL stats] h=[4,4] k=[-15,-15] l=[6,6] hit_rate=144/144 (100.00%)
auto-selected 1-fold oversampling
[HKL stats] h=[-4,-3] k=[-17,-17] l=[5,5] hit_rate=144/144 (100.00%)
auto-selected 1-fold oversampling
[HKL stats] h=[-9,-9] k=[-18,-18] l=[7,7] hit_rate=144/144 (100.00%)
auto-selected 1-fold oversampling
[HKL stats] h=[-2,-2] k=[-18,-18] l=[6,6] hit_rate=144/144 (100.00%)
auto-selected 1-fold oversampling
[HKL stats] h=[12,12] k=[-15,-15] l=[11,11] hit_rate=0/144 (0.00%)
auto-selected 1-fold oversampling
[HKL stats] h=[-1,-0] k=[-19,-18] l=[7,7] hit_rate=144/144 (100.00%)
auto-selected 1-fold oversampling
[HKL stats] h=[5,5] k=[-18,-18] l=[8,8] hit_rate=144/144 (100.00%)
auto-selected 1-fold oversampling
[HKL stats] h=[-6,-5] k=[-19,-19] l=[7,7] hit_rate=144/144 (100.00%)
auto-selected 1-fold oversampling
[HKL stats] h=[-10,-10] k=[-20,-20] l=[8,8] hit_rate=144/144 (100.00%)
auto-selected 1-fold oversampling
[HKL stats] h=[6,6] k=[-19,-19] l=[10,10] hit_rate=144/144 (100.00%)
auto-selected 1-fold oversampling
[HKL stats] h=[9,9] k=[-18,-18] l=[11,11] hit_rate=144/144 (100.00%)
auto-selected 1-fold oversampling
[HKL stats] h=[-13,-13] k=[-19,-19] l=[10,10] hit_rate=144/144 (100.00%)
auto-selected 1-fold oversampling
[HKL stats] h=[7,7] k=[-20,-20] l=[11,11] hit_rate=144/144 (100.00%)
auto-selected 1-fold oversampling
[HKL stats] h=[-14,-14] k=[-20,-20] l=[11,12] hit_rate=144/144 (100.00%)
auto-selected 1-fold oversampling
[HKL stats] h=[3,3] k=[-22,-21] l=[10,11] hit_rate=144/144 (100.00%)
auto-selected 1-fold oversampling
[HKL stats] h=[1,1] k=[21,21] l=[11,11] hit_rate=144/144 (100.00%)
auto-selected 1-fold oversampling
[HKL stats] h=[4,4] k=[16,16] l=[4,5] hit_rate=144/144 (100.00%)
auto-selected 1-fold oversampling
[HKL stats] h=[6,7] k=[11,12] l=[2,2] hit_rate=144/144 (100.00%)
auto-selected 1-fold oversampling
[HKL stats] h=[11,11] k=[10,10] l=[3,3] hit_rate=144/144 (100.00%)
auto-selected 1-fold oversampling
[HKL stats] h=[-5,-5] k=[5,6] l=[2,2] hit_rate=144/144 (100.00%)
auto-selected 1-fold oversampling
[HKL stats] h=[-8,-8] k=[3,3] l=[3,3] hit_rate=144/144 (100.00%)
auto-selected 1-fold oversampling
[HKL stats] h=[-13,-12] k=[2,2] l=[7,7] hit_rate=144/144 (100.00%)
auto-selected 1-fold oversampling
[HKL stats] h=[-1,-1] k=[2,2] l=[0,0] hit_rate=144/144 (100.00%)
auto-selected 1-fold oversampling
[HKL stats] h=[-13,-13] k=[-4,-4] l=[5,5] hit_rate=144/144 (100.00%)
auto-selected 1-fold oversampling
[HKL stats] h=[-15,-15] k=[-7,-7] l=[8,8] hit_rate=144/144 (100.00%)
auto-selected 1-fold oversampling
[HKL stats] h=[-12,-12] k=[-11,-11] l=[5,5] hit_rate=144/144 (100.00%)
auto-selected 1-fold oversampling
[HKL stats] h=[5,5] k=[-18,-18] l=[8,8] hit_rate=144/144 (100.00%)
auto-selected 1-fold oversampling
[HKL stats] h=[7,7] k=[-20,-20] l=[11,11] hit_rate=144/144 (100.00%)
auto-selected 1-fold oversampling
[HKL stats] h=[1,1] k=[21,21] l=[11,11] hit_rate=144/144 (100.00%)
auto-selected 1-fold oversampling
[HKL stats] h=[4,4] k=[16,16] l=[4,5] hit_rate=144/144 (100.00%)
auto-selected 1-fold oversampling
[HKL stats] h=[6,7] k=[11,12] l=[2,2] hit_rate=144/144 (100.00%)
auto-selected 1-fold oversampling
[HKL stats] h=[11,11] k=[10,10] l=[3,3] hit_rate=144/144 (100.00%)
auto-selected 1-fold oversampling
[HKL stats] h=[-5,-5] k=[5,6] l=[2,2] hit_rate=144/144 (100.00%)
auto-selected 1-fold oversampling
[HKL stats] h=[-8,-8] k=[3,3] l=[3,3] hit_rate=144/144 (100.00%)
auto-selected 1-fold oversampling
[HKL stats] h=[-13,-12] k=[2,2] l=[7,7] hit_rate=144/144 (100.00%)
auto-selected 1-fold oversampling
[HKL stats] h=[-1,-1] k=[2,2] l=[0,0] hit_rate=144/144 (100.00%)
auto-selected 1-fold oversampling
[HKL stats] h=[-13,-13] k=[-4,-4] l=[5,5] hit_rate=144/144 (100.00%)
auto-selected 1-fold oversampling
[HKL stats] h=[-15,-15] k=[-7,-7] l=[8,8] hit_rate=144/144 (100.00%)
auto-selected 1-fold oversampling
[HKL stats] h=[-12,-12] k=[-11,-11] l=[5,5] hit_rate=144/144 (100.00%)
auto-selected 1-fold oversampling
[HKL stats] h=[5,5] k=[-18,-18] l=[8,8] hit_rate=144/144 (100.00%)
auto-selected 1-fold oversampling
[HKL stats] h=[7,7] k=[-20,-20] l=[11,11] hit_rate=144/144 (100.00%)
auto-selected 1-fold oversampling
[HKL stats] h=[1,1] k=[21,21] l=[11,11] hit_rate=144/144 (100.00%)
auto-selected 1-fold oversampling
[HKL stats] h=[4,4] k=[16,16] l=[4,5] hit_rate=144/144 (100.00%)
auto-selected 1-fold oversampling
[HKL stats] h=[6,7] k=[11,12] l=[2,2] hit_rate=144/144 (100.00%)
auto-selected 1-fold oversampling
[HKL stats] h=[11,11] k=[10,10] l=[3,3] hit_rate=144/144 (100.00%)
auto-selected 1-fold oversampling
[HKL stats] h=[-5,-5] k=[5,6] l=[2,2] hit_rate=144/144 (100.00%)
auto-selected 1-fold oversampling
[HKL stats] h=[-8,-8] k=[3,3] l=[3,3] hit_rate=144/144 (100.00%)
auto-selected 1-fold oversampling
[HKL stats] h=[-13,-12] k=[2,2] l=[7,7] hit_rate=144/144 (100.00%)
auto-selected 1-fold oversampling
[HKL stats] h=[-1,-1] k=[2,2] l=[0,0] hit_rate=144/144 (100.00%)
auto-selected 1-fold oversampling
[HKL stats] h=[-13,-13] k=[-4,-4] l=[5,5] hit_rate=144/144 (100.00%)
auto-selected 1-fold oversampling
[HKL stats] h=[-15,-15] k=[-7,-7] l=[8,8] hit_rate=144/144 (100.00%)
auto-selected 1-fold oversampling
[HKL stats] h=[-12,-12] k=[-11,-11] l=[5,5] hit_rate=144/144 (100.00%)
auto-selected 1-fold oversampling
[HKL stats] h=[5,5] k=[-18,-18] l=[8,8] hit_rate=144/144 (100.00%)
auto-selected 1-fold oversampling
[HKL stats] h=[7,7] k=[-20,-20] l=[11,11] hit_rate=144/144 (100.00%)
auto-selected 1-fold oversampling
[HKL stats] h=[1,1] k=[21,21] l=[11,11] hit_rate=144/144 (100.00%)
auto-selected 1-fold oversampling
[HKL stats] h=[4,4] k=[16,16] l=[4,5] hit_rate=144/144 (100.00%)
auto-selected 1-fold oversampling
[HKL stats] h=[6,7] k=[11,12] l=[2,2] hit_rate=144/144 (100.00%)
auto-selected 1-fold oversampling
[HKL stats] h=[11,11] k=[10,10] l=[3,3] hit_rate=144/144 (100.00%)
auto-selected 1-fold oversampling
[HKL stats] h=[-5,-5] k=[5,6] l=[2,2] hit_rate=144/144 (100.00%)
auto-selected 1-fold oversampling
[HKL stats] h=[-8,-8] k=[3,3] l=[3,3] hit_rate=144/144 (100.00%)
auto-selected 1-fold oversampling
[HKL stats] h=[-13,-12] k=[2,2] l=[7,7] hit_rate=144/144 (100.00%)
auto-selected 1-fold oversampling
[HKL stats] h=[-1,-1] k=[2,2] l=[0,0] hit_rate=144/144 (100.00%)
auto-selected 1-fold oversampling
[HKL stats] h=[-13,-13] k=[-4,-4] l=[5,5] hit_rate=144/144 (100.00%)
auto-selected 1-fold oversampling
[HKL stats] h=[-15,-15] k=[-7,-7] l=[8,8] hit_rate=144/144 (100.00%)
auto-selected 1-fold oversampling
[HKL stats] h=[-12,-12] k=[-11,-11] l=[5,5] hit_rate=144/144 (100.00%)
auto-selected 1-fold oversampling
[HKL stats] h=[5,5] k=[-18,-18] l=[8,8] hit_rate=144/144 (100.00%)
auto-selected 1-fold oversampling
[HKL stats] h=[7,7] k=[-20,-20] l=[11,11] hit_rate=144/144 (100.00%)
auto-selected 1-fold oversampling
[HKL stats] h=[1,1] k=[21,21] l=[11,11] hit_rate=144/144 (100.00%)
auto-selected 1-fold oversampling
[HKL stats] h=[4,4] k=[16,16] l=[4,5] hit_rate=144/144 (100.00%)
auto-selected 1-fold oversampling
[HKL stats] h=[6,7] k=[11,12] l=[2,2] hit_rate=144/144 (100.00%)
auto-selected 1-fold oversampling
[HKL stats] h=[11,11] k=[10,10] l=[3,3] hit_rate=144/144 (100.00%)
auto-selected 1-fold oversampling
[HKL stats] h=[-5,-5] k=[5,6] l=[2,2] hit_rate=144/144 (100.00%)
auto-selected 1-fold oversampling
[HKL stats] h=[-8,-8] k=[3,3] l=[3,3] hit_rate=144/144 (100.00%)
auto-selected 1-fold oversampling
[HKL stats] h=[-13,-12] k=[2,2] l=[7,7] hit_rate=144/144 (100.00%)
auto-selected 1-fold oversampling
[HKL stats] h=[-1,-1] k=[2,2] l=[0,0] hit_rate=144/144 (100.00%)
auto-selected 1-fold oversampling
[HKL stats] h=[-13,-13] k=[-4,-4] l=[5,5] hit_rate=144/144 (100.00%)
auto-selected 1-fold oversampling
[HKL stats] h=[-15,-15] k=[-7,-7] l=[8,8] hit_rate=144/144 (100.00%)
auto-selected 1-fold oversampling
[HKL stats] h=[-12,-12] k=[-11,-11] l=[5,5] hit_rate=144/144 (100.00%)
auto-selected 1-fold oversampling
[HKL stats] h=[5,5] k=[-18,-18] l=[8,8] hit_rate=144/144 (100.00%)
auto-selected 1-fold oversampling
[HKL stats] h=[7,7] k=[-20,-20] l=[11,11] hit_rate=144/144 (100.00%)
auto-selected 1-fold oversampling
[HKL stats] h=[1,1] k=[21,21] l=[11,11] hit_rate=144/144 (100.00%)
auto-selected 1-fold oversampling
[HKL stats] h=[-1,-1] k=[20,21] l=[11,11] hit_rate=144/144 (100.00%)
auto-selected 1-fold oversampling
[HKL stats] h=[7,7] k=[22,22] l=[9,9] hit_rate=144/144 (100.00%)
auto-selected 1-fold oversampling
[HKL stats] h=[9,9] k=[21,22] l=[8,8] hit_rate=144/144 (100.00%)
auto-selected 1-fold oversampling
[HKL stats] h=[-6,-6] k=[16,16] l=[11,11] hit_rate=144/144 (100.00%)
auto-selected 1-fold oversampling
[HKL stats] h=[-2,-1] k=[16,16] l=[7,7] hit_rate=144/144 (100.00%)
auto-selected 1-fold oversampling
[HKL stats] h=[15,16] k=[16,16] l=[7,7] hit_rate=144/144 (100.00%)
auto-selected 1-fold oversampling
[HKL stats] h=[-4,-3] k=[15,16] l=[7,8] hit_rate=144/144 (100.00%)
auto-selected 1-fold oversampling
[HKL stats] h=[5,5] k=[17,17] l=[5,5] hit_rate=144/144 (100.00%)
auto-selected 1-fold oversampling
[HKL stats] h=[7,7] k=[16,17] l=[5,5] hit_rate=144/144 (100.00%)
auto-selected 1-fold oversampling
[HKL stats] h=[4,4] k=[16,16] l=[4,5] hit_rate=144/144 (100.00%)
auto-selected 1-fold oversampling
[HKL stats] h=[9,9] k=[15,16] l=[4,4] hit_rate=144/144 (100.00%)
auto-selected 1-fold oversampling
[HKL stats] h=[0,0] k=[15,15] l=[5,5] hit_rate=144/144 (100.00%)
auto-selected 1-fold oversampling
[HKL stats] h=[2,3] k=[15,15] l=[4,4] hit_rate=144/144 (100.00%)
auto-selected 1-fold oversampling
[HKL stats] h=[14,14] k=[14,14] l=[5,5] hit_rate=144/144 (100.00%)
auto-selected 1-fold oversampling
[HKL stats] h=[5,5] k=[14,14] l=[3,3] hit_rate=144/144 (100.00%)
auto-selected 1-fold oversampling
[HKL stats] h=[14,15] k=[12,12] l=[5,5] hit_rate=144/144 (100.00%)
auto-selected 1-fold oversampling
[HKL stats] h=[2,3] k=[13,13] l=[3,3] hit_rate=144/144 (100.00%)
auto-selected 1-fold oversampling
[HKL stats] h=[10,11] k=[12,12] l=[3,4] hit_rate=144/144 (100.00%)
auto-selected 1-fold oversampling
[HKL stats] h=[9,9] k=[12,12] l=[3,3] hit_rate=144/144 (100.00%)
auto-selected 1-fold oversampling
[HKL stats] h=[-10,-10] k=[10,10] l=[9,9] hit_rate=144/144 (100.00%)
auto-selected 1-fold oversampling
[HKL stats] h=[11,11] k=[11,11] l=[3,3] hit_rate=144/144 (100.00%)
auto-selected 1-fold oversampling
[HKL stats] h=[6,7] k=[11,12] l=[2,2] hit_rate=144/144 (100.00%)
auto-selected 1-fold oversampling
[HKL stats] h=[-0,-0] k=[11,11] l=[3,3] hit_rate=144/144 (100.00%)
auto-selected 1-fold oversampling
[HKL stats] h=[-5,-4] k=[10,11] l=[4,4] hit_rate=144/144 (100.00%)
auto-selected 1-fold oversampling
[HKL stats] h=[-7,-7] k=[10,10] l=[6,6] hit_rate=144/144 (100.00%)
auto-selected 1-fold oversampling
[HKL stats] h=[11,11] k=[10,10] l=[3,3] hit_rate=144/144 (100.00%)
auto-selected 1-fold oversampling
[HKL stats] h=[0,1] k=[10,10] l=[2,2] hit_rate=144/144 (100.00%)
auto-selected 1-fold oversampling
[HKL stats] h=[5,5] k=[9,9] l=[1,1] hit_rate=144/144 (100.00%)
auto-selected 1-fold oversampling
[HKL stats] h=[-7,-7] k=[8,8] l=[4,5] hit_rate=144/144 (100.00%)
auto-selected 1-fold oversampling
[HKL stats] h=[11,11] k=[7,7] l=[3,3] hit_rate=144/144 (100.00%)
auto-selected 1-fold oversampling
[HKL stats] h=[4,4] k=[7,7] l=[1,1] hit_rate=144/144 (100.00%)
auto-selected 1-fold oversampling
[HKL stats] h=[-1,-1] k=[6,6] l=[1,1] hit_rate=144/144 (100.00%)
auto-selected 1-fold oversampling
[HKL stats] h=[1,1] k=[6,6] l=[1,1] hit_rate=144/144 (100.00%)
auto-selected 1-fold oversampling
[HKL stats] h=[4,5] k=[6,6] l=[1,1] hit_rate=144/144 (100.00%)
auto-selected 1-fold oversampling
[HKL stats] h=[-5,-5] k=[5,6] l=[2,2] hit_rate=144/144 (100.00%)
auto-selected 1-fold oversampling
[HKL stats] h=[-13,-13] k=[4,4] l=[9,9] hit_rate=144/144 (100.00%)
auto-selected 1-fold oversampling
[HKL stats] h=[-3,-2] k=[5,5] l=[1,1] hit_rate=144/144 (100.00%)
auto-selected 1-fold oversampling
[HKL stats] h=[-4,-4] k=[4,4] l=[1,1] hit_rate=144/144 (100.00%)
auto-selected 1-fold oversampling
[HKL stats] h=[-8,-8] k=[3,3] l=[3,3] hit_rate=144/144 (100.00%)
auto-selected 1-fold oversampling
[HKL stats] h=[-13,-12] k=[2,2] l=[7,7] hit_rate=144/144 (100.00%)
auto-selected 1-fold oversampling
[HKL stats] h=[-12,-12] k=[2,2] l=[6,6] hit_rate=144/144 (100.00%)
auto-selected 1-fold oversampling
[HKL stats] h=[-11,-11] k=[2,2] l=[5,5] hit_rate=144/144 (100.00%)
auto-selected 1-fold oversampling
[HKL stats] h=[14,15] k=[2,2] l=[5,5] hit_rate=144/144 (100.00%)
auto-selected 1-fold oversampling
[HKL stats] h=[-1,-1] k=[2,2] l=[0,0] hit_rate=144/144 (100.00%)
auto-selected 1-fold oversampling
[HKL stats] h=[8,8] k=[-2,-1] l=[2,2] hit_rate=144/144 (100.00%)
auto-selected 1-fold oversampling
[HKL stats] h=[-1,-1] k=[-2,-2] l=[0,0] hit_rate=144/144 (100.00%)
auto-selected 1-fold oversampling
[HKL stats] h=[12,13] k=[-2,-2] l=[4,4] hit_rate=144/144 (100.00%)
auto-selected 1-fold oversampling
[HKL stats] h=[4,4] k=[-2,-2] l=[1,1] hit_rate=144/144 (100.00%)
auto-selected 1-fold oversampling
[HKL stats] h=[-7,-7] k=[-3,-2] l=[1,1] hit_rate=144/144 (100.00%)
auto-selected 1-fold oversampling
[HKL stats] h=[-3,-3] k=[-3,-3] l=[0,0] hit_rate=144/144 (100.00%)
auto-selected 1-fold oversampling
[HKL stats] h=[11,12] k=[-3,-2] l=[4,4] hit_rate=144/144 (100.00%)
auto-selected 1-fold oversampling
[HKL stats] h=[2,3] k=[-4,-4] l=[1,1] hit_rate=144/144 (100.00%)
auto-selected 1-fold oversampling
[HKL stats] h=[4,4] k=[-4,-4] l=[1,1] hit_rate=144/144 (100.00%)
auto-selected 1-fold oversampling
[HKL stats] h=[-9,-8] k=[-4,-4] l=[2,2] hit_rate=144/144 (100.00%)
auto-selected 1-fold oversampling
[HKL stats] h=[-13,-13] k=[-4,-4] l=[5,5] hit_rate=144/144 (100.00%)
auto-selected 1-fold oversampling
[HKL stats] h=[-15,-15] k=[-4,-3] l=[8,8] hit_rate=144/144 (100.00%)
auto-selected 1-fold oversampling
[HKL stats] h=[-11,-11] k=[-6,-6] l=[3,3] hit_rate=144/144 (100.00%)
auto-selected 1-fold oversampling
[HKL stats] h=[-4,-3] k=[-7,-6] l=[1,1] hit_rate=144/144 (100.00%)
auto-selected 1-fold oversampling
[HKL stats] h=[-0,-0] k=[-7,-7] l=[1,1] hit_rate=144/144 (100.00%)
auto-selected 1-fold oversampling
[HKL stats] h=[-8,-7] k=[-7,-7] l=[2,2] hit_rate=144/144 (100.00%)
auto-selected 1-fold oversampling
[HKL stats] h=[12,12] k=[-7,-6] l=[5,6] hit_rate=144/144 (100.00%)
auto-selected 1-fold oversampling
[HKL stats] h=[-2,-2] k=[-8,-8] l=[1,1] hit_rate=144/144 (100.00%)
auto-selected 1-fold oversampling
[HKL stats] h=[-5,-5] k=[-9,-8] l=[1,1] hit_rate=144/144 (100.00%)
auto-selected 1-fold oversampling
[HKL stats] h=[-14,-14] k=[-8,-7] l=[6,7] hit_rate=144/144 (100.00%)
auto-selected 1-fold oversampling
[HKL stats] h=[-14,-14] k=[-8,-7] l=[7,7] hit_rate=144/144 (100.00%)
auto-selected 1-fold oversampling
[HKL stats] h=[-15,-15] k=[-8,-7] l=[8,8] hit_rate=144/144 (100.00%)
auto-selected 1-fold oversampling
[HKL stats] h=[-15,-15] k=[-7,-7] l=[8,8] hit_rate=144/144 (100.00%)
auto-selected 1-fold oversampling
[HKL stats] h=[10,11] k=[-9,-8] l=[5,6] hit_rate=144/144 (100.00%)
auto-selected 1-fold oversampling
[HKL stats] h=[0,0] k=[-10,-10] l=[2,2] hit_rate=144/144 (100.00%)
auto-selected 1-fold oversampling
[HKL stats] h=[-12,-12] k=[-10,-10] l=[5,5] hit_rate=144/144 (100.00%)
auto-selected 1-fold oversampling
[HKL stats] h=[7,7] k=[-10,-10] l=[4,4] hit_rate=144/144 (100.00%)
auto-selected 1-fold oversampling
[HKL stats] h=[-12,-12] k=[-11,-11] l=[5,5] hit_rate=144/144 (100.00%)
auto-selected 1-fold oversampling
[HKL stats] h=[-3,-3] k=[-13,-12] l=[3,3] hit_rate=144/144 (100.00%)
auto-selected 1-fold oversampling
[HKL stats] h=[4,4] k=[-12,-12] l=[4,4] hit_rate=144/144 (100.00%)
auto-selected 1-fold oversampling
[HKL stats] h=[4,4] k=[-13,-13] l=[4,5] hit_rate=144/144 (100.00%)
auto-selected 1-fold oversampling
[HKL stats] h=[4,4] k=[-14,-14] l=[5,5] hit_rate=144/144 (100.00%)
auto-selected 1-fold oversampling
[HKL stats] h=[4,4] k=[-15,-15] l=[6,6] hit_rate=144/144 (100.00%)
auto-selected 1-fold oversampling
[HKL stats] h=[-4,-3] k=[-17,-17] l=[5,5] hit_rate=144/144 (100.00%)
auto-selected 1-fold oversampling
[HKL stats] h=[-9,-9] k=[-18,-18] l=[7,7] hit_rate=144/144 (100.00%)
auto-selected 1-fold oversampling
[HKL stats] h=[-2,-2] k=[-18,-18] l=[6,6] hit_rate=144/144 (100.00%)
auto-selected 1-fold oversampling
[HKL stats] h=[12,12] k=[-15,-15] l=[11,11] hit_rate=0/144 (0.00%)
auto-selected 1-fold oversampling
[HKL stats] h=[-1,-0] k=[-19,-18] l=[7,7] hit_rate=144/144 (100.00%)
auto-selected 1-fold oversampling
[HKL stats] h=[5,5] k=[-18,-18] l=[8,8] hit_rate=144/144 (100.00%)
auto-selected 1-fold oversampling
[HKL stats] h=[-6,-5] k=[-19,-19] l=[7,7] hit_rate=144/144 (100.00%)
auto-selected 1-fold oversampling
[HKL stats] h=[-10,-10] k=[-20,-20] l=[8,8] hit_rate=144/144 (100.00%)
auto-selected 1-fold oversampling
[HKL stats] h=[6,6] k=[-19,-19] l=[10,10] hit_rate=144/144 (100.00%)
auto-selected 1-fold oversampling
[HKL stats] h=[9,9] k=[-18,-18] l=[11,11] hit_rate=144/144 (100.00%)
auto-selected 1-fold oversampling
[HKL stats] h=[-13,-13] k=[-19,-19] l=[10,10] hit_rate=144/144 (100.00%)
auto-selected 1-fold oversampling
[HKL stats] h=[7,7] k=[-20,-20] l=[11,11] hit_rate=144/144 (100.00%)
auto-selected 1-fold oversampling
[HKL stats] h=[-14,-14] k=[-20,-20] l=[11,12] hit_rate=144/144 (100.00%)
auto-selected 1-fold oversampling
[HKL stats] h=[3,3] k=[-22,-21] l=[10,11] hit_rate=144/144 (100.00%)
auto-selected 1-fold oversampling
[HKL stats] h=[1,1] k=[21,21] l=[11,11] hit_rate=144/144 (100.00%)
auto-selected 1-fold oversampling
[HKL stats] h=[4,4] k=[16,16] l=[4,5] hit_rate=144/144 (100.00%)
auto-selected 1-fold oversampling
[HKL stats] h=[6,7] k=[11,12] l=[2,2] hit_rate=144/144 (100.00%)
auto-selected 1-fold oversampling
[HKL stats] h=[11,11] k=[10,10] l=[3,3] hit_rate=144/144 (100.00%)
auto-selected 1-fold oversampling
[HKL stats] h=[-5,-5] k=[5,6] l=[2,2] hit_rate=144/144 (100.00%)
auto-selected 1-fold oversampling
[HKL stats] h=[-8,-8] k=[3,3] l=[3,3] hit_rate=144/144 (100.00%)
auto-selected 1-fold oversampling
[HKL stats] h=[-13,-12] k=[2,2] l=[7,7] hit_rate=144/144 (100.00%)
auto-selected 1-fold oversampling
[HKL stats] h=[-1,-1] k=[2,2] l=[0,0] hit_rate=144/144 (100.00%)
auto-selected 1-fold oversampling
[HKL stats] h=[-13,-13] k=[-4,-4] l=[5,5] hit_rate=144/144 (100.00%)
auto-selected 1-fold oversampling
[HKL stats] h=[-15,-15] k=[-7,-7] l=[8,8] hit_rate=144/144 (100.00%)
auto-selected 1-fold oversampling
[HKL stats] h=[-12,-12] k=[-11,-11] l=[5,5] hit_rate=144/144 (100.00%)
auto-selected 1-fold oversampling
[HKL stats] h=[5,5] k=[-18,-18] l=[8,8] hit_rate=144/144 (100.00%)
auto-selected 1-fold oversampling
[HKL stats] h=[7,7] k=[-20,-20] l=[11,11] hit_rate=144/144 (100.00%)
auto-selected 1-fold oversampling
[HKL stats] h=[1,1] k=[21,21] l=[11,11] hit_rate=144/144 (100.00%)
auto-selected 1-fold oversampling
[HKL stats] h=[4,4] k=[16,16] l=[4,5] hit_rate=144/144 (100.00%)
auto-selected 1-fold oversampling
[HKL stats] h=[6,7] k=[11,12] l=[2,2] hit_rate=144/144 (100.00%)
auto-selected 1-fold oversampling
[HKL stats] h=[11,11] k=[10,10] l=[3,3] hit_rate=144/144 (100.00%)
auto-selected 1-fold oversampling
[HKL stats] h=[-5,-5] k=[5,6] l=[2,2] hit_rate=144/144 (100.00%)
auto-selected 1-fold oversampling
[HKL stats] h=[-8,-8] k=[3,3] l=[3,3] hit_rate=144/144 (100.00%)
auto-selected 1-fold oversampling
[HKL stats] h=[-13,-12] k=[2,2] l=[7,7] hit_rate=144/144 (100.00%)
auto-selected 1-fold oversampling
[HKL stats] h=[-1,-1] k=[2,2] l=[0,0] hit_rate=144/144 (100.00%)
auto-selected 1-fold oversampling
[HKL stats] h=[-13,-13] k=[-4,-4] l=[5,5] hit_rate=144/144 (100.00%)
auto-selected 1-fold oversampling
[HKL stats] h=[-15,-15] k=[-7,-7] l=[8,8] hit_rate=144/144 (100.00%)
auto-selected 1-fold oversampling
[HKL stats] h=[-12,-12] k=[-11,-11] l=[5,5] hit_rate=144/144 (100.00%)
auto-selected 1-fold oversampling
[HKL stats] h=[5,5] k=[-18,-18] l=[8,8] hit_rate=144/144 (100.00%)
auto-selected 1-fold oversampling
[HKL stats] h=[7,7] k=[-20,-20] l=[11,11] hit_rate=144/144 (100.00%)
auto-selected 1-fold oversampling
[HKL stats] h=[1,1] k=[21,21] l=[11,11] hit_rate=144/144 (100.00%)
auto-selected 1-fold oversampling
[HKL stats] h=[4,4] k=[16,16] l=[4,5] hit_rate=144/144 (100.00%)
auto-selected 1-fold oversampling
[HKL stats] h=[6,7] k=[11,12] l=[2,2] hit_rate=144/144 (100.00%)
auto-selected 1-fold oversampling
[HKL stats] h=[11,11] k=[10,10] l=[3,3] hit_rate=144/144 (100.00%)
auto-selected 1-fold oversampling
[HKL stats] h=[-5,-5] k=[5,6] l=[2,2] hit_rate=144/144 (100.00%)
auto-selected 1-fold oversampling
[HKL stats] h=[-8,-8] k=[3,3] l=[3,3] hit_rate=144/144 (100.00%)
auto-selected 1-fold oversampling
[HKL stats] h=[-13,-12] k=[2,2] l=[7,7] hit_rate=144/144 (100.00%)
auto-selected 1-fold oversampling
[HKL stats] h=[-1,-1] k=[2,2] l=[0,0] hit_rate=144/144 (100.00%)
auto-selected 1-fold oversampling
[HKL stats] h=[-13,-13] k=[-4,-4] l=[5,5] hit_rate=144/144 (100.00%)
auto-selected 1-fold oversampling
[HKL stats] h=[-15,-15] k=[-7,-7] l=[8,8] hit_rate=144/144 (100.00%)
auto-selected 1-fold oversampling
[HKL stats] h=[-12,-12] k=[-11,-11] l=[5,5] hit_rate=144/144 (100.00%)
auto-selected 1-fold oversampling
[HKL stats] h=[5,5] k=[-18,-18] l=[8,8] hit_rate=144/144 (100.00%)
auto-selected 1-fold oversampling
[HKL stats] h=[7,7] k=[-20,-20] l=[11,11] hit_rate=144/144 (100.00%)
auto-selected 1-fold oversampling
[HKL stats] h=[1,1] k=[21,21] l=[11,11] hit_rate=144/144 (100.00%)
auto-selected 1-fold oversampling
[HKL stats] h=[4,4] k=[16,16] l=[4,5] hit_rate=144/144 (100.00%)
auto-selected 1-fold oversampling
[HKL stats] h=[7,7] k=[11,12] l=[2,2] hit_rate=144/144 (100.00%)
auto-selected 1-fold oversampling
[HKL stats] h=[12,12] k=[10,10] l=[3,3] hit_rate=144/144 (100.00%)
auto-selected 1-fold oversampling
[HKL stats] h=[-5,-5] k=[5,6] l=[2,2] hit_rate=144/144 (100.00%)
auto-selected 1-fold oversampling
[HKL stats] h=[-8,-8] k=[3,3] l=[3,3] hit_rate=144/144 (100.00%)
auto-selected 1-fold oversampling
[HKL stats] h=[-13,-13] k=[2,2] l=[7,7] hit_rate=144/144 (100.00%)
auto-selected 1-fold oversampling
[HKL stats] h=[-1,-1] k=[2,2] l=[0,0] hit_rate=144/144 (100.00%)
auto-selected 1-fold oversampling
[HKL stats] h=[-13,-13] k=[-4,-4] l=[5,5] hit_rate=144/144 (100.00%)
auto-selected 1-fold oversampling
[HKL stats] h=[-16,-16] k=[-7,-7] l=[8,8] hit_rate=144/144 (100.00%)
auto-selected 1-fold oversampling
[HKL stats] h=[-12,-12] k=[-11,-11] l=[5,5] hit_rate=144/144 (100.00%)
auto-selected 1-fold oversampling
[HKL stats] h=[5,5] k=[-18,-18] l=[8,8] hit_rate=144/144 (100.00%)
auto-selected 1-fold oversampling
[HKL stats] h=[7,7] k=[-20,-20] l=[11,11] hit_rate=144/144 (100.00%)
auto-selected 1-fold oversampling
[HKL stats] h=[1,1] k=[22,22] l=[11,11] hit_rate=144/144 (100.00%)
auto-selected 1-fold oversampling
[HKL stats] h=[3,3] k=[16,16] l=[4,5] hit_rate=144/144 (100.00%)
auto-selected 1-fold oversampling
[HKL stats] h=[5,5] k=[12,12] l=[2,2] hit_rate=144/144 (100.00%)
auto-selected 1-fold oversampling
[HKL stats] h=[9,9] k=[10,11] l=[3,3] hit_rate=144/144 (100.00%)
auto-selected 1-fold oversampling
[HKL stats] h=[-4,-4] k=[5,6] l=[2,2] hit_rate=144/144 (100.00%)
auto-selected 1-fold oversampling
[HKL stats] h=[-6,-6] k=[3,3] l=[3,3] hit_rate=144/144 (100.00%)
auto-selected 1-fold oversampling
[HKL stats] h=[-10,-10] k=[2,2] l=[7,7] hit_rate=144/144 (100.00%)
auto-selected 1-fold oversampling
[HKL stats] h=[-1,-0] k=[2,2] l=[0,0] hit_rate=144/144 (100.00%)
auto-selected 1-fold oversampling
[HKL stats] h=[-10,-10] k=[-4,-4] l=[5,5] hit_rate=144/144 (100.00%)
auto-selected 1-fold oversampling
[HKL stats] h=[-12,-12] k=[-8,-7] l=[8,8] hit_rate=144/144 (100.00%)
auto-selected 1-fold oversampling
[HKL stats] h=[-9,-9] k=[-11,-11] l=[5,5] hit_rate=144/144 (100.00%)
auto-selected 1-fold oversampling
[HKL stats] h=[4,4] k=[-18,-18] l=[8,8] hit_rate=144/144 (100.00%)
auto-selected 1-fold oversampling
[HKL stats] h=[5,5] k=[-20,-20] l=[11,11] hit_rate=144/144 (100.00%)
auto-selected 1-fold oversampling
[HKL stats] h=[1,1] k=[22,22] l=[11,11] hit_rate=144/144 (100.00%)
auto-selected 1-fold oversampling
[HKL stats] h=[-1,-0] k=[21,21] l=[11,11] hit_rate=144/144 (100.00%)
auto-selected 1-fold oversampling
[HKL stats] h=[6,6] k=[22,22] l=[9,9] hit_rate=144/144 (100.00%)
auto-selected 1-fold oversampling
[HKL stats] h=[7,7] k=[22,22] l=[8,8] hit_rate=144/144 (100.00%)
auto-selected 1-fold oversampling
[HKL stats] h=[-5,-5] k=[16,16] l=[11,11] hit_rate=144/144 (100.00%)
auto-selected 1-fold oversampling
[HKL stats] h=[-1,-1] k=[17,17] l=[7,7] hit_rate=144/144 (100.00%)
auto-selected 1-fold oversampling
[HKL stats] h=[12,12] k=[16,17] l=[7,7] hit_rate=144/144 (100.00%)
auto-selected 1-fold oversampling
[HKL stats] h=[-3,-2] k=[16,16] l=[7,8] hit_rate=144/144 (100.00%)
auto-selected 1-fold oversampling
[HKL stats] h=[4,4] k=[17,17] l=[5,5] hit_rate=144/144 (100.00%)
auto-selected 1-fold oversampling
[HKL stats] h=[5,5] k=[17,17] l=[5,5] hit_rate=144/144 (100.00%)
auto-selected 1-fold oversampling
[HKL stats] h=[3,3] k=[16,16] l=[4,5] hit_rate=144/144 (100.00%)
auto-selected 1-fold oversampling
[HKL stats] h=[7,7] k=[16,16] l=[4,4] hit_rate=144/144 (100.00%)
auto-selected 1-fold oversampling
[HKL stats] h=[0,0] k=[15,16] l=[5,5] hit_rate=144/144 (100.00%)
auto-selected 1-fold oversampling
[HKL stats] h=[2,2] k=[15,15] l=[4,4] hit_rate=144/144 (100.00%)
auto-selected 1-fold oversampling
[HKL stats] h=[11,11] k=[14,15] l=[5,5] hit_rate=144/144 (100.00%)
auto-selected 1-fold oversampling
[HKL stats] h=[4,4] k=[14,14] l=[3,3] hit_rate=144/144 (100.00%)
auto-selected 1-fold oversampling
[HKL stats] h=[11,11] k=[12,13] l=[5,5] hit_rate=144/144 (100.00%)
auto-selected 1-fold oversampling
[HKL stats] h=[2,2] k=[13,13] l=[3,3] hit_rate=144/144 (100.00%)
auto-selected 1-fold oversampling
[HKL stats] h=[8,8] k=[13,13] l=[3,4] hit_rate=144/144 (100.00%)
auto-selected 1-fold oversampling
[HKL stats] h=[7,7] k=[13,13] l=[3,3] hit_rate=144/144 (100.00%)
auto-selected 1-fold oversampling
[HKL stats] h=[-7,-7] k=[10,10] l=[9,9] hit_rate=144/144 (100.00%)
auto-selected 1-fold oversampling
[HKL stats] h=[8,9] k=[11,12] l=[3,3] hit_rate=144/144 (100.00%)
auto-selected 1-fold oversampling
[HKL stats] h=[5,5] k=[12,12] l=[2,2] hit_rate=144/144 (100.00%)
auto-selected 1-fold oversampling
[HKL stats] h=[-0,-0] k=[11,12] l=[3,3] hit_rate=144/144 (100.00%)
auto-selected 1-fold oversampling
[HKL stats] h=[-4,-3] k=[11,11] l=[4,4] hit_rate=144/144 (100.00%)
auto-selected 1-fold oversampling
[HKL stats] h=[-5,-5] k=[10,10] l=[6,6] hit_rate=144/144 (100.00%)
auto-selected 1-fold oversampling
[HKL stats] h=[9,9] k=[10,11] l=[3,3] hit_rate=144/144 (100.00%)
auto-selected 1-fold oversampling
[HKL stats] h=[0,1] k=[10,10] l=[2,2] hit_rate=144/144 (100.00%)
auto-selected 1-fold oversampling
[HKL stats] h=[4,4] k=[9,9] l=[1,1] hit_rate=144/144 (100.00%)
auto-selected 1-fold oversampling
[HKL stats] h=[-6,-5] k=[8,8] l=[4,5] hit_rate=144/144 (100.00%)
auto-selected 1-fold oversampling
[HKL stats] h=[8,9] k=[7,8] l=[3,3] hit_rate=144/144 (100.00%)
auto-selected 1-fold oversampling
[HKL stats] h=[3,3] k=[7,7] l=[1,1] hit_rate=144/144 (100.00%)
auto-selected 1-fold oversampling
[HKL stats] h=[-1,-1] k=[6,6] l=[1,1] hit_rate=144/144 (100.00%)
auto-selected 1-fold oversampling
[HKL stats] h=[1,1] k=[6,6] l=[1,1] hit_rate=144/144 (100.00%)
auto-selected 1-fold oversampling
[HKL stats] h=[3,4] k=[6,6] l=[1,1] hit_rate=144/144 (100.00%)
auto-selected 1-fold oversampling
[HKL stats] h=[-4,-4] k=[5,6] l=[2,2] hit_rate=144/144 (100.00%)
auto-selected 1-fold oversampling
[HKL stats] h=[-10,-10] k=[4,5] l=[9,9] hit_rate=144/144 (100.00%)
auto-selected 1-fold oversampling
[HKL stats] h=[-2,-2] k=[5,5] l=[1,1] hit_rate=144/144 (100.00%)
auto-selected 1-fold oversampling
[HKL stats] h=[-3,-3] k=[4,5] l=[1,1] hit_rate=144/144 (100.00%)
auto-selected 1-fold oversampling
[HKL stats] h=[-6,-6] k=[3,3] l=[3,3] hit_rate=144/144 (100.00%)
auto-selected 1-fold oversampling
[HKL stats] h=[-10,-10] k=[2,2] l=[7,7] hit_rate=144/144 (100.00%)
auto-selected 1-fold oversampling
[HKL stats] h=[-9,-9] k=[2,2] l=[6,6] hit_rate=144/144 (100.00%)
auto-selected 1-fold oversampling
[HKL stats] h=[-9,-9] k=[2,2] l=[5,5] hit_rate=144/144 (100.00%)
auto-selected 1-fold oversampling
[HKL stats] h=[11,11] k=[2,2] l=[5,5] hit_rate=144/144 (100.00%)
auto-selected 1-fold oversampling
[HKL stats] h=[-1,-0] k=[2,2] l=[0,0] hit_rate=144/144 (100.00%)
auto-selected 1-fold oversampling
[HKL stats] h=[6,6] k=[-2,-1] l=[2,2] hit_rate=144/144 (100.00%)
auto-selected 1-fold oversampling
[HKL stats] h=[-1,-1] k=[-2,-2] l=[0,0] hit_rate=144/144 (100.00%)
auto-selected 1-fold oversampling
[HKL stats] h=[10,10] k=[-2,-2] l=[4,4] hit_rate=144/144 (100.00%)
auto-selected 1-fold oversampling
[HKL stats] h=[3,3] k=[-2,-2] l=[1,1] hit_rate=144/144 (100.00%)
auto-selected 1-fold oversampling
[HKL stats] h=[-5,-5] k=[-3,-2] l=[1,1] hit_rate=144/144 (100.00%)
auto-selected 1-fold oversampling
[HKL stats] h=[-2,-2] k=[-3,-3] l=[0,0] hit_rate=144/144 (100.00%)
auto-selected 1-fold oversampling
[HKL stats] h=[9,9] k=[-3,-3] l=[4,4] hit_rate=144/144 (100.00%)
auto-selected 1-fold oversampling
[HKL stats] h=[2,2] k=[-4,-4] l=[1,1] hit_rate=144/144 (100.00%)
auto-selected 1-fold oversampling
[HKL stats] h=[3,3] k=[-4,-4] l=[1,1] hit_rate=144/144 (100.00%)
auto-selected 1-fold oversampling
[HKL stats] h=[-7,-7] k=[-4,-4] l=[2,2] hit_rate=144/144 (100.00%)
auto-selected 1-fold oversampling
[HKL stats] h=[-10,-10] k=[-4,-4] l=[5,5] hit_rate=144/144 (100.00%)
auto-selected 1-fold oversampling
[HKL stats] h=[-12,-11] k=[-4,-3] l=[8,8] hit_rate=144/144 (100.00%)
auto-selected 1-fold oversampling
[HKL stats] h=[-8,-8] k=[-6,-6] l=[3,3] hit_rate=144/144 (100.00%)
auto-selected 1-fold oversampling
[HKL stats] h=[-3,-3] k=[-7,-7] l=[1,1] hit_rate=144/144 (100.00%)
auto-selected 1-fold oversampling
[HKL stats] h=[-0,-0] k=[-7,-7] l=[1,1] hit_rate=144/144 (100.00%)
auto-selected 1-fold oversampling
[HKL stats] h=[-6,-6] k=[-8,-7] l=[2,2] hit_rate=144/144 (100.00%)
auto-selected 1-fold oversampling
[HKL stats] h=[9,9] k=[-7,-7] l=[5,6] hit_rate=144/144 (100.00%)
auto-selected 1-fold oversampling
[HKL stats] h=[-1,-1] k=[-8,-8] l=[1,1] hit_rate=144/144 (100.00%)
auto-selected 1-fold oversampling
[HKL stats] h=[-4,-4] k=[-9,-9] l=[1,1] hit_rate=144/144 (100.00%)
auto-selected 1-fold oversampling
[HKL stats] h=[-11,-11] k=[-8,-8] l=[6,7] hit_rate=144/144 (100.00%)
auto-selected 1-fold oversampling
[HKL stats] h=[-11,-11] k=[-8,-8] l=[7,7] hit_rate=144/144 (100.00%)
auto-selected 1-fold oversampling
[HKL stats] h=[-12,-11] k=[-8,-8] l=[8,8] hit_rate=144/144 (100.00%)
auto-selected 1-fold oversampling
[HKL stats] h=[-12,-12] k=[-8,-7] l=[8,8] hit_rate=144/144 (100.00%)
auto-selected 1-fold oversampling
[HKL stats] h=[8,8] k=[-9,-9] l=[5,6] hit_rate=144/144 (100.00%)
auto-selected 1-fold oversampling
[HKL stats] h=[0,0] k=[-10,-10] l=[2,2] hit_rate=144/144 (100.00%)
auto-selected 1-fold oversampling
[HKL stats] h=[-10,-9] k=[-10,-10] l=[5,5] hit_rate=144/144 (100.00%)
auto-selected 1-fold oversampling
[HKL stats] h=[5,5] k=[-11,-10] l=[4,4] hit_rate=144/144 (100.00%)
auto-selected 1-fold oversampling
[HKL stats] h=[-9,-9] k=[-11,-11] l=[5,5] hit_rate=144/144 (100.00%)
auto-selected 1-fold oversampling
[HKL stats] h=[-3,-2] k=[-13,-13] l=[3,3] hit_rate=144/144 (100.00%)
auto-selected 1-fold oversampling
[HKL stats] h=[3,3] k=[-12,-12] l=[4,4] hit_rate=144/144 (100.00%)
auto-selected 1-fold oversampling
[HKL stats] h=[3,3] k=[-13,-13] l=[4,5] hit_rate=144/144 (100.00%)
auto-selected 1-fold oversampling
[HKL stats] h=[3,3] k=[-14,-14] l=[5,5] hit_rate=144/144 (100.00%)
auto-selected 1-fold oversampling
[HKL stats] h=[3,3] k=[-15,-15] l=[6,6] hit_rate=144/144 (100.00%)
auto-selected 1-fold oversampling
[HKL stats] h=[-3,-3] k=[-18,-18] l=[5,5] hit_rate=144/144 (100.00%)
auto-selected 1-fold oversampling
[HKL stats] h=[-7,-7] k=[-18,-18] l=[7,7] hit_rate=144/144 (100.00%)
auto-selected 1-fold oversampling
[HKL stats] h=[-2,-2] k=[-19,-19] l=[6,6] hit_rate=144/144 (100.00%)
auto-selected 1-fold oversampling
[HKL stats] h=[9,9] k=[-16,-16] l=[11,11] hit_rate=144/144 (100.00%)
auto-selected 1-fold oversampling
[HKL stats] h=[-1,-0] k=[-19,-19] l=[6,7] hit_rate=144/144 (100.00%)
auto-selected 1-fold oversampling
[HKL stats] h=[4,4] k=[-18,-18] l=[8,8] hit_rate=144/144 (100.00%)
auto-selected 1-fold oversampling
[HKL stats] h=[-4,-4] k=[-20,-20] l=[7,7] hit_rate=144/144 (100.00%)
auto-selected 1-fold oversampling
[HKL stats] h=[-8,-8] k=[-20,-20] l=[8,8] hit_rate=144/144 (100.00%)
auto-selected 1-fold oversampling
[HKL stats] h=[4,5] k=[-19,-19] l=[10,10] hit_rate=144/144 (100.00%)
auto-selected 1-fold oversampling
[HKL stats] h=[7,7] k=[-19,-18] l=[11,11] hit_rate=144/144 (100.00%)
auto-selected 1-fold oversampling
[HKL stats] h=[-10,-10] k=[-20,-20] l=[10,10] hit_rate=144/144 (100.00%)
auto-selected 1-fold oversampling
[HKL stats] h=[5,5] k=[-20,-20] l=[11,11] hit_rate=144/144 (100.00%)
auto-selected 1-fold oversampling
[HKL stats] h=[-11,-10] k=[-21,-21] l=[11,12] hit_rate=144/144 (100.00%)
auto-selected 1-fold oversampling
[HKL stats] h=[2,2] k=[-22,-22] l=[10,11] hit_rate=144/144 (100.00%)
auto-selected 1-fold oversampling
[HKL stats] h=[1,1] k=[21,21] l=[11,11] hit_rate=144/144 (100.00%)
auto-selected 1-fold oversampling
[HKL stats] h=[4,4] k=[16,16] l=[4,5] hit_rate=144/144 (100.00%)
auto-selected 1-fold oversampling
[HKL stats] h=[6,7] k=[11,12] l=[2,2] hit_rate=144/144 (100.00%)
auto-selected 1-fold oversampling
[HKL stats] h=[11,11] k=[10,10] l=[3,3] hit_rate=144/144 (100.00%)
auto-selected 1-fold oversampling
[HKL stats] h=[-5,-5] k=[5,6] l=[2,2] hit_rate=144/144 (100.00%)
auto-selected 1-fold oversampling
[HKL stats] h=[-8,-8] k=[3,3] l=[3,3] hit_rate=144/144 (100.00%)
auto-selected 1-fold oversampling
[HKL stats] h=[-13,-12] k=[2,2] l=[7,7] hit_rate=144/144 (100.00%)
auto-selected 1-fold oversampling
[HKL stats] h=[-1,-1] k=[2,2] l=[0,0] hit_rate=144/144 (100.00%)
auto-selected 1-fold oversampling
[HKL stats] h=[-13,-13] k=[-4,-4] l=[5,5] hit_rate=144/144 (100.00%)
auto-selected 1-fold oversampling
[HKL stats] h=[-15,-15] k=[-7,-7] l=[8,8] hit_rate=144/144 (100.00%)
auto-selected 1-fold oversampling
[HKL stats] h=[-12,-12] k=[-11,-11] l=[5,5] hit_rate=144/144 (100.00%)
auto-selected 1-fold oversampling
[HKL stats] h=[5,5] k=[-18,-18] l=[8,8] hit_rate=144/144 (100.00%)
auto-selected 1-fold oversampling
[HKL stats] h=[7,7] k=[-20,-20] l=[11,11] hit_rate=144/144 (100.00%)
auto-selected 1-fold oversampling
[HKL stats] h=[1,1] k=[21,22] l=[11,11] hit_rate=144/144 (100.00%)
auto-selected 1-fold oversampling
[HKL stats] h=[3,4] k=[16,16] l=[4,5] hit_rate=144/144 (100.00%)
auto-selected 1-fold oversampling
[HKL stats] h=[6,6] k=[12,12] l=[2,2] hit_rate=144/144 (100.00%)
auto-selected 1-fold oversampling
[HKL stats] h=[10,10] k=[10,10] l=[3,3] hit_rate=144/144 (100.00%)
auto-selected 1-fold oversampling
[HKL stats] h=[-4,-4] k=[5,6] l=[2,2] hit_rate=144/144 (100.00%)
auto-selected 1-fold oversampling
[HKL stats] h=[-7,-7] k=[3,3] l=[3,3] hit_rate=144/144 (100.00%)
auto-selected 1-fold oversampling
[HKL stats] h=[-11,-11] k=[2,2] l=[7,7] hit_rate=144/144 (100.00%)
auto-selected 1-fold oversampling
[HKL stats] h=[-1,-1] k=[2,2] l=[0,0] hit_rate=144/144 (100.00%)
auto-selected 1-fold oversampling
[HKL stats] h=[-12,-11] k=[-4,-4] l=[5,5] hit_rate=144/144 (100.00%)
auto-selected 1-fold oversampling
[HKL stats] h=[-14,-14] k=[-8,-7] l=[8,8] hit_rate=144/144 (100.00%)
auto-selected 1-fold oversampling
[HKL stats] h=[-11,-11] k=[-11,-11] l=[5,5] hit_rate=144/144 (100.00%)
auto-selected 1-fold oversampling
[HKL stats] h=[4,5] k=[-18,-18] l=[8,8] hit_rate=144/144 (100.00%)
auto-selected 1-fold oversampling
[HKL stats] h=[6,6] k=[-20,-20] l=[11,11] hit_rate=144/144 (100.00%)
auto-selected 1-fold oversampling
[HKL stats] h=[1,1] k=[21,21] l=[11,11] hit_rate=144/144 (100.00%)
auto-selected 1-fold oversampling
[HKL stats] h=[4,4] k=[16,16] l=[4,5] hit_rate=144/144 (100.00%)
auto-selected 1-fold oversampling
[HKL stats] h=[6,7] k=[11,12] l=[2,2] hit_rate=144/144 (100.00%)
auto-selected 1-fold oversampling
[HKL stats] h=[11,11] k=[10,10] l=[3,3] hit_rate=144/144 (100.00%)
auto-selected 1-fold oversampling
[HKL stats] h=[-5,-5] k=[5,6] l=[2,2] hit_rate=144/144 (100.00%)
auto-selected 1-fold oversampling
[HKL stats] h=[-8,-8] k=[3,3] l=[3,3] hit_rate=144/144 (100.00%)
auto-selected 1-fold oversampling
[HKL stats] h=[-12,-12] k=[2,2] l=[7,7] hit_rate=144/144 (100.00%)
auto-selected 1-fold oversampling
[HKL stats] h=[-1,-1] k=[2,2] l=[0,0] hit_rate=144/144 (100.00%)
auto-selected 1-fold oversampling
[HKL stats] h=[-13,-13] k=[-4,-4] l=[5,5] hit_rate=144/144 (100.00%)
auto-selected 1-fold oversampling
[HKL stats] h=[-15,-15] k=[-7,-7] l=[8,8] hit_rate=144/144 (100.00%)
auto-selected 1-fold oversampling
[HKL stats] h=[-12,-12] k=[-11,-11] l=[5,5] hit_rate=144/144 (100.00%)
auto-selected 1-fold oversampling
[HKL stats] h=[5,5] k=[-18,-18] l=[8,8] hit_rate=144/144 (100.00%)
auto-selected 1-fold oversampling
[HKL stats] h=[7,7] k=[-20,-20] l=[11,11] hit_rate=144/144 (100.00%)
auto-selected 1-fold oversampling
[HKL stats] h=[1,1] k=[21,21] l=[11,11] hit_rate=144/144 (100.00%)
auto-selected 1-fold oversampling
[HKL stats] h=[4,4] k=[16,16] l=[4,5] hit_rate=144/144 (100.00%)
auto-selected 1-fold oversampling
[HKL stats] h=[6,7] k=[11,12] l=[2,2] hit_rate=144/144 (100.00%)
auto-selected 1-fold oversampling
[HKL stats] h=[11,11] k=[10,10] l=[3,3] hit_rate=144/144 (100.00%)
auto-selected 1-fold oversampling
[HKL stats] h=[-5,-5] k=[5,6] l=[2,2] hit_rate=144/144 (100.00%)
auto-selected 1-fold oversampling
[HKL stats] h=[-8,-8] k=[3,3] l=[3,3] hit_rate=144/144 (100.00%)
auto-selected 1-fold oversampling
[HKL stats] h=[-13,-12] k=[2,2] l=[7,7] hit_rate=144/144 (100.00%)
auto-selected 1-fold oversampling
[HKL stats] h=[-1,-1] k=[2,2] l=[0,0] hit_rate=144/144 (100.00%)
auto-selected 1-fold oversampling
[HKL stats] h=[-13,-13] k=[-4,-4] l=[5,5] hit_rate=144/144 (100.00%)
auto-selected 1-fold oversampling
[HKL stats] h=[-15,-15] k=[-7,-7] l=[8,8] hit_rate=144/144 (100.00%)
auto-selected 1-fold oversampling
[HKL stats] h=[-12,-12] k=[-11,-11] l=[5,5] hit_rate=144/144 (100.00%)
auto-selected 1-fold oversampling
[HKL stats] h=[5,5] k=[-18,-18] l=[8,8] hit_rate=144/144 (100.00%)
auto-selected 1-fold oversampling
[HKL stats] h=[7,7] k=[-20,-20] l=[11,11] hit_rate=144/144 (100.00%)
auto-selected 1-fold oversampling
[HKL stats] h=[1,1] k=[21,21] l=[11,11] hit_rate=144/144 (100.00%)
auto-selected 1-fold oversampling
[HKL stats] h=[4,4] k=[16,16] l=[4,5] hit_rate=144/144 (100.00%)
auto-selected 1-fold oversampling
[HKL stats] h=[6,7] k=[11,12] l=[2,2] hit_rate=144/144 (100.00%)
auto-selected 1-fold oversampling
[HKL stats] h=[11,11] k=[10,10] l=[3,3] hit_rate=144/144 (100.00%)
auto-selected 1-fold oversampling
[HKL stats] h=[-5,-5] k=[5,6] l=[2,2] hit_rate=144/144 (100.00%)
auto-selected 1-fold oversampling
[HKL stats] h=[-8,-8] k=[3,3] l=[3,3] hit_rate=144/144 (100.00%)
auto-selected 1-fold oversampling
[HKL stats] h=[-12,-12] k=[2,2] l=[7,7] hit_rate=144/144 (100.00%)
auto-selected 1-fold oversampling
[HKL stats] h=[-1,-1] k=[2,2] l=[0,0] hit_rate=144/144 (100.00%)
auto-selected 1-fold oversampling
[HKL stats] h=[-13,-13] k=[-4,-4] l=[5,5] hit_rate=144/144 (100.00%)
auto-selected 1-fold oversampling
[HKL stats] h=[-15,-15] k=[-7,-7] l=[8,8] hit_rate=144/144 (100.00%)
auto-selected 1-fold oversampling
[HKL stats] h=[-12,-12] k=[-11,-11] l=[5,5] hit_rate=144/144 (100.00%)
auto-selected 1-fold oversampling
[HKL stats] h=[5,5] k=[-18,-18] l=[8,8] hit_rate=144/144 (100.00%)
auto-selected 1-fold oversampling
[HKL stats] h=[7,7] k=[-20,-20] l=[11,11] hit_rate=144/144 (100.00%)
auto-selected 1-fold oversampling
[HKL stats] h=[1,1] k=[21,21] l=[11,11] hit_rate=144/144 (100.00%)
auto-selected 1-fold oversampling
[HKL stats] h=[-1,-1] k=[20,21] l=[11,11] hit_rate=144/144 (100.00%)
auto-selected 1-fold oversampling
[HKL stats] h=[7,7] k=[22,22] l=[9,9] hit_rate=144/144 (100.00%)
auto-selected 1-fold oversampling
[HKL stats] h=[9,9] k=[21,22] l=[8,8] hit_rate=144/144 (100.00%)
auto-selected 1-fold oversampling
[HKL stats] h=[-6,-6] k=[16,16] l=[11,11] hit_rate=144/144 (100.00%)
auto-selected 1-fold oversampling
[HKL stats] h=[-2,-1] k=[16,16] l=[7,7] hit_rate=144/144 (100.00%)
auto-selected 1-fold oversampling
[HKL stats] h=[15,15] k=[16,16] l=[7,7] hit_rate=144/144 (100.00%)
auto-selected 1-fold oversampling
[HKL stats] h=[-4,-3] k=[15,16] l=[8,8] hit_rate=144/144 (100.00%)
auto-selected 1-fold oversampling
[HKL stats] h=[5,5] k=[17,17] l=[5,5] hit_rate=144/144 (100.00%)
auto-selected 1-fold oversampling
[HKL stats] h=[7,7] k=[17,17] l=[5,5] hit_rate=144/144 (100.00%)
auto-selected 1-fold oversampling
[HKL stats] h=[4,4] k=[16,16] l=[4,5] hit_rate=144/144 (100.00%)
auto-selected 1-fold oversampling
[HKL stats] h=[9,9] k=[16,16] l=[4,4] hit_rate=144/144 (100.00%)
auto-selected 1-fold oversampling
[HKL stats] h=[0,0] k=[15,15] l=[5,5] hit_rate=144/144 (100.00%)
auto-selected 1-fold oversampling
[HKL stats] h=[2,3] k=[15,15] l=[4,4] hit_rate=144/144 (100.00%)
auto-selected 1-fold oversampling
[HKL stats] h=[14,14] k=[14,14] l=[5,5] hit_rate=144/144 (100.00%)
auto-selected 1-fold oversampling
[HKL stats] h=[5,5] k=[14,14] l=[3,3] hit_rate=144/144 (100.00%)
auto-selected 1-fold oversampling
[HKL stats] h=[14,15] k=[12,12] l=[5,5] hit_rate=144/144 (100.00%)
auto-selected 1-fold oversampling
[HKL stats] h=[2,3] k=[13,13] l=[3,3] hit_rate=144/144 (100.00%)
auto-selected 1-fold oversampling
[HKL stats] h=[10,11] k=[12,12] l=[3,4] hit_rate=144/144 (100.00%)
auto-selected 1-fold oversampling
[HKL stats] h=[9,9] k=[12,13] l=[3,3] hit_rate=144/144 (100.00%)
auto-selected 1-fold oversampling
[HKL stats] h=[-10,-10] k=[10,10] l=[9,9] hit_rate=144/144 (100.00%)
auto-selected 1-fold oversampling
[HKL stats] h=[11,11] k=[11,11] l=[3,3] hit_rate=144/144 (100.00%)
auto-selected 1-fold oversampling
[HKL stats] h=[6,7] k=[11,12] l=[2,2] hit_rate=144/144 (100.00%)
auto-selected 1-fold oversampling
[HKL stats] h=[-0,-0] k=[11,11] l=[3,3] hit_rate=144/144 (100.00%)
auto-selected 1-fold oversampling
[HKL stats] h=[-5,-4] k=[10,11] l=[4,4] hit_rate=144/144 (100.00%)
auto-selected 1-fold oversampling
[HKL stats] h=[-7,-7] k=[10,10] l=[6,6] hit_rate=144/144 (100.00%)
auto-selected 1-fold oversampling
[HKL stats] h=[11,11] k=[10,10] l=[3,3] hit_rate=144/144 (100.00%)
auto-selected 1-fold oversampling
[HKL stats] h=[0,1] k=[10,10] l=[2,2] hit_rate=144/144 (100.00%)
auto-selected 1-fold oversampling
[HKL stats] h=[5,5] k=[9,9] l=[1,1] hit_rate=144/144 (100.00%)
auto-selected 1-fold oversampling
[HKL stats] h=[-7,-7] k=[8,8] l=[4,5] hit_rate=144/144 (100.00%)
auto-selected 1-fold oversampling
[HKL stats] h=[11,11] k=[7,7] l=[3,3] hit_rate=144/144 (100.00%)
auto-selected 1-fold oversampling
[HKL stats] h=[4,4] k=[7,7] l=[1,1] hit_rate=144/144 (100.00%)
auto-selected 1-fold oversampling
[HKL stats] h=[-1,-1] k=[6,6] l=[1,1] hit_rate=144/144 (100.00%)
auto-selected 1-fold oversampling
[HKL stats] h=[1,1] k=[6,6] l=[1,1] hit_rate=144/144 (100.00%)
auto-selected 1-fold oversampling
[HKL stats] h=[4,5] k=[6,6] l=[1,1] hit_rate=144/144 (100.00%)
auto-selected 1-fold oversampling
[HKL stats] h=[-5,-5] k=[5,6] l=[2,2] hit_rate=144/144 (100.00%)
auto-selected 1-fold oversampling
[HKL stats] h=[-13,-13] k=[4,4] l=[9,9] hit_rate=144/144 (100.00%)
auto-selected 1-fold oversampling
[HKL stats] h=[-3,-2] k=[5,5] l=[1,1] hit_rate=144/144 (100.00%)
auto-selected 1-fold oversampling
[HKL stats] h=[-4,-4] k=[4,4] l=[1,1] hit_rate=144/144 (100.00%)
auto-selected 1-fold oversampling
[HKL stats] h=[-8,-8] k=[3,3] l=[3,3] hit_rate=144/144 (100.00%)
auto-selected 1-fold oversampling
[HKL stats] h=[-12,-12] k=[2,2] l=[7,7] hit_rate=144/144 (100.00%)
auto-selected 1-fold oversampling
[HKL stats] h=[-12,-11] k=[2,2] l=[6,6] hit_rate=144/144 (100.00%)
auto-selected 1-fold oversampling
[HKL stats] h=[-11,-11] k=[2,2] l=[5,5] hit_rate=144/144 (100.00%)
auto-selected 1-fold oversampling
[HKL stats] h=[14,14] k=[2,2] l=[5,5] hit_rate=144/144 (100.00%)
auto-selected 1-fold oversampling
[HKL stats] h=[-1,-1] k=[2,2] l=[0,0] hit_rate=144/144 (100.00%)
auto-selected 1-fold oversampling
[HKL stats] h=[7,8] k=[-2,-1] l=[2,2] hit_rate=144/144 (100.00%)
auto-selected 1-fold oversampling
[HKL stats] h=[-1,-1] k=[-2,-2] l=[0,0] hit_rate=144/144 (100.00%)
auto-selected 1-fold oversampling
[HKL stats] h=[12,13] k=[-2,-2] l=[4,5] hit_rate=144/144 (100.00%)
auto-selected 1-fold oversampling
[HKL stats] h=[4,4] k=[-2,-2] l=[1,1] hit_rate=144/144 (100.00%)
auto-selected 1-fold oversampling
[HKL stats] h=[-7,-7] k=[-3,-2] l=[1,1] hit_rate=144/144 (100.00%)
auto-selected 1-fold oversampling
[HKL stats] h=[-3,-3] k=[-3,-3] l=[0,0] hit_rate=144/144 (100.00%)
auto-selected 1-fold oversampling
[HKL stats] h=[11,12] k=[-3,-2] l=[4,4] hit_rate=144/144 (100.00%)
auto-selected 1-fold oversampling
[HKL stats] h=[2,3] k=[-4,-4] l=[1,1] hit_rate=144/144 (100.00%)
auto-selected 1-fold oversampling
[HKL stats] h=[4,4] k=[-4,-4] l=[1,1] hit_rate=144/144 (100.00%)
auto-selected 1-fold oversampling
[HKL stats] h=[-9,-8] k=[-4,-4] l=[2,2] hit_rate=144/144 (100.00%)
auto-selected 1-fold oversampling
[HKL stats] h=[-13,-13] k=[-4,-4] l=[5,5] hit_rate=144/144 (100.00%)
auto-selected 1-fold oversampling
[HKL stats] h=[-15,-15] k=[-4,-3] l=[8,8] hit_rate=144/144 (100.00%)
auto-selected 1-fold oversampling
[HKL stats] h=[-11,-10] k=[-6,-6] l=[3,3] hit_rate=144/144 (100.00%)
auto-selected 1-fold oversampling
[HKL stats] h=[-4,-3] k=[-7,-7] l=[1,1] hit_rate=144/144 (100.00%)
auto-selected 1-fold oversampling
[HKL stats] h=[-0,-0] k=[-7,-7] l=[1,1] hit_rate=144/144 (100.00%)
auto-selected 1-fold oversampling
[HKL stats] h=[-7,-7] k=[-7,-7] l=[2,2] hit_rate=144/144 (100.00%)
auto-selected 1-fold oversampling
[HKL stats] h=[11,12] k=[-7,-6] l=[5,6] hit_rate=144/144 (100.00%)
auto-selected 1-fold oversampling
[HKL stats] h=[-2,-2] k=[-8,-8] l=[1,1] hit_rate=144/144 (100.00%)
auto-selected 1-fold oversampling
[HKL stats] h=[-5,-5] k=[-9,-8] l=[1,1] hit_rate=144/144 (100.00%)
auto-selected 1-fold oversampling
[HKL stats] h=[-14,-14] k=[-8,-7] l=[6,7] hit_rate=144/144 (100.00%)
auto-selected 1-fold oversampling
[HKL stats] h=[-14,-14] k=[-8,-7] l=[7,7] hit_rate=144/144 (100.00%)
auto-selected 1-fold oversampling
[HKL stats] h=[-15,-15] k=[-8,-7] l=[8,8] hit_rate=144/144 (100.00%)
auto-selected 1-fold oversampling
[HKL stats] h=[-15,-15] k=[-7,-7] l=[8,8] hit_rate=144/144 (100.00%)
auto-selected 1-fold oversampling
[HKL stats] h=[10,11] k=[-9,-8] l=[6,6] hit_rate=144/144 (100.00%)
auto-selected 1-fold oversampling
[HKL stats] h=[0,0] k=[-10,-10] l=[2,2] hit_rate=144/144 (100.00%)
auto-selected 1-fold oversampling
[HKL stats] h=[-12,-12] k=[-10,-10] l=[5,5] hit_rate=144/144 (100.00%)
auto-selected 1-fold oversampling
[HKL stats] h=[7,7] k=[-10,-10] l=[4,4] hit_rate=144/144 (100.00%)
auto-selected 1-fold oversampling
[HKL stats] h=[-12,-12] k=[-11,-11] l=[5,5] hit_rate=144/144 (100.00%)
auto-selected 1-fold oversampling
[HKL stats] h=[-3,-3] k=[-13,-12] l=[3,3] hit_rate=144/144 (100.00%)
auto-selected 1-fold oversampling
[HKL stats] h=[4,4] k=[-12,-12] l=[4,4] hit_rate=144/144 (100.00%)
auto-selected 1-fold oversampling
[HKL stats] h=[4,4] k=[-13,-13] l=[4,5] hit_rate=144/144 (100.00%)
auto-selected 1-fold oversampling
[HKL stats] h=[4,4] k=[-14,-14] l=[5,5] hit_rate=144/144 (100.00%)
auto-selected 1-fold oversampling
[HKL stats] h=[4,4] k=[-15,-15] l=[6,6] hit_rate=144/144 (100.00%)
auto-selected 1-fold oversampling
[HKL stats] h=[-4,-3] k=[-17,-17] l=[5,5] hit_rate=144/144 (100.00%)
auto-selected 1-fold oversampling
[HKL stats] h=[-9,-9] k=[-18,-18] l=[7,7] hit_rate=144/144 (100.00%)
auto-selected 1-fold oversampling
[HKL stats] h=[-2,-2] k=[-18,-18] l=[6,6] hit_rate=144/144 (100.00%)
auto-selected 1-fold oversampling
[HKL stats] h=[12,12] k=[-15,-15] l=[11,11] hit_rate=0/144 (0.00%)
auto-selected 1-fold oversampling
[HKL stats] h=[-1,-0] k=[-19,-18] l=[7,7] hit_rate=144/144 (100.00%)
auto-selected 1-fold oversampling
[HKL stats] h=[5,5] k=[-18,-18] l=[8,8] hit_rate=144/144 (100.00%)
auto-selected 1-fold oversampling
[HKL stats] h=[-6,-5] k=[-19,-19] l=[7,7] hit_rate=144/144 (100.00%)
auto-selected 1-fold oversampling
[HKL stats] h=[-10,-10] k=[-20,-20] l=[8,8] hit_rate=144/144 (100.00%)
auto-selected 1-fold oversampling
[HKL stats] h=[6,6] k=[-19,-19] l=[10,10] hit_rate=144/144 (100.00%)
auto-selected 1-fold oversampling
[HKL stats] h=[9,9] k=[-18,-18] l=[11,12] hit_rate=144/144 (100.00%)
auto-selected 1-fold oversampling
[HKL stats] h=[-13,-12] k=[-19,-19] l=[10,10] hit_rate=144/144 (100.00%)
auto-selected 1-fold oversampling
[HKL stats] h=[7,7] k=[-20,-20] l=[11,11] hit_rate=144/144 (100.00%)
auto-selected 1-fold oversampling
[HKL stats] h=[-14,-13] k=[-20,-20] l=[11,12] hit_rate=144/144 (100.00%)
auto-selected 1-fold oversampling
[HKL stats] h=[3,3] k=[-22,-21] l=[10,11] hit_rate=144/144 (100.00%)
auto-selected 1-fold oversampling
[HKL stats] h=[1,1] k=[21,21] l=[11,11] hit_rate=144/144 (100.00%)
auto-selected 1-fold oversampling
[HKL stats] h=[4,4] k=[16,16] l=[4,5] hit_rate=144/144 (100.00%)
auto-selected 1-fold oversampling
[HKL stats] h=[6,7] k=[11,12] l=[2,2] hit_rate=144/144 (100.00%)
auto-selected 1-fold oversampling
[HKL stats] h=[11,11] k=[10,10] l=[3,3] hit_rate=144/144 (100.00%)
auto-selected 1-fold oversampling
[HKL stats] h=[-5,-5] k=[5,6] l=[2,2] hit_rate=144/144 (100.00%)
auto-selected 1-fold oversampling
[HKL stats] h=[-8,-8] k=[3,3] l=[3,3] hit_rate=144/144 (100.00%)
auto-selected 1-fold oversampling
[HKL stats] h=[-12,-12] k=[2,2] l=[7,7] hit_rate=144/144 (100.00%)
auto-selected 1-fold oversampling
[HKL stats] h=[-1,-1] k=[2,2] l=[0,0] hit_rate=144/144 (100.00%)
auto-selected 1-fold oversampling
[HKL stats] h=[-13,-13] k=[-4,-4] l=[5,5] hit_rate=144/144 (100.00%)
auto-selected 1-fold oversampling
[HKL stats] h=[-15,-15] k=[-7,-7] l=[8,8] hit_rate=144/144 (100.00%)
auto-selected 1-fold oversampling
[HKL stats] h=[-12,-12] k=[-11,-11] l=[5,5] hit_rate=144/144 (100.00%)
auto-selected 1-fold oversampling
[HKL stats] h=[5,5] k=[-18,-18] l=[8,8] hit_rate=144/144 (100.00%)
auto-selected 1-fold oversampling
[HKL stats] h=[7,7] k=[-20,-20] l=[11,11] hit_rate=144/144 (100.00%)
auto-selected 1-fold oversampling
[HKL stats] h=[1,1] k=[21,21] l=[11,11] hit_rate=144/144 (100.00%)
auto-selected 1-fold oversampling
[HKL stats] h=[4,4] k=[16,16] l=[4,5] hit_rate=144/144 (100.00%)
auto-selected 1-fold oversampling
[HKL stats] h=[6,7] k=[11,12] l=[2,2] hit_rate=144/144 (100.00%)
auto-selected 1-fold oversampling
[HKL stats] h=[11,11] k=[10,10] l=[3,3] hit_rate=144/144 (100.00%)
auto-selected 1-fold oversampling
[HKL stats] h=[-5,-5] k=[5,6] l=[2,2] hit_rate=144/144 (100.00%)
auto-selected 1-fold oversampling
[HKL stats] h=[-8,-8] k=[3,3] l=[3,3] hit_rate=144/144 (100.00%)
auto-selected 1-fold oversampling
[HKL stats] h=[-12,-12] k=[2,2] l=[7,7] hit_rate=144/144 (100.00%)
auto-selected 1-fold oversampling
[HKL stats] h=[-1,-1] k=[2,2] l=[0,0] hit_rate=144/144 (100.00%)
auto-selected 1-fold oversampling
[HKL stats] h=[-13,-13] k=[-4,-4] l=[5,5] hit_rate=144/144 (100.00%)
auto-selected 1-fold oversampling
[HKL stats] h=[-15,-15] k=[-7,-7] l=[8,8] hit_rate=144/144 (100.00%)
auto-selected 1-fold oversampling
[HKL stats] h=[-12,-12] k=[-11,-11] l=[5,5] hit_rate=144/144 (100.00%)
auto-selected 1-fold oversampling
[HKL stats] h=[5,5] k=[-18,-18] l=[8,8] hit_rate=144/144 (100.00%)
auto-selected 1-fold oversampling
[HKL stats] h=[7,7] k=[-20,-20] l=[11,11] hit_rate=144/144 (100.00%)
auto-selected 1-fold oversampling
[HKL stats] h=[1,1] k=[21,21] l=[11,11] hit_rate=144/144 (100.00%)
auto-selected 1-fold oversampling
[HKL stats] h=[4,4] k=[16,16] l=[4,5] hit_rate=144/144 (100.00%)
auto-selected 1-fold oversampling
[HKL stats] h=[6,7] k=[11,12] l=[2,2] hit_rate=144/144 (100.00%)
auto-selected 1-fold oversampling
[HKL stats] h=[11,11] k=[10,10] l=[3,3] hit_rate=144/144 (100.00%)
auto-selected 1-fold oversampling
[HKL stats] h=[-5,-5] k=[5,6] l=[2,2] hit_rate=144/144 (100.00%)
auto-selected 1-fold oversampling
[HKL stats] h=[-8,-8] k=[3,3] l=[3,3] hit_rate=144/144 (100.00%)
auto-selected 1-fold oversampling
[HKL stats] h=[-12,-12] k=[2,2] l=[7,7] hit_rate=144/144 (100.00%)
auto-selected 1-fold oversampling
[HKL stats] h=[-1,-1] k=[2,2] l=[0,0] hit_rate=144/144 (100.00%)
auto-selected 1-fold oversampling
[HKL stats] h=[-13,-13] k=[-4,-4] l=[5,5] hit_rate=144/144 (100.00%)
auto-selected 1-fold oversampling
[HKL stats] h=[-15,-15] k=[-7,-7] l=[8,8] hit_rate=144/144 (100.00%)
auto-selected 1-fold oversampling
[HKL stats] h=[-12,-12] k=[-11,-11] l=[5,5] hit_rate=144/144 (100.00%)
auto-selected 1-fold oversampling
[HKL stats] h=[5,5] k=[-18,-18] l=[8,8] hit_rate=144/144 (100.00%)
auto-selected 1-fold oversampling
[HKL stats] h=[7,7] k=[-20,-20] l=[11,11] hit_rate=144/144 (100.00%)
auto-selected 1-fold oversampling
[HKL stats] h=[1,1] k=[21,21] l=[11,11] hit_rate=144/144 (100.00%)
auto-selected 1-fold oversampling
[HKL stats] h=[4,4] k=[16,16] l=[4,5] hit_rate=144/144 (100.00%)
auto-selected 1-fold oversampling
[HKL stats] h=[6,7] k=[11,12] l=[2,2] hit_rate=144/144 (100.00%)
auto-selected 1-fold oversampling
[HKL stats] h=[11,11] k=[10,10] l=[3,3] hit_rate=144/144 (100.00%)
auto-selected 1-fold oversampling
[HKL stats] h=[-5,-5] k=[5,6] l=[2,2] hit_rate=144/144 (100.00%)
auto-selected 1-fold oversampling
[HKL stats] h=[-8,-8] k=[3,3] l=[3,3] hit_rate=144/144 (100.00%)
auto-selected 1-fold oversampling
[HKL stats] h=[-12,-12] k=[2,2] l=[7,7] hit_rate=144/144 (100.00%)
auto-selected 1-fold oversampling
[HKL stats] h=[-1,-1] k=[2,2] l=[0,0] hit_rate=144/144 (100.00%)
auto-selected 1-fold oversampling
[HKL stats] h=[-13,-13] k=[-4,-4] l=[5,5] hit_rate=144/144 (100.00%)
auto-selected 1-fold oversampling
[HKL stats] h=[-15,-15] k=[-7,-7] l=[8,8] hit_rate=144/144 (100.00%)
auto-selected 1-fold oversampling
[HKL stats] h=[-12,-12] k=[-11,-11] l=[5,5] hit_rate=144/144 (100.00%)
auto-selected 1-fold oversampling
[HKL stats] h=[5,5] k=[-18,-18] l=[8,8] hit_rate=144/144 (100.00%)
auto-selected 1-fold oversampling
[HKL stats] h=[7,7] k=[-20,-20] l=[11,11] hit_rate=144/144 (100.00%)
auto-selected 1-fold oversampling
[HKL stats] h=[1,1] k=[21,21] l=[11,11] hit_rate=144/144 (100.00%)
auto-selected 1-fold oversampling
[HKL stats] h=[4,4] k=[16,16] l=[4,5] hit_rate=144/144 (100.00%)
auto-selected 1-fold oversampling
[HKL stats] h=[6,7] k=[11,12] l=[2,2] hit_rate=144/144 (100.00%)
auto-selected 1-fold oversampling
[HKL stats] h=[11,11] k=[10,10] l=[3,3] hit_rate=144/144 (100.00%)
auto-selected 1-fold oversampling
[HKL stats] h=[-5,-5] k=[5,6] l=[2,2] hit_rate=144/144 (100.00%)
auto-selected 1-fold oversampling
[HKL stats] h=[-8,-8] k=[3,3] l=[3,3] hit_rate=144/144 (100.00%)
auto-selected 1-fold oversampling
[HKL stats] h=[-12,-12] k=[2,2] l=[7,7] hit_rate=144/144 (100.00%)
auto-selected 1-fold oversampling
[HKL stats] h=[-1,-1] k=[2,2] l=[0,0] hit_rate=144/144 (100.00%)
auto-selected 1-fold oversampling
[HKL stats] h=[-13,-13] k=[-4,-4] l=[5,5] hit_rate=144/144 (100.00%)
auto-selected 1-fold oversampling
[HKL stats] h=[-15,-15] k=[-7,-7] l=[8,8] hit_rate=144/144 (100.00%)
auto-selected 1-fold oversampling
[HKL stats] h=[-12,-12] k=[-11,-11] l=[5,5] hit_rate=144/144 (100.00%)
auto-selected 1-fold oversampling
[HKL stats] h=[5,5] k=[-18,-18] l=[8,8] hit_rate=144/144 (100.00%)
auto-selected 1-fold oversampling
[HKL stats] h=[7,7] k=[-20,-20] l=[11,11] hit_rate=144/144 (100.00%)
auto-selected 1-fold oversampling
[HKL stats] h=[1,1] k=[21,21] l=[11,11] hit_rate=144/144 (100.00%)
auto-selected 1-fold oversampling
[HKL stats] h=[-1,-1] k=[20,21] l=[11,11] hit_rate=144/144 (100.00%)
auto-selected 1-fold oversampling
[HKL stats] h=[7,7] k=[22,22] l=[9,9] hit_rate=144/144 (100.00%)
auto-selected 1-fold oversampling
[HKL stats] h=[9,9] k=[21,22] l=[8,8] hit_rate=144/144 (100.00%)
auto-selected 1-fold oversampling
[HKL stats] h=[-6,-6] k=[16,16] l=[11,11] hit_rate=144/144 (100.00%)
auto-selected 1-fold oversampling
[HKL stats] h=[-2,-1] k=[16,16] l=[7,7] hit_rate=144/144 (100.00%)
auto-selected 1-fold oversampling
[HKL stats] h=[15,15] k=[16,16] l=[7,7] hit_rate=144/144 (100.00%)
auto-selected 1-fold oversampling
[HKL stats] h=[-4,-3] k=[15,16] l=[8,8] hit_rate=144/144 (100.00%)
auto-selected 1-fold oversampling
[HKL stats] h=[5,5] k=[17,17] l=[5,5] hit_rate=144/144 (100.00%)
auto-selected 1-fold oversampling
[HKL stats] h=[7,7] k=[17,17] l=[5,5] hit_rate=144/144 (100.00%)
auto-selected 1-fold oversampling
[HKL stats] h=[4,4] k=[16,16] l=[4,5] hit_rate=144/144 (100.00%)
auto-selected 1-fold oversampling
[HKL stats] h=[9,9] k=[16,16] l=[4,4] hit_rate=144/144 (100.00%)
auto-selected 1-fold oversampling
[HKL stats] h=[0,0] k=[15,15] l=[5,5] hit_rate=144/144 (100.00%)
auto-selected 1-fold oversampling
[HKL stats] h=[2,3] k=[15,15] l=[4,4] hit_rate=144/144 (100.00%)
auto-selected 1-fold oversampling
[HKL stats] h=[14,14] k=[14,14] l=[5,5] hit_rate=144/144 (100.00%)
auto-selected 1-fold oversampling
[HKL stats] h=[5,5] k=[14,14] l=[3,3] hit_rate=144/144 (100.00%)
auto-selected 1-fold oversampling
[HKL stats] h=[14,15] k=[12,12] l=[5,5] hit_rate=144/144 (100.00%)
auto-selected 1-fold oversampling
[HKL stats] h=[2,3] k=[13,13] l=[3,3] hit_rate=144/144 (100.00%)
auto-selected 1-fold oversampling
[HKL stats] h=[10,11] k=[12,12] l=[3,4] hit_rate=144/144 (100.00%)
auto-selected 1-fold oversampling
[HKL stats] h=[9,9] k=[12,13] l=[3,3] hit_rate=144/144 (100.00%)
auto-selected 1-fold oversampling
[HKL stats] h=[-10,-10] k=[10,10] l=[9,9] hit_rate=144/144 (100.00%)
auto-selected 1-fold oversampling
[HKL stats] h=[11,11] k=[11,11] l=[3,3] hit_rate=144/144 (100.00%)
auto-selected 1-fold oversampling
[HKL stats] h=[6,7] k=[11,12] l=[2,2] hit_rate=144/144 (100.00%)
auto-selected 1-fold oversampling
[HKL stats] h=[-0,-0] k=[11,11] l=[3,3] hit_rate=144/144 (100.00%)
auto-selected 1-fold oversampling
[HKL stats] h=[-5,-4] k=[10,11] l=[4,4] hit_rate=144/144 (100.00%)
auto-selected 1-fold oversampling
[HKL stats] h=[-7,-7] k=[10,10] l=[6,6] hit_rate=144/144 (100.00%)
auto-selected 1-fold oversampling
[HKL stats] h=[11,11] k=[10,10] l=[3,3] hit_rate=144/144 (100.00%)
auto-selected 1-fold oversampling
[HKL stats] h=[0,1] k=[10,10] l=[2,2] hit_rate=144/144 (100.00%)
auto-selected 1-fold oversampling
[HKL stats] h=[5,5] k=[9,9] l=[1,1] hit_rate=144/144 (100.00%)
auto-selected 1-fold oversampling
[HKL stats] h=[-7,-7] k=[8,8] l=[4,5] hit_rate=144/144 (100.00%)
auto-selected 1-fold oversampling
[HKL stats] h=[11,11] k=[7,7] l=[3,3] hit_rate=144/144 (100.00%)
auto-selected 1-fold oversampling
[HKL stats] h=[4,4] k=[7,7] l=[1,1] hit_rate=144/144 (100.00%)
auto-selected 1-fold oversampling
[HKL stats] h=[-1,-1] k=[6,6] l=[1,1] hit_rate=144/144 (100.00%)
auto-selected 1-fold oversampling
[HKL stats] h=[1,1] k=[6,6] l=[1,1] hit_rate=144/144 (100.00%)
auto-selected 1-fold oversampling
[HKL stats] h=[4,5] k=[6,6] l=[1,1] hit_rate=144/144 (100.00%)
auto-selected 1-fold oversampling
[HKL stats] h=[-5,-5] k=[5,6] l=[2,2] hit_rate=144/144 (100.00%)
auto-selected 1-fold oversampling
[HKL stats] h=[-13,-13] k=[4,4] l=[9,9] hit_rate=144/144 (100.00%)
auto-selected 1-fold oversampling
[HKL stats] h=[-3,-2] k=[5,5] l=[1,1] hit_rate=144/144 (100.00%)
auto-selected 1-fold oversampling
[HKL stats] h=[-4,-4] k=[4,4] l=[1,1] hit_rate=144/144 (100.00%)
auto-selected 1-fold oversampling
[HKL stats] h=[-8,-8] k=[3,3] l=[3,3] hit_rate=144/144 (100.00%)
auto-selected 1-fold oversampling
[HKL stats] h=[-12,-12] k=[2,2] l=[7,7] hit_rate=144/144 (100.00%)
auto-selected 1-fold oversampling
[HKL stats] h=[-12,-11] k=[2,2] l=[6,6] hit_rate=144/144 (100.00%)
auto-selected 1-fold oversampling
[HKL stats] h=[-11,-11] k=[2,2] l=[5,5] hit_rate=144/144 (100.00%)
auto-selected 1-fold oversampling
[HKL stats] h=[14,14] k=[2,2] l=[5,5] hit_rate=144/144 (100.00%)
auto-selected 1-fold oversampling
[HKL stats] h=[-1,-1] k=[2,2] l=[0,0] hit_rate=144/144 (100.00%)
auto-selected 1-fold oversampling
[HKL stats] h=[7,8] k=[-2,-1] l=[2,2] hit_rate=144/144 (100.00%)
auto-selected 1-fold oversampling
[HKL stats] h=[-1,-1] k=[-2,-2] l=[0,0] hit_rate=144/144 (100.00%)
auto-selected 1-fold oversampling
[HKL stats] h=[12,13] k=[-2,-2] l=[4,5] hit_rate=144/144 (100.00%)
auto-selected 1-fold oversampling
[HKL stats] h=[4,4] k=[-2,-2] l=[1,1] hit_rate=144/144 (100.00%)
auto-selected 1-fold oversampling
[HKL stats] h=[-7,-7] k=[-3,-2] l=[1,1] hit_rate=144/144 (100.00%)
auto-selected 1-fold oversampling
[HKL stats] h=[-3,-3] k=[-3,-3] l=[0,0] hit_rate=144/144 (100.00%)
auto-selected 1-fold oversampling
[HKL stats] h=[11,12] k=[-3,-2] l=[4,4] hit_rate=144/144 (100.00%)
auto-selected 1-fold oversampling
[HKL stats] h=[2,3] k=[-4,-4] l=[1,1] hit_rate=144/144 (100.00%)
auto-selected 1-fold oversampling
[HKL stats] h=[4,4] k=[-4,-4] l=[1,1] hit_rate=144/144 (100.00%)
auto-selected 1-fold oversampling
[HKL stats] h=[-9,-8] k=[-4,-4] l=[2,2] hit_rate=144/144 (100.00%)
auto-selected 1-fold oversampling
[HKL stats] h=[-13,-13] k=[-4,-4] l=[5,5] hit_rate=144/144 (100.00%)
auto-selected 1-fold oversampling
[HKL stats] h=[-15,-15] k=[-4,-3] l=[8,8] hit_rate=144/144 (100.00%)
auto-selected 1-fold oversampling
[HKL stats] h=[-11,-10] k=[-6,-6] l=[3,3] hit_rate=144/144 (100.00%)
auto-selected 1-fold oversampling
[HKL stats] h=[-4,-3] k=[-7,-7] l=[1,1] hit_rate=144/144 (100.00%)
auto-selected 1-fold oversampling
[HKL stats] h=[-0,-0] k=[-7,-7] l=[1,1] hit_rate=144/144 (100.00%)
auto-selected 1-fold oversampling
[HKL stats] h=[-7,-7] k=[-7,-7] l=[2,2] hit_rate=144/144 (100.00%)
auto-selected 1-fold oversampling
[HKL stats] h=[11,12] k=[-7,-6] l=[5,6] hit_rate=144/144 (100.00%)
auto-selected 1-fold oversampling
[HKL stats] h=[-2,-2] k=[-8,-8] l=[1,1] hit_rate=144/144 (100.00%)
auto-selected 1-fold oversampling
[HKL stats] h=[-5,-5] k=[-9,-8] l=[1,1] hit_rate=144/144 (100.00%)
auto-selected 1-fold oversampling
[HKL stats] h=[-14,-14] k=[-8,-7] l=[6,7] hit_rate=144/144 (100.00%)
auto-selected 1-fold oversampling
[HKL stats] h=[-14,-14] k=[-8,-7] l=[7,7] hit_rate=144/144 (100.00%)
auto-selected 1-fold oversampling
[HKL stats] h=[-15,-15] k=[-8,-7] l=[8,8] hit_rate=144/144 (100.00%)
auto-selected 1-fold oversampling
[HKL stats] h=[-15,-15] k=[-7,-7] l=[8,8] hit_rate=144/144 (100.00%)
auto-selected 1-fold oversampling
[HKL stats] h=[10,11] k=[-9,-8] l=[6,6] hit_rate=144/144 (100.00%)
auto-selected 1-fold oversampling
[HKL stats] h=[0,0] k=[-10,-10] l=[2,2] hit_rate=144/144 (100.00%)
auto-selected 1-fold oversampling
[HKL stats] h=[-12,-12] k=[-10,-10] l=[5,5] hit_rate=144/144 (100.00%)
auto-selected 1-fold oversampling
[HKL stats] h=[7,7] k=[-10,-10] l=[4,4] hit_rate=144/144 (100.00%)
auto-selected 1-fold oversampling
[HKL stats] h=[-12,-12] k=[-11,-11] l=[5,5] hit_rate=144/144 (100.00%)
auto-selected 1-fold oversampling
[HKL stats] h=[-3,-3] k=[-13,-12] l=[3,3] hit_rate=144/144 (100.00%)
auto-selected 1-fold oversampling
[HKL stats] h=[4,4] k=[-12,-12] l=[4,4] hit_rate=144/144 (100.00%)
auto-selected 1-fold oversampling
[HKL stats] h=[4,4] k=[-13,-13] l=[4,5] hit_rate=144/144 (100.00%)
auto-selected 1-fold oversampling
[HKL stats] h=[4,4] k=[-14,-14] l=[5,5] hit_rate=144/144 (100.00%)
auto-selected 1-fold oversampling
[HKL stats] h=[4,4] k=[-15,-15] l=[6,6] hit_rate=144/144 (100.00%)
auto-selected 1-fold oversampling
[HKL stats] h=[-4,-3] k=[-17,-17] l=[5,5] hit_rate=144/144 (100.00%)
auto-selected 1-fold oversampling
[HKL stats] h=[-9,-9] k=[-18,-18] l=[7,7] hit_rate=144/144 (100.00%)
auto-selected 1-fold oversampling
[HKL stats] h=[-2,-2] k=[-18,-18] l=[6,6] hit_rate=144/144 (100.00%)
auto-selected 1-fold oversampling
[HKL stats] h=[12,12] k=[-15,-15] l=[11,11] hit_rate=0/144 (0.00%)
auto-selected 1-fold oversampling
[HKL stats] h=[-1,-0] k=[-19,-18] l=[7,7] hit_rate=144/144 (100.00%)
auto-selected 1-fold oversampling
[HKL stats] h=[5,5] k=[-18,-18] l=[8,8] hit_rate=144/144 (100.00%)
auto-selected 1-fold oversampling
[HKL stats] h=[-6,-5] k=[-19,-19] l=[7,7] hit_rate=144/144 (100.00%)
auto-selected 1-fold oversampling
[HKL stats] h=[-10,-10] k=[-20,-20] l=[8,8] hit_rate=144/144 (100.00%)
auto-selected 1-fold oversampling
[HKL stats] h=[6,6] k=[-19,-19] l=[10,10] hit_rate=144/144 (100.00%)
auto-selected 1-fold oversampling
[HKL stats] h=[9,9] k=[-18,-18] l=[11,12] hit_rate=144/144 (100.00%)
auto-selected 1-fold oversampling
[HKL stats] h=[-13,-12] k=[-19,-19] l=[10,10] hit_rate=144/144 (100.00%)
auto-selected 1-fold oversampling
[HKL stats] h=[7,7] k=[-20,-20] l=[11,11] hit_rate=144/144 (100.00%)
auto-selected 1-fold oversampling
[HKL stats] h=[-14,-13] k=[-20,-20] l=[11,12] hit_rate=144/144 (100.00%)
auto-selected 1-fold oversampling
[HKL stats] h=[3,3] k=[-22,-21] l=[10,11] hit_rate=144/144 (100.00%)
auto-selected 1-fold oversampling
[HKL stats] h=[1,1] k=[21,21] l=[11,11] hit_rate=144/144 (100.00%)
auto-selected 1-fold oversampling
[HKL stats] h=[4,4] k=[16,16] l=[4,5] hit_rate=144/144 (100.00%)
auto-selected 1-fold oversampling
[HKL stats] h=[6,7] k=[11,12] l=[2,2] hit_rate=144/144 (100.00%)
auto-selected 1-fold oversampling
[HKL stats] h=[11,11] k=[10,10] l=[3,3] hit_rate=144/144 (100.00%)
auto-selected 1-fold oversampling
[HKL stats] h=[-5,-5] k=[5,6] l=[2,2] hit_rate=144/144 (100.00%)
auto-selected 1-fold oversampling
[HKL stats] h=[-8,-8] k=[3,3] l=[3,3] hit_rate=144/144 (100.00%)
auto-selected 1-fold oversampling
[HKL stats] h=[-12,-12] k=[2,2] l=[7,7] hit_rate=144/144 (100.00%)
auto-selected 1-fold oversampling
[HKL stats] h=[-1,-1] k=[2,2] l=[0,0] hit_rate=144/144 (100.00%)
auto-selected 1-fold oversampling
[HKL stats] h=[-13,-13] k=[-4,-4] l=[5,5] hit_rate=144/144 (100.00%)
auto-selected 1-fold oversampling
[HKL stats] h=[-15,-15] k=[-7,-7] l=[8,8] hit_rate=144/144 (100.00%)
auto-selected 1-fold oversampling
[HKL stats] h=[-12,-12] k=[-11,-11] l=[5,5] hit_rate=144/144 (100.00%)
auto-selected 1-fold oversampling
[HKL stats] h=[5,5] k=[-18,-18] l=[8,8] hit_rate=144/144 (100.00%)
auto-selected 1-fold oversampling
[HKL stats] h=[7,7] k=[-20,-20] l=[11,11] hit_rate=144/144 (100.00%)
auto-selected 1-fold oversampling
[HKL stats] h=[1,1] k=[21,21] l=[11,11] hit_rate=144/144 (100.00%)
auto-selected 1-fold oversampling
[HKL stats] h=[4,4] k=[16,16] l=[4,5] hit_rate=144/144 (100.00%)
auto-selected 1-fold oversampling
[HKL stats] h=[6,7] k=[11,12] l=[2,2] hit_rate=144/144 (100.00%)
auto-selected 1-fold oversampling
[HKL stats] h=[11,11] k=[10,10] l=[3,3] hit_rate=144/144 (100.00%)
auto-selected 1-fold oversampling
[HKL stats] h=[-5,-5] k=[5,6] l=[2,2] hit_rate=144/144 (100.00%)
auto-selected 1-fold oversampling
[HKL stats] h=[-8,-8] k=[3,3] l=[3,3] hit_rate=144/144 (100.00%)
auto-selected 1-fold oversampling
[HKL stats] h=[-12,-12] k=[2,2] l=[7,7] hit_rate=144/144 (100.00%)
auto-selected 1-fold oversampling
[HKL stats] h=[-1,-1] k=[2,2] l=[0,0] hit_rate=144/144 (100.00%)
auto-selected 1-fold oversampling
[HKL stats] h=[-13,-13] k=[-4,-4] l=[5,5] hit_rate=144/144 (100.00%)
auto-selected 1-fold oversampling
[HKL stats] h=[-15,-15] k=[-7,-7] l=[8,8] hit_rate=144/144 (100.00%)
auto-selected 1-fold oversampling
[HKL stats] h=[-12,-12] k=[-11,-11] l=[5,5] hit_rate=144/144 (100.00%)
auto-selected 1-fold oversampling
[HKL stats] h=[5,5] k=[-18,-18] l=[8,8] hit_rate=144/144 (100.00%)
auto-selected 1-fold oversampling
[HKL stats] h=[7,7] k=[-20,-20] l=[11,11] hit_rate=144/144 (100.00%)
auto-selected 1-fold oversampling
[HKL stats] h=[1,1] k=[21,21] l=[11,11] hit_rate=144/144 (100.00%)
auto-selected 1-fold oversampling
[HKL stats] h=[4,4] k=[16,16] l=[4,5] hit_rate=144/144 (100.00%)
auto-selected 1-fold oversampling
[HKL stats] h=[6,7] k=[11,12] l=[2,2] hit_rate=144/144 (100.00%)
auto-selected 1-fold oversampling
[HKL stats] h=[11,11] k=[10,10] l=[3,3] hit_rate=144/144 (100.00%)
auto-selected 1-fold oversampling
[HKL stats] h=[-5,-5] k=[5,6] l=[2,2] hit_rate=144/144 (100.00%)
auto-selected 1-fold oversampling
[HKL stats] h=[-8,-8] k=[3,3] l=[3,3] hit_rate=144/144 (100.00%)
auto-selected 1-fold oversampling
[HKL stats] h=[-12,-12] k=[2,2] l=[7,7] hit_rate=144/144 (100.00%)
auto-selected 1-fold oversampling
[HKL stats] h=[-1,-1] k=[2,2] l=[0,0] hit_rate=144/144 (100.00%)
auto-selected 1-fold oversampling
[HKL stats] h=[-13,-13] k=[-4,-4] l=[5,5] hit_rate=144/144 (100.00%)
auto-selected 1-fold oversampling
[HKL stats] h=[-15,-15] k=[-7,-7] l=[8,8] hit_rate=144/144 (100.00%)
auto-selected 1-fold oversampling
[HKL stats] h=[-12,-12] k=[-11,-11] l=[5,5] hit_rate=144/144 (100.00%)
auto-selected 1-fold oversampling
[HKL stats] h=[5,5] k=[-18,-18] l=[8,8] hit_rate=144/144 (100.00%)
auto-selected 1-fold oversampling
[HKL stats] h=[7,7] k=[-20,-20] l=[11,11] hit_rate=144/144 (100.00%)
auto-selected 1-fold oversampling
[HKL stats] h=[1,1] k=[21,21] l=[11,11] hit_rate=144/144 (100.00%)
auto-selected 1-fold oversampling
[HKL stats] h=[4,4] k=[16,16] l=[4,5] hit_rate=144/144 (100.00%)
auto-selected 1-fold oversampling
[HKL stats] h=[6,7] k=[11,12] l=[2,2] hit_rate=144/144 (100.00%)
auto-selected 1-fold oversampling
[HKL stats] h=[11,11] k=[10,10] l=[3,3] hit_rate=144/144 (100.00%)
auto-selected 1-fold oversampling
[HKL stats] h=[-5,-5] k=[5,6] l=[2,2] hit_rate=144/144 (100.00%)
auto-selected 1-fold oversampling
[HKL stats] h=[-8,-8] k=[3,3] l=[3,3] hit_rate=144/144 (100.00%)
auto-selected 1-fold oversampling
[HKL stats] h=[-12,-12] k=[2,2] l=[7,7] hit_rate=144/144 (100.00%)
auto-selected 1-fold oversampling
[HKL stats] h=[-1,-1] k=[2,2] l=[0,0] hit_rate=144/144 (100.00%)
auto-selected 1-fold oversampling
[HKL stats] h=[-13,-13] k=[-4,-4] l=[5,5] hit_rate=144/144 (100.00%)
auto-selected 1-fold oversampling
[HKL stats] h=[-15,-15] k=[-7,-7] l=[8,8] hit_rate=144/144 (100.00%)
auto-selected 1-fold oversampling
[HKL stats] h=[-12,-12] k=[-11,-11] l=[5,5] hit_rate=144/144 (100.00%)
auto-selected 1-fold oversampling
[HKL stats] h=[5,5] k=[-18,-18] l=[8,8] hit_rate=144/144 (100.00%)
auto-selected 1-fold oversampling
[HKL stats] h=[7,7] k=[-20,-20] l=[11,11] hit_rate=144/144 (100.00%)
auto-selected 1-fold oversampling
[HKL stats] h=[1,1] k=[21,21] l=[11,11] hit_rate=144/144 (100.00%)
auto-selected 1-fold oversampling
[HKL stats] h=[4,4] k=[16,16] l=[4,5] hit_rate=144/144 (100.00%)
auto-selected 1-fold oversampling
[HKL stats] h=[6,7] k=[11,12] l=[2,2] hit_rate=144/144 (100.00%)
auto-selected 1-fold oversampling
[HKL stats] h=[11,11] k=[10,10] l=[3,3] hit_rate=144/144 (100.00%)
auto-selected 1-fold oversampling
[HKL stats] h=[-5,-5] k=[5,6] l=[2,2] hit_rate=144/144 (100.00%)
auto-selected 1-fold oversampling
[HKL stats] h=[-8,-8] k=[3,3] l=[3,3] hit_rate=144/144 (100.00%)
auto-selected 1-fold oversampling
[HKL stats] h=[-13,-12] k=[2,2] l=[7,7] hit_rate=144/144 (100.00%)
auto-selected 1-fold oversampling
[HKL stats] h=[-1,-1] k=[2,2] l=[0,0] hit_rate=144/144 (100.00%)
auto-selected 1-fold oversampling
[HKL stats] h=[-13,-13] k=[-4,-4] l=[5,5] hit_rate=144/144 (100.00%)
auto-selected 1-fold oversampling
[HKL stats] h=[-15,-15] k=[-7,-7] l=[8,8] hit_rate=144/144 (100.00%)
auto-selected 1-fold oversampling
[HKL stats] h=[-12,-12] k=[-11,-11] l=[5,5] hit_rate=144/144 (100.00%)
auto-selected 1-fold oversampling
[HKL stats] h=[5,5] k=[-18,-18] l=[8,8] hit_rate=144/144 (100.00%)
auto-selected 1-fold oversampling
[HKL stats] h=[7,7] k=[-20,-20] l=[11,11] hit_rate=144/144 (100.00%)
auto-selected 1-fold oversampling
[HKL stats] h=[1,1] k=[21,21] l=[11,11] hit_rate=144/144 (100.00%)
auto-selected 1-fold oversampling
[HKL stats] h=[-1,-1] k=[20,21] l=[11,11] hit_rate=144/144 (100.00%)
auto-selected 1-fold oversampling
[HKL stats] h=[7,7] k=[22,22] l=[9,9] hit_rate=144/144 (100.00%)
auto-selected 1-fold oversampling
[HKL stats] h=[9,9] k=[21,22] l=[8,8] hit_rate=144/144 (100.00%)
auto-selected 1-fold oversampling
[HKL stats] h=[-6,-6] k=[16,16] l=[11,11] hit_rate=144/144 (100.00%)
auto-selected 1-fold oversampling
[HKL stats] h=[-2,-1] k=[16,16] l=[7,7] hit_rate=144/144 (100.00%)
auto-selected 1-fold oversampling
[HKL stats] h=[15,16] k=[16,16] l=[7,7] hit_rate=144/144 (100.00%)
auto-selected 1-fold oversampling
[HKL stats] h=[-4,-3] k=[15,16] l=[8,8] hit_rate=144/144 (100.00%)
auto-selected 1-fold oversampling
[HKL stats] h=[5,5] k=[17,17] l=[5,5] hit_rate=144/144 (100.00%)
auto-selected 1-fold oversampling
[HKL stats] h=[7,7] k=[17,17] l=[5,5] hit_rate=144/144 (100.00%)
auto-selected 1-fold oversampling
[HKL stats] h=[4,4] k=[16,16] l=[4,5] hit_rate=144/144 (100.00%)
auto-selected 1-fold oversampling
[HKL stats] h=[9,9] k=[15,16] l=[4,4] hit_rate=144/144 (100.00%)
auto-selected 1-fold oversampling
[HKL stats] h=[0,0] k=[15,15] l=[5,5] hit_rate=144/144 (100.00%)
auto-selected 1-fold oversampling
[HKL stats] h=[2,3] k=[15,15] l=[4,4] hit_rate=144/144 (100.00%)
auto-selected 1-fold oversampling
[HKL stats] h=[14,14] k=[14,14] l=[5,5] hit_rate=144/144 (100.00%)
auto-selected 1-fold oversampling
[HKL stats] h=[5,6] k=[14,14] l=[3,3] hit_rate=144/144 (100.00%)
auto-selected 1-fold oversampling
[HKL stats] h=[14,15] k=[12,12] l=[5,5] hit_rate=144/144 (100.00%)
auto-selected 1-fold oversampling
[HKL stats] h=[2,3] k=[13,13] l=[3,3] hit_rate=144/144 (100.00%)
auto-selected 1-fold oversampling
[HKL stats] h=[10,11] k=[12,12] l=[3,4] hit_rate=144/144 (100.00%)
auto-selected 1-fold oversampling
[HKL stats] h=[9,9] k=[12,13] l=[3,3] hit_rate=144/144 (100.00%)
auto-selected 1-fold oversampling
[HKL stats] h=[-10,-10] k=[10,10] l=[9,9] hit_rate=144/144 (100.00%)
auto-selected 1-fold oversampling
[HKL stats] h=[11,11] k=[11,11] l=[3,3] hit_rate=144/144 (100.00%)
auto-selected 1-fold oversampling
[HKL stats] h=[6,7] k=[11,12] l=[2,2] hit_rate=144/144 (100.00%)
auto-selected 1-fold oversampling
[HKL stats] h=[-0,-0] k=[11,11] l=[3,3] hit_rate=144/144 (100.00%)
auto-selected 1-fold oversampling
[HKL stats] h=[-5,-4] k=[10,11] l=[4,4] hit_rate=144/144 (100.00%)
auto-selected 1-fold oversampling
[HKL stats] h=[-7,-7] k=[10,10] l=[6,6] hit_rate=144/144 (100.00%)
auto-selected 1-fold oversampling
[HKL stats] h=[11,11] k=[10,10] l=[3,3] hit_rate=144/144 (100.00%)
auto-selected 1-fold oversampling
[HKL stats] h=[0,1] k=[10,10] l=[2,2] hit_rate=144/144 (100.00%)
auto-selected 1-fold oversampling
[HKL stats] h=[5,5] k=[9,9] l=[1,1] hit_rate=144/144 (100.00%)
auto-selected 1-fold oversampling
[HKL stats] h=[-7,-7] k=[8,8] l=[4,5] hit_rate=144/144 (100.00%)
auto-selected 1-fold oversampling
[HKL stats] h=[11,11] k=[7,7] l=[3,3] hit_rate=144/144 (100.00%)
auto-selected 1-fold oversampling
[HKL stats] h=[4,4] k=[7,7] l=[1,1] hit_rate=144/144 (100.00%)
auto-selected 1-fold oversampling
[HKL stats] h=[-1,-1] k=[6,6] l=[1,1] hit_rate=144/144 (100.00%)
auto-selected 1-fold oversampling
[HKL stats] h=[1,1] k=[6,6] l=[1,1] hit_rate=144/144 (100.00%)
auto-selected 1-fold oversampling
[HKL stats] h=[4,5] k=[6,6] l=[1,1] hit_rate=144/144 (100.00%)
auto-selected 1-fold oversampling
[HKL stats] h=[-5,-5] k=[5,6] l=[2,2] hit_rate=144/144 (100.00%)
auto-selected 1-fold oversampling
[HKL stats] h=[-13,-13] k=[4,4] l=[9,9] hit_rate=144/144 (100.00%)
auto-selected 1-fold oversampling
[HKL stats] h=[-3,-2] k=[5,5] l=[1,1] hit_rate=144/144 (100.00%)
auto-selected 1-fold oversampling
[HKL stats] h=[-4,-4] k=[4,4] l=[1,1] hit_rate=144/144 (100.00%)
auto-selected 1-fold oversampling
[HKL stats] h=[-8,-8] k=[3,3] l=[3,3] hit_rate=144/144 (100.00%)
auto-selected 1-fold oversampling
[HKL stats] h=[-13,-12] k=[2,2] l=[7,7] hit_rate=144/144 (100.00%)
auto-selected 1-fold oversampling
[HKL stats] h=[-12,-12] k=[2,2] l=[6,6] hit_rate=144/144 (100.00%)
auto-selected 1-fold oversampling
[HKL stats] h=[-11,-11] k=[2,2] l=[5,5] hit_rate=144/144 (100.00%)
auto-selected 1-fold oversampling
[HKL stats] h=[14,15] k=[2,2] l=[5,5] hit_rate=144/144 (100.00%)
auto-selected 1-fold oversampling
[HKL stats] h=[-1,-1] k=[2,2] l=[0,0] hit_rate=144/144 (100.00%)
auto-selected 1-fold oversampling
[HKL stats] h=[8,8] k=[-2,-1] l=[2,2] hit_rate=144/144 (100.00%)
auto-selected 1-fold oversampling
[HKL stats] h=[-1,-1] k=[-2,-2] l=[0,0] hit_rate=144/144 (100.00%)
auto-selected 1-fold oversampling
[HKL stats] h=[12,13] k=[-2,-2] l=[4,5] hit_rate=144/144 (100.00%)
auto-selected 1-fold oversampling
[HKL stats] h=[4,4] k=[-2,-2] l=[1,1] hit_rate=144/144 (100.00%)
auto-selected 1-fold oversampling
[HKL stats] h=[-7,-7] k=[-3,-2] l=[1,1] hit_rate=144/144 (100.00%)
auto-selected 1-fold oversampling
[HKL stats] h=[-3,-3] k=[-3,-3] l=[0,0] hit_rate=144/144 (100.00%)
auto-selected 1-fold oversampling
[HKL stats] h=[11,12] k=[-3,-2] l=[4,4] hit_rate=144/144 (100.00%)
auto-selected 1-fold oversampling
[HKL stats] h=[2,3] k=[-4,-4] l=[1,1] hit_rate=144/144 (100.00%)
auto-selected 1-fold oversampling
[HKL stats] h=[4,4] k=[-4,-4] l=[1,1] hit_rate=144/144 (100.00%)
auto-selected 1-fold oversampling
[HKL stats] h=[-9,-8] k=[-4,-4] l=[2,2] hit_rate=144/144 (100.00%)
auto-selected 1-fold oversampling
[HKL stats] h=[-13,-13] k=[-4,-4] l=[5,5] hit_rate=144/144 (100.00%)
auto-selected 1-fold oversampling
[HKL stats] h=[-15,-15] k=[-4,-3] l=[8,8] hit_rate=144/144 (100.00%)
auto-selected 1-fold oversampling
[HKL stats] h=[-11,-11] k=[-6,-6] l=[3,3] hit_rate=144/144 (100.00%)
auto-selected 1-fold oversampling
[HKL stats] h=[-4,-3] k=[-7,-7] l=[1,1] hit_rate=144/144 (100.00%)
auto-selected 1-fold oversampling
[HKL stats] h=[-0,-0] k=[-7,-7] l=[1,1] hit_rate=144/144 (100.00%)
auto-selected 1-fold oversampling
[HKL stats] h=[-8,-7] k=[-7,-7] l=[2,2] hit_rate=144/144 (100.00%)
auto-selected 1-fold oversampling
[HKL stats] h=[12,12] k=[-7,-6] l=[5,6] hit_rate=144/144 (100.00%)
auto-selected 1-fold oversampling
[HKL stats] h=[-2,-2] k=[-8,-8] l=[1,1] hit_rate=144/144 (100.00%)
auto-selected 1-fold oversampling
[HKL stats] h=[-5,-5] k=[-9,-8] l=[1,1] hit_rate=144/144 (100.00%)
auto-selected 1-fold oversampling
[HKL stats] h=[-14,-14] k=[-8,-7] l=[6,7] hit_rate=144/144 (100.00%)
auto-selected 1-fold oversampling
[HKL stats] h=[-15,-14] k=[-8,-7] l=[7,7] hit_rate=144/144 (100.00%)
auto-selected 1-fold oversampling
[HKL stats] h=[-15,-15] k=[-8,-7] l=[8,8] hit_rate=144/144 (100.00%)
auto-selected 1-fold oversampling
[HKL stats] h=[-15,-15] k=[-7,-7] l=[8,8] hit_rate=144/144 (100.00%)
auto-selected 1-fold oversampling
[HKL stats] h=[10,11] k=[-9,-8] l=[6,6] hit_rate=144/144 (100.00%)
auto-selected 1-fold oversampling
[HKL stats] h=[0,0] k=[-10,-10] l=[2,2] hit_rate=144/144 (100.00%)
auto-selected 1-fold oversampling
[HKL stats] h=[-12,-12] k=[-10,-10] l=[5,5] hit_rate=144/144 (100.00%)
auto-selected 1-fold oversampling
[HKL stats] h=[7,7] k=[-10,-10] l=[4,4] hit_rate=144/144 (100.00%)
auto-selected 1-fold oversampling
[HKL stats] h=[-12,-12] k=[-11,-11] l=[5,5] hit_rate=144/144 (100.00%)
auto-selected 1-fold oversampling
[HKL stats] h=[-3,-3] k=[-13,-12] l=[3,3] hit_rate=144/144 (100.00%)
auto-selected 1-fold oversampling
[HKL stats] h=[4,4] k=[-12,-12] l=[4,4] hit_rate=144/144 (100.00%)
auto-selected 1-fold oversampling
[HKL stats] h=[4,4] k=[-13,-13] l=[4,5] hit_rate=144/144 (100.00%)
auto-selected 1-fold oversampling
[HKL stats] h=[4,4] k=[-14,-14] l=[5,5] hit_rate=144/144 (100.00%)
auto-selected 1-fold oversampling
[HKL stats] h=[4,4] k=[-15,-15] l=[6,6] hit_rate=144/144 (100.00%)
auto-selected 1-fold oversampling
[HKL stats] h=[-4,-3] k=[-17,-17] l=[5,5] hit_rate=144/144 (100.00%)
auto-selected 1-fold oversampling
[HKL stats] h=[-9,-9] k=[-18,-18] l=[7,7] hit_rate=144/144 (100.00%)
auto-selected 1-fold oversampling
[HKL stats] h=[-2,-2] k=[-18,-18] l=[6,6] hit_rate=144/144 (100.00%)
auto-selected 1-fold oversampling
[HKL stats] h=[12,12] k=[-15,-15] l=[11,11] hit_rate=0/144 (0.00%)
auto-selected 1-fold oversampling
[HKL stats] h=[-1,-0] k=[-19,-18] l=[7,7] hit_rate=144/144 (100.00%)
auto-selected 1-fold oversampling
[HKL stats] h=[5,5] k=[-18,-18] l=[8,8] hit_rate=144/144 (100.00%)
auto-selected 1-fold oversampling
[HKL stats] h=[-6,-5] k=[-19,-19] l=[7,7] hit_rate=144/144 (100.00%)
auto-selected 1-fold oversampling
[HKL stats] h=[-10,-10] k=[-20,-20] l=[8,8] hit_rate=144/144 (100.00%)
auto-selected 1-fold oversampling
[HKL stats] h=[6,6] k=[-19,-19] l=[10,10] hit_rate=144/144 (100.00%)
auto-selected 1-fold oversampling
[HKL stats] h=[9,9] k=[-18,-18] l=[11,12] hit_rate=144/144 (100.00%)
auto-selected 1-fold oversampling
[HKL stats] h=[-13,-13] k=[-19,-19] l=[10,10] hit_rate=144/144 (100.00%)
auto-selected 1-fold oversampling
[HKL stats] h=[7,7] k=[-20,-20] l=[11,11] hit_rate=144/144 (100.00%)
auto-selected 1-fold oversampling
[HKL stats] h=[-14,-14] k=[-20,-20] l=[11,12] hit_rate=144/144 (100.00%)
auto-selected 1-fold oversampling
[HKL stats] h=[3,3] k=[-22,-21] l=[10,11] hit_rate=144/144 (100.00%)
auto-selected 1-fold oversampling
[HKL stats] h=[1,1] k=[21,21] l=[11,11] hit_rate=144/144 (100.00%)
auto-selected 1-fold oversampling
[HKL stats] h=[4,4] k=[16,16] l=[4,5] hit_rate=144/144 (100.00%)
auto-selected 1-fold oversampling
[HKL stats] h=[6,7] k=[11,12] l=[2,2] hit_rate=144/144 (100.00%)
auto-selected 1-fold oversampling
[HKL stats] h=[11,11] k=[10,10] l=[3,3] hit_rate=144/144 (100.00%)
auto-selected 1-fold oversampling
[HKL stats] h=[-5,-5] k=[5,6] l=[2,2] hit_rate=144/144 (100.00%)
auto-selected 1-fold oversampling
[HKL stats] h=[-8,-8] k=[3,3] l=[3,3] hit_rate=144/144 (100.00%)
auto-selected 1-fold oversampling
[HKL stats] h=[-13,-12] k=[2,2] l=[7,7] hit_rate=144/144 (100.00%)
auto-selected 1-fold oversampling
[HKL stats] h=[-1,-1] k=[2,2] l=[0,0] hit_rate=144/144 (100.00%)
auto-selected 1-fold oversampling
[HKL stats] h=[-13,-13] k=[-4,-4] l=[5,5] hit_rate=144/144 (100.00%)
auto-selected 1-fold oversampling
[HKL stats] h=[-15,-15] k=[-7,-7] l=[8,8] hit_rate=144/144 (100.00%)
auto-selected 1-fold oversampling
[HKL stats] h=[-12,-12] k=[-11,-11] l=[5,5] hit_rate=144/144 (100.00%)
auto-selected 1-fold oversampling
[HKL stats] h=[5,5] k=[-18,-18] l=[8,8] hit_rate=144/144 (100.00%)
auto-selected 1-fold oversampling
[HKL stats] h=[7,7] k=[-20,-20] l=[11,11] hit_rate=144/144 (100.00%)
auto-selected 1-fold oversampling
[HKL stats] h=[1,1] k=[21,21] l=[11,11] hit_rate=144/144 (100.00%)
auto-selected 1-fold oversampling
[HKL stats] h=[4,4] k=[16,16] l=[4,5] hit_rate=144/144 (100.00%)
auto-selected 1-fold oversampling
[HKL stats] h=[6,7] k=[11,12] l=[2,2] hit_rate=144/144 (100.00%)
auto-selected 1-fold oversampling
[HKL stats] h=[11,11] k=[10,10] l=[3,3] hit_rate=144/144 (100.00%)
auto-selected 1-fold oversampling
[HKL stats] h=[-5,-5] k=[5,6] l=[2,2] hit_rate=144/144 (100.00%)
auto-selected 1-fold oversampling
[HKL stats] h=[-8,-8] k=[3,3] l=[3,3] hit_rate=144/144 (100.00%)
auto-selected 1-fold oversampling
[HKL stats] h=[-12,-12] k=[2,2] l=[7,7] hit_rate=144/144 (100.00%)
auto-selected 1-fold oversampling
[HKL stats] h=[-1,-1] k=[2,2] l=[0,0] hit_rate=144/144 (100.00%)
auto-selected 1-fold oversampling
[HKL stats] h=[-13,-13] k=[-4,-4] l=[5,5] hit_rate=144/144 (100.00%)
auto-selected 1-fold oversampling
[HKL stats] h=[-15,-15] k=[-7,-7] l=[8,8] hit_rate=144/144 (100.00%)
auto-selected 1-fold oversampling
[HKL stats] h=[-12,-12] k=[-11,-11] l=[5,5] hit_rate=144/144 (100.00%)
auto-selected 1-fold oversampling
[HKL stats] h=[5,5] k=[-18,-18] l=[8,8] hit_rate=144/144 (100.00%)
auto-selected 1-fold oversampling
[HKL stats] h=[7,7] k=[-20,-20] l=[11,11] hit_rate=144/144 (100.00%)
auto-selected 1-fold oversampling
[HKL stats] h=[1,1] k=[21,21] l=[11,11] hit_rate=144/144 (100.00%)
auto-selected 1-fold oversampling
[HKL stats] h=[-1,-1] k=[20,21] l=[11,11] hit_rate=144/144 (100.00%)
auto-selected 1-fold oversampling
[HKL stats] h=[7,7] k=[22,22] l=[9,9] hit_rate=144/144 (100.00%)
auto-selected 1-fold oversampling
[HKL stats] h=[9,9] k=[21,22] l=[8,8] hit_rate=144/144 (100.00%)
auto-selected 1-fold oversampling
[HKL stats] h=[-6,-6] k=[16,16] l=[11,11] hit_rate=144/144 (100.00%)
auto-selected 1-fold oversampling
[HKL stats] h=[-2,-1] k=[16,16] l=[7,7] hit_rate=144/144 (100.00%)
auto-selected 1-fold oversampling
[HKL stats] h=[15,15] k=[16,16] l=[7,7] hit_rate=144/144 (100.00%)
auto-selected 1-fold oversampling
[HKL stats] h=[-4,-3] k=[15,16] l=[8,8] hit_rate=144/144 (100.00%)
auto-selected 1-fold oversampling
[HKL stats] h=[5,5] k=[17,17] l=[5,5] hit_rate=144/144 (100.00%)
auto-selected 1-fold oversampling
[HKL stats] h=[7,7] k=[17,17] l=[5,5] hit_rate=144/144 (100.00%)
auto-selected 1-fold oversampling
[HKL stats] h=[4,4] k=[16,16] l=[4,5] hit_rate=144/144 (100.00%)
auto-selected 1-fold oversampling
[HKL stats] h=[9,9] k=[16,16] l=[4,4] hit_rate=144/144 (100.00%)
auto-selected 1-fold oversampling
[HKL stats] h=[0,0] k=[15,15] l=[5,5] hit_rate=144/144 (100.00%)
auto-selected 1-fold oversampling
[HKL stats] h=[2,3] k=[15,15] l=[4,4] hit_rate=144/144 (100.00%)
auto-selected 1-fold oversampling
[HKL stats] h=[14,14] k=[14,14] l=[5,5] hit_rate=144/144 (100.00%)
auto-selected 1-fold oversampling
[HKL stats] h=[5,5] k=[14,14] l=[3,3] hit_rate=144/144 (100.00%)
auto-selected 1-fold oversampling
[HKL stats] h=[14,15] k=[12,12] l=[5,5] hit_rate=144/144 (100.00%)
auto-selected 1-fold oversampling
[HKL stats] h=[2,3] k=[13,13] l=[3,3] hit_rate=144/144 (100.00%)
auto-selected 1-fold oversampling
[HKL stats] h=[10,11] k=[12,12] l=[3,4] hit_rate=144/144 (100.00%)
auto-selected 1-fold oversampling
[HKL stats] h=[9,9] k=[12,13] l=[3,3] hit_rate=144/144 (100.00%)
auto-selected 1-fold oversampling
[HKL stats] h=[-10,-10] k=[10,10] l=[9,9] hit_rate=144/144 (100.00%)
auto-selected 1-fold oversampling
[HKL stats] h=[11,11] k=[11,11] l=[3,3] hit_rate=144/144 (100.00%)
auto-selected 1-fold oversampling
[HKL stats] h=[6,7] k=[11,12] l=[2,2] hit_rate=144/144 (100.00%)
auto-selected 1-fold oversampling
[HKL stats] h=[-0,-0] k=[11,11] l=[3,3] hit_rate=144/144 (100.00%)
auto-selected 1-fold oversampling
[HKL stats] h=[-5,-4] k=[10,11] l=[4,4] hit_rate=144/144 (100.00%)
auto-selected 1-fold oversampling
[HKL stats] h=[-7,-7] k=[10,10] l=[6,6] hit_rate=144/144 (100.00%)
auto-selected 1-fold oversampling
[HKL stats] h=[11,11] k=[10,10] l=[3,3] hit_rate=144/144 (100.00%)
auto-selected 1-fold oversampling
[HKL stats] h=[0,1] k=[10,10] l=[2,2] hit_rate=144/144 (100.00%)
auto-selected 1-fold oversampling
[HKL stats] h=[5,5] k=[9,9] l=[1,1] hit_rate=144/144 (100.00%)
auto-selected 1-fold oversampling
[HKL stats] h=[-7,-7] k=[8,8] l=[4,5] hit_rate=144/144 (100.00%)
auto-selected 1-fold oversampling
[HKL stats] h=[11,11] k=[7,7] l=[3,3] hit_rate=144/144 (100.00%)
auto-selected 1-fold oversampling
[HKL stats] h=[4,4] k=[7,7] l=[1,1] hit_rate=144/144 (100.00%)
auto-selected 1-fold oversampling
[HKL stats] h=[-1,-1] k=[6,6] l=[1,1] hit_rate=144/144 (100.00%)
auto-selected 1-fold oversampling
[HKL stats] h=[1,1] k=[6,6] l=[1,1] hit_rate=144/144 (100.00%)
auto-selected 1-fold oversampling
[HKL stats] h=[4,5] k=[6,6] l=[1,1] hit_rate=144/144 (100.00%)
auto-selected 1-fold oversampling
[HKL stats] h=[-5,-5] k=[5,6] l=[2,2] hit_rate=144/144 (100.00%)
auto-selected 1-fold oversampling
[HKL stats] h=[-13,-13] k=[4,4] l=[9,9] hit_rate=144/144 (100.00%)
auto-selected 1-fold oversampling
[HKL stats] h=[-3,-2] k=[5,5] l=[1,1] hit_rate=144/144 (100.00%)
auto-selected 1-fold oversampling
[HKL stats] h=[-4,-4] k=[4,4] l=[1,1] hit_rate=144/144 (100.00%)
auto-selected 1-fold oversampling
[HKL stats] h=[-8,-8] k=[3,3] l=[3,3] hit_rate=144/144 (100.00%)
auto-selected 1-fold oversampling
[HKL stats] h=[-12,-12] k=[2,2] l=[7,7] hit_rate=144/144 (100.00%)
auto-selected 1-fold oversampling
[HKL stats] h=[-12,-11] k=[2,2] l=[6,6] hit_rate=144/144 (100.00%)
auto-selected 1-fold oversampling
[HKL stats] h=[-11,-11] k=[2,2] l=[5,5] hit_rate=144/144 (100.00%)
auto-selected 1-fold oversampling
[HKL stats] h=[14,14] k=[2,2] l=[5,5] hit_rate=144/144 (100.00%)
auto-selected 1-fold oversampling
[HKL stats] h=[-1,-1] k=[2,2] l=[0,0] hit_rate=144/144 (100.00%)
auto-selected 1-fold oversampling
[HKL stats] h=[7,8] k=[-2,-1] l=[2,2] hit_rate=144/144 (100.00%)
auto-selected 1-fold oversampling
[HKL stats] h=[-1,-1] k=[-2,-2] l=[0,0] hit_rate=144/144 (100.00%)
auto-selected 1-fold oversampling
[HKL stats] h=[12,13] k=[-2,-2] l=[4,5] hit_rate=144/144 (100.00%)
auto-selected 1-fold oversampling
[HKL stats] h=[4,4] k=[-2,-2] l=[1,1] hit_rate=144/144 (100.00%)
auto-selected 1-fold oversampling
[HKL stats] h=[-7,-7] k=[-3,-2] l=[1,1] hit_rate=144/144 (100.00%)
auto-selected 1-fold oversampling
[HKL stats] h=[-3,-3] k=[-3,-3] l=[0,0] hit_rate=144/144 (100.00%)
auto-selected 1-fold oversampling
[HKL stats] h=[11,12] k=[-3,-2] l=[4,4] hit_rate=144/144 (100.00%)
auto-selected 1-fold oversampling
[HKL stats] h=[2,3] k=[-4,-4] l=[1,1] hit_rate=144/144 (100.00%)
auto-selected 1-fold oversampling
[HKL stats] h=[4,4] k=[-4,-4] l=[1,1] hit_rate=144/144 (100.00%)
auto-selected 1-fold oversampling
[HKL stats] h=[-9,-8] k=[-4,-4] l=[2,2] hit_rate=144/144 (100.00%)
auto-selected 1-fold oversampling
[HKL stats] h=[-13,-13] k=[-4,-4] l=[5,5] hit_rate=144/144 (100.00%)
auto-selected 1-fold oversampling
[HKL stats] h=[-15,-15] k=[-4,-3] l=[8,8] hit_rate=144/144 (100.00%)
auto-selected 1-fold oversampling
[HKL stats] h=[-11,-10] k=[-6,-6] l=[3,3] hit_rate=144/144 (100.00%)
auto-selected 1-fold oversampling
[HKL stats] h=[-4,-3] k=[-7,-7] l=[1,1] hit_rate=144/144 (100.00%)
auto-selected 1-fold oversampling
[HKL stats] h=[-0,-0] k=[-7,-7] l=[1,1] hit_rate=144/144 (100.00%)
auto-selected 1-fold oversampling
[HKL stats] h=[-7,-7] k=[-7,-7] l=[2,2] hit_rate=144/144 (100.00%)
auto-selected 1-fold oversampling
[HKL stats] h=[11,12] k=[-7,-6] l=[5,6] hit_rate=144/144 (100.00%)
auto-selected 1-fold oversampling
[HKL stats] h=[-2,-2] k=[-8,-8] l=[1,1] hit_rate=144/144 (100.00%)
auto-selected 1-fold oversampling
[HKL stats] h=[-5,-5] k=[-9,-8] l=[1,1] hit_rate=144/144 (100.00%)
auto-selected 1-fold oversampling
[HKL stats] h=[-14,-14] k=[-8,-7] l=[6,7] hit_rate=144/144 (100.00%)
auto-selected 1-fold oversampling
[HKL stats] h=[-14,-14] k=[-8,-7] l=[7,7] hit_rate=144/144 (100.00%)
auto-selected 1-fold oversampling
[HKL stats] h=[-15,-15] k=[-8,-7] l=[8,8] hit_rate=144/144 (100.00%)
auto-selected 1-fold oversampling
[HKL stats] h=[-15,-15] k=[-7,-7] l=[8,8] hit_rate=144/144 (100.00%)
auto-selected 1-fold oversampling
[HKL stats] h=[10,11] k=[-9,-8] l=[6,6] hit_rate=144/144 (100.00%)
auto-selected 1-fold oversampling
[HKL stats] h=[0,0] k=[-10,-10] l=[2,2] hit_rate=144/144 (100.00%)
auto-selected 1-fold oversampling
[HKL stats] h=[-12,-12] k=[-10,-10] l=[5,5] hit_rate=144/144 (100.00%)
auto-selected 1-fold oversampling
[HKL stats] h=[7,7] k=[-10,-10] l=[4,4] hit_rate=144/144 (100.00%)
auto-selected 1-fold oversampling
[HKL stats] h=[-12,-12] k=[-11,-11] l=[5,5] hit_rate=144/144 (100.00%)
auto-selected 1-fold oversampling
[HKL stats] h=[-3,-3] k=[-13,-12] l=[3,3] hit_rate=144/144 (100.00%)
auto-selected 1-fold oversampling
[HKL stats] h=[4,4] k=[-12,-12] l=[4,4] hit_rate=144/144 (100.00%)
auto-selected 1-fold oversampling
[HKL stats] h=[4,4] k=[-13,-13] l=[4,5] hit_rate=144/144 (100.00%)
auto-selected 1-fold oversampling
[HKL stats] h=[4,4] k=[-14,-14] l=[5,5] hit_rate=144/144 (100.00%)
auto-selected 1-fold oversampling
[HKL stats] h=[4,4] k=[-15,-15] l=[6,6] hit_rate=144/144 (100.00%)
auto-selected 1-fold oversampling
[HKL stats] h=[-4,-3] k=[-17,-17] l=[5,5] hit_rate=144/144 (100.00%)
auto-selected 1-fold oversampling
[HKL stats] h=[-9,-9] k=[-18,-18] l=[7,7] hit_rate=144/144 (100.00%)
auto-selected 1-fold oversampling
[HKL stats] h=[-2,-2] k=[-18,-18] l=[6,6] hit_rate=144/144 (100.00%)
auto-selected 1-fold oversampling
[HKL stats] h=[12,12] k=[-15,-15] l=[11,11] hit_rate=0/144 (0.00%)
auto-selected 1-fold oversampling
[HKL stats] h=[-1,-0] k=[-19,-18] l=[7,7] hit_rate=144/144 (100.00%)
auto-selected 1-fold oversampling
[HKL stats] h=[5,5] k=[-18,-18] l=[8,8] hit_rate=144/144 (100.00%)
auto-selected 1-fold oversampling
[HKL stats] h=[-6,-5] k=[-19,-19] l=[7,7] hit_rate=144/144 (100.00%)
auto-selected 1-fold oversampling
[HKL stats] h=[-10,-10] k=[-20,-20] l=[8,8] hit_rate=144/144 (100.00%)
auto-selected 1-fold oversampling
[HKL stats] h=[6,6] k=[-19,-19] l=[10,10] hit_rate=144/144 (100.00%)
auto-selected 1-fold oversampling
[HKL stats] h=[9,9] k=[-18,-18] l=[11,12] hit_rate=144/144 (100.00%)
auto-selected 1-fold oversampling
[HKL stats] h=[-13,-12] k=[-19,-19] l=[10,10] hit_rate=144/144 (100.00%)
auto-selected 1-fold oversampling
[HKL stats] h=[7,7] k=[-20,-20] l=[11,11] hit_rate=144/144 (100.00%)
auto-selected 1-fold oversampling
[HKL stats] h=[-14,-13] k=[-20,-20] l=[11,12] hit_rate=144/144 (100.00%)
auto-selected 1-fold oversampling
[HKL stats] h=[3,3] k=[-22,-21] l=[10,11] hit_rate=144/144 (100.00%)
auto-selected 1-fold oversampling
[HKL stats] h=[-16,22] k=[-22,22] l=[0,14] hit_rate=6091855/6224001 (97.88%)

WARM results:
  Wall clock: 14.50s
  Closure evals: 28
  Final loss: 279773248.000000
  Status: ok

============================================================
Running COLD mode benchmark...
============================================================

auto-selected 1-fold oversampling
[HKL stats] h=[1,1] k=[21,21] l=[11,11] hit_rate=144/144 (100.00%)
auto-selected 1-fold oversampling
[HKL stats] h=[4,4] k=[16,16] l=[4,5] hit_rate=144/144 (100.00%)
auto-selected 1-fold oversampling
[HKL stats] h=[6,7] k=[11,12] l=[2,2] hit_rate=144/144 (100.00%)
auto-selected 1-fold oversampling
[HKL stats] h=[11,11] k=[10,10] l=[3,3] hit_rate=144/144 (100.00%)
auto-selected 1-fold oversampling
[HKL stats] h=[-5,-5] k=[5,6] l=[2,2] hit_rate=144/144 (100.00%)
auto-selected 1-fold oversampling
[HKL stats] h=[-8,-8] k=[3,3] l=[3,3] hit_rate=144/144 (100.00%)
auto-selected 1-fold oversampling
[HKL stats] h=[-13,-12] k=[2,2] l=[7,7] hit_rate=144/144 (100.00%)
auto-selected 1-fold oversampling
[HKL stats] h=[-1,-1] k=[2,2] l=[0,0] hit_rate=144/144 (100.00%)
auto-selected 1-fold oversampling
[HKL stats] h=[-13,-13] k=[-4,-4] l=[5,5] hit_rate=144/144 (100.00%)
auto-selected 1-fold oversampling
[HKL stats] h=[-15,-15] k=[-7,-7] l=[8,8] hit_rate=144/144 (100.00%)
auto-selected 1-fold oversampling
[HKL stats] h=[-12,-12] k=[-11,-11] l=[5,5] hit_rate=144/144 (100.00%)
auto-selected 1-fold oversampling
[HKL stats] h=[5,5] k=[-18,-18] l=[8,8] hit_rate=144/144 (100.00%)
auto-selected 1-fold oversampling
[HKL stats] h=[7,7] k=[-20,-20] l=[11,11] hit_rate=144/144 (100.00%)
auto-selected 1-fold oversampling
[HKL stats] h=[1,1] k=[21,21] l=[11,11] hit_rate=144/144 (100.00%)
auto-selected 1-fold oversampling
[HKL stats] h=[-1,-1] k=[20,21] l=[11,11] hit_rate=144/144 (100.00%)
auto-selected 1-fold oversampling
[HKL stats] h=[7,7] k=[22,22] l=[9,9] hit_rate=144/144 (100.00%)
auto-selected 1-fold oversampling
[HKL stats] h=[9,9] k=[21,22] l=[8,8] hit_rate=144/144 (100.00%)
auto-selected 1-fold oversampling
[HKL stats] h=[-6,-6] k=[16,16] l=[11,11] hit_rate=144/144 (100.00%)
auto-selected 1-fold oversampling
[HKL stats] h=[-2,-1] k=[16,16] l=[7,7] hit_rate=144/144 (100.00%)
auto-selected 1-fold oversampling
[HKL stats] h=[15,16] k=[16,16] l=[7,7] hit_rate=144/144 (100.00%)
auto-selected 1-fold oversampling
[HKL stats] h=[-4,-3] k=[15,16] l=[7,8] hit_rate=144/144 (100.00%)
auto-selected 1-fold oversampling
[HKL stats] h=[5,5] k=[17,17] l=[5,5] hit_rate=144/144 (100.00%)
auto-selected 1-fold oversampling
[HKL stats] h=[7,7] k=[16,17] l=[5,5] hit_rate=144/144 (100.00%)
auto-selected 1-fold oversampling
[HKL stats] h=[4,4] k=[16,16] l=[4,5] hit_rate=144/144 (100.00%)
auto-selected 1-fold oversampling
[HKL stats] h=[9,9] k=[15,16] l=[4,4] hit_rate=144/144 (100.00%)
auto-selected 1-fold oversampling
[HKL stats] h=[0,0] k=[15,15] l=[5,5] hit_rate=144/144 (100.00%)
auto-selected 1-fold oversampling
[HKL stats] h=[2,3] k=[15,15] l=[4,4] hit_rate=144/144 (100.00%)
auto-selected 1-fold oversampling
[HKL stats] h=[14,14] k=[14,14] l=[5,5] hit_rate=144/144 (100.00%)
auto-selected 1-fold oversampling
[HKL stats] h=[5,5] k=[14,14] l=[3,3] hit_rate=144/144 (100.00%)
auto-selected 1-fold oversampling
[HKL stats] h=[14,15] k=[12,12] l=[5,5] hit_rate=144/144 (100.00%)
auto-selected 1-fold oversampling
[HKL stats] h=[2,3] k=[13,13] l=[3,3] hit_rate=144/144 (100.00%)
auto-selected 1-fold oversampling
[HKL stats] h=[10,11] k=[12,12] l=[3,4] hit_rate=144/144 (100.00%)
auto-selected 1-fold oversampling
[HKL stats] h=[9,9] k=[12,12] l=[3,3] hit_rate=144/144 (100.00%)
auto-selected 1-fold oversampling
[HKL stats] h=[-10,-10] k=[10,10] l=[9,9] hit_rate=144/144 (100.00%)
auto-selected 1-fold oversampling
[HKL stats] h=[11,11] k=[11,11] l=[3,3] hit_rate=144/144 (100.00%)
auto-selected 1-fold oversampling
[HKL stats] h=[6,7] k=[11,12] l=[2,2] hit_rate=144/144 (100.00%)
auto-selected 1-fold oversampling
[HKL stats] h=[-0,-0] k=[11,11] l=[3,3] hit_rate=144/144 (100.00%)
auto-selected 1-fold oversampling
[HKL stats] h=[-5,-4] k=[10,11] l=[4,4] hit_rate=144/144 (100.00%)
auto-selected 1-fold oversampling
[HKL stats] h=[-7,-7] k=[10,10] l=[6,6] hit_rate=144/144 (100.00%)
auto-selected 1-fold oversampling
[HKL stats] h=[11,11] k=[10,10] l=[3,3] hit_rate=144/144 (100.00%)
auto-selected 1-fold oversampling
[HKL stats] h=[0,1] k=[10,10] l=[2,2] hit_rate=144/144 (100.00%)
auto-selected 1-fold oversampling
[HKL stats] h=[5,5] k=[9,9] l=[1,1] hit_rate=144/144 (100.00%)
auto-selected 1-fold oversampling
[HKL stats] h=[-7,-7] k=[8,8] l=[4,5] hit_rate=144/144 (100.00%)
auto-selected 1-fold oversampling
[HKL stats] h=[11,11] k=[7,7] l=[3,3] hit_rate=144/144 (100.00%)
auto-selected 1-fold oversampling
[HKL stats] h=[4,4] k=[7,7] l=[1,1] hit_rate=144/144 (100.00%)
auto-selected 1-fold oversampling
[HKL stats] h=[-1,-1] k=[6,6] l=[1,1] hit_rate=144/144 (100.00%)
auto-selected 1-fold oversampling
[HKL stats] h=[1,1] k=[6,6] l=[1,1] hit_rate=144/144 (100.00%)
auto-selected 1-fold oversampling
[HKL stats] h=[4,5] k=[6,6] l=[1,1] hit_rate=144/144 (100.00%)
auto-selected 1-fold oversampling
[HKL stats] h=[-5,-5] k=[5,6] l=[2,2] hit_rate=144/144 (100.00%)
auto-selected 1-fold oversampling
[HKL stats] h=[-13,-13] k=[4,4] l=[9,9] hit_rate=144/144 (100.00%)
auto-selected 1-fold oversampling
[HKL stats] h=[-3,-2] k=[5,5] l=[1,1] hit_rate=144/144 (100.00%)
auto-selected 1-fold oversampling
[HKL stats] h=[-4,-4] k=[4,4] l=[1,1] hit_rate=144/144 (100.00%)
auto-selected 1-fold oversampling
[HKL stats] h=[-8,-8] k=[3,3] l=[3,3] hit_rate=144/144 (100.00%)
auto-selected 1-fold oversampling
[HKL stats] h=[-13,-12] k=[2,2] l=[7,7] hit_rate=144/144 (100.00%)
auto-selected 1-fold oversampling
[HKL stats] h=[-12,-12] k=[2,2] l=[6,6] hit_rate=144/144 (100.00%)
auto-selected 1-fold oversampling
[HKL stats] h=[-11,-11] k=[2,2] l=[5,5] hit_rate=144/144 (100.00%)
auto-selected 1-fold oversampling
[HKL stats] h=[14,15] k=[2,2] l=[5,5] hit_rate=144/144 (100.00%)
auto-selected 1-fold oversampling
[HKL stats] h=[-1,-1] k=[2,2] l=[0,0] hit_rate=144/144 (100.00%)
auto-selected 1-fold oversampling
[HKL stats] h=[8,8] k=[-2,-1] l=[2,2] hit_rate=144/144 (100.00%)
auto-selected 1-fold oversampling
[HKL stats] h=[-1,-1] k=[-2,-2] l=[0,0] hit_rate=144/144 (100.00%)
auto-selected 1-fold oversampling
[HKL stats] h=[12,13] k=[-2,-2] l=[4,4] hit_rate=144/144 (100.00%)
auto-selected 1-fold oversampling
[HKL stats] h=[4,4] k=[-2,-2] l=[1,1] hit_rate=144/144 (100.00%)
auto-selected 1-fold oversampling
[HKL stats] h=[-7,-7] k=[-3,-2] l=[1,1] hit_rate=144/144 (100.00%)
auto-selected 1-fold oversampling
[HKL stats] h=[-3,-3] k=[-3,-3] l=[0,0] hit_rate=144/144 (100.00%)
auto-selected 1-fold oversampling
[HKL stats] h=[11,12] k=[-3,-2] l=[4,4] hit_rate=144/144 (100.00%)
auto-selected 1-fold oversampling
[HKL stats] h=[2,3] k=[-4,-4] l=[1,1] hit_rate=144/144 (100.00%)
auto-selected 1-fold oversampling
[HKL stats] h=[4,4] k=[-4,-4] l=[1,1] hit_rate=144/144 (100.00%)
auto-selected 1-fold oversampling
[HKL stats] h=[-9,-8] k=[-4,-4] l=[2,2] hit_rate=144/144 (100.00%)
auto-selected 1-fold oversampling
[HKL stats] h=[-13,-13] k=[-4,-4] l=[5,5] hit_rate=144/144 (100.00%)
auto-selected 1-fold oversampling
[HKL stats] h=[-15,-15] k=[-4,-3] l=[8,8] hit_rate=144/144 (100.00%)
auto-selected 1-fold oversampling
[HKL stats] h=[-11,-11] k=[-6,-6] l=[3,3] hit_rate=144/144 (100.00%)
auto-selected 1-fold oversampling
[HKL stats] h=[-4,-3] k=[-7,-6] l=[1,1] hit_rate=144/144 (100.00%)
auto-selected 1-fold oversampling
[HKL stats] h=[-0,-0] k=[-7,-7] l=[1,1] hit_rate=144/144 (100.00%)
auto-selected 1-fold oversampling
[HKL stats] h=[-8,-7] k=[-7,-7] l=[2,2] hit_rate=144/144 (100.00%)
auto-selected 1-fold oversampling
[HKL stats] h=[12,12] k=[-7,-6] l=[5,6] hit_rate=144/144 (100.00%)
auto-selected 1-fold oversampling
[HKL stats] h=[-2,-2] k=[-8,-8] l=[1,1] hit_rate=144/144 (100.00%)
auto-selected 1-fold oversampling
[HKL stats] h=[-5,-5] k=[-9,-8] l=[1,1] hit_rate=144/144 (100.00%)
auto-selected 1-fold oversampling
[HKL stats] h=[-14,-14] k=[-8,-7] l=[6,7] hit_rate=144/144 (100.00%)
auto-selected 1-fold oversampling
[HKL stats] h=[-14,-14] k=[-8,-7] l=[7,7] hit_rate=144/144 (100.00%)
auto-selected 1-fold oversampling
[HKL stats] h=[-15,-15] k=[-8,-7] l=[8,8] hit_rate=144/144 (100.00%)
auto-selected 1-fold oversampling
[HKL stats] h=[-15,-15] k=[-7,-7] l=[8,8] hit_rate=144/144 (100.00%)
auto-selected 1-fold oversampling
[HKL stats] h=[10,11] k=[-9,-8] l=[5,6] hit_rate=144/144 (100.00%)
auto-selected 1-fold oversampling
[HKL stats] h=[0,0] k=[-10,-10] l=[2,2] hit_rate=144/144 (100.00%)
auto-selected 1-fold oversampling
[HKL stats] h=[-12,-12] k=[-10,-10] l=[5,5] hit_rate=144/144 (100.00%)
auto-selected 1-fold oversampling
[HKL stats] h=[7,7] k=[-10,-10] l=[4,4] hit_rate=144/144 (100.00%)
auto-selected 1-fold oversampling
[HKL stats] h=[-12,-12] k=[-11,-11] l=[5,5] hit_rate=144/144 (100.00%)
auto-selected 1-fold oversampling
[HKL stats] h=[-3,-3] k=[-13,-12] l=[3,3] hit_rate=144/144 (100.00%)
auto-selected 1-fold oversampling
[HKL stats] h=[4,4] k=[-12,-12] l=[4,4] hit_rate=144/144 (100.00%)
auto-selected 1-fold oversampling
[HKL stats] h=[4,4] k=[-13,-13] l=[4,5] hit_rate=144/144 (100.00%)
auto-selected 1-fold oversampling
[HKL stats] h=[4,4] k=[-14,-14] l=[5,5] hit_rate=144/144 (100.00%)
auto-selected 1-fold oversampling
[HKL stats] h=[4,4] k=[-15,-15] l=[6,6] hit_rate=144/144 (100.00%)
auto-selected 1-fold oversampling
[HKL stats] h=[-4,-3] k=[-17,-17] l=[5,5] hit_rate=144/144 (100.00%)
auto-selected 1-fold oversampling
[HKL stats] h=[-9,-9] k=[-18,-18] l=[7,7] hit_rate=144/144 (100.00%)
auto-selected 1-fold oversampling
[HKL stats] h=[-2,-2] k=[-18,-18] l=[6,6] hit_rate=144/144 (100.00%)
auto-selected 1-fold oversampling
[HKL stats] h=[12,12] k=[-15,-15] l=[11,11] hit_rate=0/144 (0.00%)
auto-selected 1-fold oversampling
[HKL stats] h=[-1,-0] k=[-19,-18] l=[7,7] hit_rate=144/144 (100.00%)
auto-selected 1-fold oversampling
[HKL stats] h=[5,5] k=[-18,-18] l=[8,8] hit_rate=144/144 (100.00%)
auto-selected 1-fold oversampling
[HKL stats] h=[-6,-5] k=[-19,-19] l=[7,7] hit_rate=144/144 (100.00%)
auto-selected 1-fold oversampling
[HKL stats] h=[-10,-10] k=[-20,-20] l=[8,8] hit_rate=144/144 (100.00%)
auto-selected 1-fold oversampling
[HKL stats] h=[6,6] k=[-19,-19] l=[10,10] hit_rate=144/144 (100.00%)
auto-selected 1-fold oversampling
[HKL stats] h=[9,9] k=[-18,-18] l=[11,11] hit_rate=144/144 (100.00%)
auto-selected 1-fold oversampling
[HKL stats] h=[-13,-13] k=[-19,-19] l=[10,10] hit_rate=144/144 (100.00%)
auto-selected 1-fold oversampling
[HKL stats] h=[7,7] k=[-20,-20] l=[11,11] hit_rate=144/144 (100.00%)
auto-selected 1-fold oversampling
[HKL stats] h=[-14,-14] k=[-20,-20] l=[11,12] hit_rate=144/144 (100.00%)
auto-selected 1-fold oversampling
[HKL stats] h=[3,3] k=[-22,-21] l=[10,11] hit_rate=144/144 (100.00%)
auto-selected 1-fold oversampling
[HKL stats] h=[1,1] k=[21,21] l=[11,11] hit_rate=144/144 (100.00%)
auto-selected 1-fold oversampling
[HKL stats] h=[4,4] k=[16,16] l=[4,5] hit_rate=144/144 (100.00%)
auto-selected 1-fold oversampling
[HKL stats] h=[6,7] k=[11,12] l=[2,2] hit_rate=144/144 (100.00%)
auto-selected 1-fold oversampling
[HKL stats] h=[11,11] k=[10,10] l=[3,3] hit_rate=144/144 (100.00%)
auto-selected 1-fold oversampling
[HKL stats] h=[-5,-5] k=[5,6] l=[2,2] hit_rate=144/144 (100.00%)
auto-selected 1-fold oversampling
[HKL stats] h=[-8,-8] k=[3,3] l=[3,3] hit_rate=144/144 (100.00%)
auto-selected 1-fold oversampling
[HKL stats] h=[-13,-12] k=[2,2] l=[7,7] hit_rate=144/144 (100.00%)
auto-selected 1-fold oversampling
[HKL stats] h=[-1,-1] k=[2,2] l=[0,0] hit_rate=144/144 (100.00%)
auto-selected 1-fold oversampling
[HKL stats] h=[-13,-13] k=[-4,-4] l=[5,5] hit_rate=144/144 (100.00%)
auto-selected 1-fold oversampling
[HKL stats] h=[-15,-15] k=[-7,-7] l=[8,8] hit_rate=144/144 (100.00%)
auto-selected 1-fold oversampling
[HKL stats] h=[-12,-12] k=[-11,-11] l=[5,5] hit_rate=144/144 (100.00%)
auto-selected 1-fold oversampling
[HKL stats] h=[5,5] k=[-18,-18] l=[8,8] hit_rate=144/144 (100.00%)
auto-selected 1-fold oversampling
[HKL stats] h=[7,7] k=[-20,-20] l=[11,11] hit_rate=144/144 (100.00%)
auto-selected 1-fold oversampling
[HKL stats] h=[1,1] k=[21,21] l=[11,11] hit_rate=144/144 (100.00%)
auto-selected 1-fold oversampling
[HKL stats] h=[4,4] k=[16,16] l=[4,5] hit_rate=144/144 (100.00%)
auto-selected 1-fold oversampling
[HKL stats] h=[6,7] k=[11,12] l=[2,2] hit_rate=144/144 (100.00%)
auto-selected 1-fold oversampling
[HKL stats] h=[11,11] k=[10,10] l=[3,3] hit_rate=144/144 (100.00%)
auto-selected 1-fold oversampling
[HKL stats] h=[-5,-5] k=[5,6] l=[2,2] hit_rate=144/144 (100.00%)
auto-selected 1-fold oversampling
[HKL stats] h=[-8,-8] k=[3,3] l=[3,3] hit_rate=144/144 (100.00%)
auto-selected 1-fold oversampling
[HKL stats] h=[-13,-12] k=[2,2] l=[7,7] hit_rate=144/144 (100.00%)
auto-selected 1-fold oversampling
[HKL stats] h=[-1,-1] k=[2,2] l=[0,0] hit_rate=144/144 (100.00%)
auto-selected 1-fold oversampling
[HKL stats] h=[-13,-13] k=[-4,-4] l=[5,5] hit_rate=144/144 (100.00%)
auto-selected 1-fold oversampling
[HKL stats] h=[-15,-15] k=[-7,-7] l=[8,8] hit_rate=144/144 (100.00%)
auto-selected 1-fold oversampling
[HKL stats] h=[-12,-12] k=[-11,-11] l=[5,5] hit_rate=144/144 (100.00%)
auto-selected 1-fold oversampling
[HKL stats] h=[5,5] k=[-18,-18] l=[8,8] hit_rate=144/144 (100.00%)
auto-selected 1-fold oversampling
[HKL stats] h=[7,7] k=[-20,-20] l=[11,11] hit_rate=144/144 (100.00%)
auto-selected 1-fold oversampling
[HKL stats] h=[1,1] k=[21,21] l=[11,11] hit_rate=144/144 (100.00%)
auto-selected 1-fold oversampling
[HKL stats] h=[4,4] k=[16,16] l=[4,5] hit_rate=144/144 (100.00%)
auto-selected 1-fold oversampling
[HKL stats] h=[6,7] k=[11,12] l=[2,2] hit_rate=144/144 (100.00%)
auto-selected 1-fold oversampling
[HKL stats] h=[11,11] k=[10,10] l=[3,3] hit_rate=144/144 (100.00%)
auto-selected 1-fold oversampling
[HKL stats] h=[-5,-5] k=[5,6] l=[2,2] hit_rate=144/144 (100.00%)
auto-selected 1-fold oversampling
[HKL stats] h=[-8,-8] k=[3,3] l=[3,3] hit_rate=144/144 (100.00%)
auto-selected 1-fold oversampling
[HKL stats] h=[-13,-12] k=[2,2] l=[7,7] hit_rate=144/144 (100.00%)
auto-selected 1-fold oversampling
[HKL stats] h=[-1,-1] k=[2,2] l=[0,0] hit_rate=144/144 (100.00%)
auto-selected 1-fold oversampling
[HKL stats] h=[-13,-13] k=[-4,-4] l=[5,5] hit_rate=144/144 (100.00%)
auto-selected 1-fold oversampling
[HKL stats] h=[-15,-15] k=[-7,-7] l=[8,8] hit_rate=144/144 (100.00%)
auto-selected 1-fold oversampling
[HKL stats] h=[-12,-12] k=[-11,-11] l=[5,5] hit_rate=144/144 (100.00%)
auto-selected 1-fold oversampling
[HKL stats] h=[5,5] k=[-18,-18] l=[8,8] hit_rate=144/144 (100.00%)
auto-selected 1-fold oversampling
[HKL stats] h=[7,7] k=[-20,-20] l=[11,11] hit_rate=144/144 (100.00%)
auto-selected 1-fold oversampling
[HKL stats] h=[1,1] k=[21,21] l=[11,11] hit_rate=144/144 (100.00%)
auto-selected 1-fold oversampling
[HKL stats] h=[4,4] k=[16,16] l=[4,5] hit_rate=144/144 (100.00%)
auto-selected 1-fold oversampling
[HKL stats] h=[6,7] k=[11,12] l=[2,2] hit_rate=144/144 (100.00%)
auto-selected 1-fold oversampling
[HKL stats] h=[11,11] k=[10,10] l=[3,3] hit_rate=144/144 (100.00%)
auto-selected 1-fold oversampling
[HKL stats] h=[-5,-5] k=[5,6] l=[2,2] hit_rate=144/144 (100.00%)
auto-selected 1-fold oversampling
[HKL stats] h=[-8,-8] k=[3,3] l=[3,3] hit_rate=144/144 (100.00%)
auto-selected 1-fold oversampling
[HKL stats] h=[-13,-12] k=[2,2] l=[7,7] hit_rate=144/144 (100.00%)
auto-selected 1-fold oversampling
[HKL stats] h=[-1,-1] k=[2,2] l=[0,0] hit_rate=144/144 (100.00%)
auto-selected 1-fold oversampling
[HKL stats] h=[-13,-13] k=[-4,-4] l=[5,5] hit_rate=144/144 (100.00%)
auto-selected 1-fold oversampling
[HKL stats] h=[-15,-15] k=[-7,-7] l=[8,8] hit_rate=144/144 (100.00%)
auto-selected 1-fold oversampling
[HKL stats] h=[-12,-12] k=[-11,-11] l=[5,5] hit_rate=144/144 (100.00%)
auto-selected 1-fold oversampling
[HKL stats] h=[5,5] k=[-18,-18] l=[8,8] hit_rate=144/144 (100.00%)
auto-selected 1-fold oversampling
[HKL stats] h=[7,7] k=[-20,-20] l=[11,11] hit_rate=144/144 (100.00%)
auto-selected 1-fold oversampling
[HKL stats] h=[1,1] k=[21,21] l=[11,11] hit_rate=144/144 (100.00%)
auto-selected 1-fold oversampling
[HKL stats] h=[4,4] k=[16,16] l=[4,5] hit_rate=144/144 (100.00%)
auto-selected 1-fold oversampling
[HKL stats] h=[6,7] k=[11,12] l=[2,2] hit_rate=144/144 (100.00%)
auto-selected 1-fold oversampling
[HKL stats] h=[11,11] k=[10,10] l=[3,3] hit_rate=144/144 (100.00%)
auto-selected 1-fold oversampling
[HKL stats] h=[-5,-5] k=[5,6] l=[2,2] hit_rate=144/144 (100.00%)
auto-selected 1-fold oversampling
[HKL stats] h=[-8,-8] k=[3,3] l=[3,3] hit_rate=144/144 (100.00%)
auto-selected 1-fold oversampling
[HKL stats] h=[-13,-12] k=[2,2] l=[7,7] hit_rate=144/144 (100.00%)
auto-selected 1-fold oversampling
[HKL stats] h=[-1,-1] k=[2,2] l=[0,0] hit_rate=144/144 (100.00%)
auto-selected 1-fold oversampling
[HKL stats] h=[-13,-13] k=[-4,-4] l=[5,5] hit_rate=144/144 (100.00%)
auto-selected 1-fold oversampling
[HKL stats] h=[-15,-15] k=[-7,-7] l=[8,8] hit_rate=144/144 (100.00%)
auto-selected 1-fold oversampling
[HKL stats] h=[-12,-12] k=[-11,-11] l=[5,5] hit_rate=144/144 (100.00%)
auto-selected 1-fold oversampling
[HKL stats] h=[5,5] k=[-18,-18] l=[8,8] hit_rate=144/144 (100.00%)
auto-selected 1-fold oversampling
[HKL stats] h=[7,7] k=[-20,-20] l=[11,11] hit_rate=144/144 (100.00%)
auto-selected 1-fold oversampling
[HKL stats] h=[1,1] k=[21,21] l=[11,11] hit_rate=144/144 (100.00%)
auto-selected 1-fold oversampling
[HKL stats] h=[-1,-1] k=[20,21] l=[11,11] hit_rate=144/144 (100.00%)
auto-selected 1-fold oversampling
[HKL stats] h=[7,7] k=[22,22] l=[9,9] hit_rate=144/144 (100.00%)
auto-selected 1-fold oversampling
[HKL stats] h=[9,9] k=[21,22] l=[8,8] hit_rate=144/144 (100.00%)
auto-selected 1-fold oversampling
[HKL stats] h=[-6,-6] k=[16,16] l=[11,11] hit_rate=144/144 (100.00%)
auto-selected 1-fold oversampling
[HKL stats] h=[-2,-1] k=[16,16] l=[7,7] hit_rate=144/144 (100.00%)
auto-selected 1-fold oversampling
[HKL stats] h=[15,16] k=[16,16] l=[7,7] hit_rate=144/144 (100.00%)
auto-selected 1-fold oversampling
[HKL stats] h=[-4,-3] k=[15,16] l=[7,8] hit_rate=144/144 (100.00%)
auto-selected 1-fold oversampling
[HKL stats] h=[5,5] k=[17,17] l=[5,5] hit_rate=144/144 (100.00%)
auto-selected 1-fold oversampling
[HKL stats] h=[7,7] k=[16,17] l=[5,5] hit_rate=144/144 (100.00%)
auto-selected 1-fold oversampling
[HKL stats] h=[4,4] k=[16,16] l=[4,5] hit_rate=144/144 (100.00%)
auto-selected 1-fold oversampling
[HKL stats] h=[9,9] k=[15,16] l=[4,4] hit_rate=144/144 (100.00%)
auto-selected 1-fold oversampling
[HKL stats] h=[0,0] k=[15,15] l=[5,5] hit_rate=144/144 (100.00%)
auto-selected 1-fold oversampling
[HKL stats] h=[2,3] k=[15,15] l=[4,4] hit_rate=144/144 (100.00%)
auto-selected 1-fold oversampling
[HKL stats] h=[14,14] k=[14,14] l=[5,5] hit_rate=144/144 (100.00%)
auto-selected 1-fold oversampling
[HKL stats] h=[5,5] k=[14,14] l=[3,3] hit_rate=144/144 (100.00%)
auto-selected 1-fold oversampling
[HKL stats] h=[14,15] k=[12,12] l=[5,5] hit_rate=144/144 (100.00%)
auto-selected 1-fold oversampling
[HKL stats] h=[2,3] k=[13,13] l=[3,3] hit_rate=144/144 (100.00%)
auto-selected 1-fold oversampling
[HKL stats] h=[10,11] k=[12,12] l=[3,4] hit_rate=144/144 (100.00%)
auto-selected 1-fold oversampling
[HKL stats] h=[9,9] k=[12,12] l=[3,3] hit_rate=144/144 (100.00%)
auto-selected 1-fold oversampling
[HKL stats] h=[-10,-10] k=[10,10] l=[9,9] hit_rate=144/144 (100.00%)
auto-selected 1-fold oversampling
[HKL stats] h=[11,11] k=[11,11] l=[3,3] hit_rate=144/144 (100.00%)
auto-selected 1-fold oversampling
[HKL stats] h=[6,7] k=[11,12] l=[2,2] hit_rate=144/144 (100.00%)
auto-selected 1-fold oversampling
[HKL stats] h=[-0,-0] k=[11,11] l=[3,3] hit_rate=144/144 (100.00%)
auto-selected 1-fold oversampling
[HKL stats] h=[-5,-4] k=[10,11] l=[4,4] hit_rate=144/144 (100.00%)
auto-selected 1-fold oversampling
[HKL stats] h=[-7,-7] k=[10,10] l=[6,6] hit_rate=144/144 (100.00%)
auto-selected 1-fold oversampling
[HKL stats] h=[11,11] k=[10,10] l=[3,3] hit_rate=144/144 (100.00%)
auto-selected 1-fold oversampling
[HKL stats] h=[0,1] k=[10,10] l=[2,2] hit_rate=144/144 (100.00%)
auto-selected 1-fold oversampling
[HKL stats] h=[5,5] k=[9,9] l=[1,1] hit_rate=144/144 (100.00%)
auto-selected 1-fold oversampling
[HKL stats] h=[-7,-7] k=[8,8] l=[4,5] hit_rate=144/144 (100.00%)
auto-selected 1-fold oversampling
[HKL stats] h=[11,11] k=[7,7] l=[3,3] hit_rate=144/144 (100.00%)
auto-selected 1-fold oversampling
[HKL stats] h=[4,4] k=[7,7] l=[1,1] hit_rate=144/144 (100.00%)
auto-selected 1-fold oversampling
[HKL stats] h=[-1,-1] k=[6,6] l=[1,1] hit_rate=144/144 (100.00%)
auto-selected 1-fold oversampling
[HKL stats] h=[1,1] k=[6,6] l=[1,1] hit_rate=144/144 (100.00%)
auto-selected 1-fold oversampling
[HKL stats] h=[4,5] k=[6,6] l=[1,1] hit_rate=144/144 (100.00%)
auto-selected 1-fold oversampling
[HKL stats] h=[-5,-5] k=[5,6] l=[2,2] hit_rate=144/144 (100.00%)
auto-selected 1-fold oversampling
[HKL stats] h=[-13,-13] k=[4,4] l=[9,9] hit_rate=144/144 (100.00%)
auto-selected 1-fold oversampling
[HKL stats] h=[-3,-2] k=[5,5] l=[1,1] hit_rate=144/144 (100.00%)
auto-selected 1-fold oversampling
[HKL stats] h=[-4,-4] k=[4,4] l=[1,1] hit_rate=144/144 (100.00%)
auto-selected 1-fold oversampling
[HKL stats] h=[-8,-8] k=[3,3] l=[3,3] hit_rate=144/144 (100.00%)
auto-selected 1-fold oversampling
[HKL stats] h=[-13,-12] k=[2,2] l=[7,7] hit_rate=144/144 (100.00%)
auto-selected 1-fold oversampling
[HKL stats] h=[-12,-12] k=[2,2] l=[6,6] hit_rate=144/144 (100.00%)
auto-selected 1-fold oversampling
[HKL stats] h=[-11,-11] k=[2,2] l=[5,5] hit_rate=144/144 (100.00%)
auto-selected 1-fold oversampling
[HKL stats] h=[14,15] k=[2,2] l=[5,5] hit_rate=144/144 (100.00%)
auto-selected 1-fold oversampling
[HKL stats] h=[-1,-1] k=[2,2] l=[0,0] hit_rate=144/144 (100.00%)
auto-selected 1-fold oversampling
[HKL stats] h=[8,8] k=[-2,-1] l=[2,2] hit_rate=144/144 (100.00%)
auto-selected 1-fold oversampling
[HKL stats] h=[-1,-1] k=[-2,-2] l=[0,0] hit_rate=144/144 (100.00%)
auto-selected 1-fold oversampling
[HKL stats] h=[12,13] k=[-2,-2] l=[4,4] hit_rate=144/144 (100.00%)
auto-selected 1-fold oversampling
[HKL stats] h=[4,4] k=[-2,-2] l=[1,1] hit_rate=144/144 (100.00%)
auto-selected 1-fold oversampling
[HKL stats] h=[-7,-7] k=[-3,-2] l=[1,1] hit_rate=144/144 (100.00%)
auto-selected 1-fold oversampling
[HKL stats] h=[-3,-3] k=[-3,-3] l=[0,0] hit_rate=144/144 (100.00%)
auto-selected 1-fold oversampling
[HKL stats] h=[11,12] k=[-3,-2] l=[4,4] hit_rate=144/144 (100.00%)
auto-selected 1-fold oversampling
[HKL stats] h=[2,3] k=[-4,-4] l=[1,1] hit_rate=144/144 (100.00%)
auto-selected 1-fold oversampling
[HKL stats] h=[4,4] k=[-4,-4] l=[1,1] hit_rate=144/144 (100.00%)
auto-selected 1-fold oversampling
[HKL stats] h=[-9,-8] k=[-4,-4] l=[2,2] hit_rate=144/144 (100.00%)
auto-selected 1-fold oversampling
[HKL stats] h=[-13,-13] k=[-4,-4] l=[5,5] hit_rate=144/144 (100.00%)
auto-selected 1-fold oversampling
[HKL stats] h=[-15,-15] k=[-4,-3] l=[8,8] hit_rate=144/144 (100.00%)
auto-selected 1-fold oversampling
[HKL stats] h=[-11,-11] k=[-6,-6] l=[3,3] hit_rate=144/144 (100.00%)
auto-selected 1-fold oversampling
[HKL stats] h=[-4,-3] k=[-7,-6] l=[1,1] hit_rate=144/144 (100.00%)
auto-selected 1-fold oversampling
[HKL stats] h=[-0,-0] k=[-7,-7] l=[1,1] hit_rate=144/144 (100.00%)
auto-selected 1-fold oversampling
[HKL stats] h=[-8,-7] k=[-7,-7] l=[2,2] hit_rate=144/144 (100.00%)
auto-selected 1-fold oversampling
[HKL stats] h=[12,12] k=[-7,-6] l=[5,6] hit_rate=144/144 (100.00%)
auto-selected 1-fold oversampling
[HKL stats] h=[-2,-2] k=[-8,-8] l=[1,1] hit_rate=144/144 (100.00%)
auto-selected 1-fold oversampling
[HKL stats] h=[-5,-5] k=[-9,-8] l=[1,1] hit_rate=144/144 (100.00%)
auto-selected 1-fold oversampling
[HKL stats] h=[-14,-14] k=[-8,-7] l=[6,7] hit_rate=144/144 (100.00%)
auto-selected 1-fold oversampling
[HKL stats] h=[-14,-14] k=[-8,-7] l=[7,7] hit_rate=144/144 (100.00%)
auto-selected 1-fold oversampling
[HKL stats] h=[-15,-15] k=[-8,-7] l=[8,8] hit_rate=144/144 (100.00%)
auto-selected 1-fold oversampling
[HKL stats] h=[-15,-15] k=[-7,-7] l=[8,8] hit_rate=144/144 (100.00%)
auto-selected 1-fold oversampling
[HKL stats] h=[10,11] k=[-9,-8] l=[5,6] hit_rate=144/144 (100.00%)
auto-selected 1-fold oversampling
[HKL stats] h=[0,0] k=[-10,-10] l=[2,2] hit_rate=144/144 (100.00%)
auto-selected 1-fold oversampling
[HKL stats] h=[-12,-12] k=[-10,-10] l=[5,5] hit_rate=144/144 (100.00%)
auto-selected 1-fold oversampling
[HKL stats] h=[7,7] k=[-10,-10] l=[4,4] hit_rate=144/144 (100.00%)
auto-selected 1-fold oversampling
[HKL stats] h=[-12,-12] k=[-11,-11] l=[5,5] hit_rate=144/144 (100.00%)
auto-selected 1-fold oversampling
[HKL stats] h=[-3,-3] k=[-13,-12] l=[3,3] hit_rate=144/144 (100.00%)
auto-selected 1-fold oversampling
[HKL stats] h=[4,4] k=[-12,-12] l=[4,4] hit_rate=144/144 (100.00%)
auto-selected 1-fold oversampling
[HKL stats] h=[4,4] k=[-13,-13] l=[4,5] hit_rate=144/144 (100.00%)
auto-selected 1-fold oversampling
[HKL stats] h=[4,4] k=[-14,-14] l=[5,5] hit_rate=144/144 (100.00%)
auto-selected 1-fold oversampling
[HKL stats] h=[4,4] k=[-15,-15] l=[6,6] hit_rate=144/144 (100.00%)
auto-selected 1-fold oversampling
[HKL stats] h=[-4,-3] k=[-17,-17] l=[5,5] hit_rate=144/144 (100.00%)
auto-selected 1-fold oversampling
[HKL stats] h=[-9,-9] k=[-18,-18] l=[7,7] hit_rate=144/144 (100.00%)
auto-selected 1-fold oversampling
[HKL stats] h=[-2,-2] k=[-18,-18] l=[6,6] hit_rate=144/144 (100.00%)
auto-selected 1-fold oversampling
[HKL stats] h=[12,12] k=[-15,-15] l=[11,11] hit_rate=0/144 (0.00%)
auto-selected 1-fold oversampling
[HKL stats] h=[-1,-0] k=[-19,-18] l=[7,7] hit_rate=144/144 (100.00%)
auto-selected 1-fold oversampling
[HKL stats] h=[5,5] k=[-18,-18] l=[8,8] hit_rate=144/144 (100.00%)
auto-selected 1-fold oversampling
[HKL stats] h=[-6,-5] k=[-19,-19] l=[7,7] hit_rate=144/144 (100.00%)
auto-selected 1-fold oversampling
[HKL stats] h=[-10,-10] k=[-20,-20] l=[8,8] hit_rate=144/144 (100.00%)
auto-selected 1-fold oversampling
[HKL stats] h=[6,6] k=[-19,-19] l=[10,10] hit_rate=144/144 (100.00%)
auto-selected 1-fold oversampling
[HKL stats] h=[9,9] k=[-18,-18] l=[11,11] hit_rate=144/144 (100.00%)
auto-selected 1-fold oversampling
[HKL stats] h=[-13,-13] k=[-19,-19] l=[10,10] hit_rate=144/144 (100.00%)
auto-selected 1-fold oversampling
[HKL stats] h=[7,7] k=[-20,-20] l=[11,11] hit_rate=144/144 (100.00%)
auto-selected 1-fold oversampling
[HKL stats] h=[-14,-14] k=[-20,-20] l=[11,12] hit_rate=144/144 (100.00%)
auto-selected 1-fold oversampling
[HKL stats] h=[3,3] k=[-22,-21] l=[10,11] hit_rate=144/144 (100.00%)
auto-selected 1-fold oversampling
[HKL stats] h=[1,1] k=[21,21] l=[11,11] hit_rate=144/144 (100.00%)
auto-selected 1-fold oversampling
[HKL stats] h=[4,4] k=[16,16] l=[4,5] hit_rate=144/144 (100.00%)
auto-selected 1-fold oversampling
[HKL stats] h=[6,7] k=[11,12] l=[2,2] hit_rate=144/144 (100.00%)
auto-selected 1-fold oversampling
[HKL stats] h=[11,11] k=[10,10] l=[3,3] hit_rate=144/144 (100.00%)
auto-selected 1-fold oversampling
[HKL stats] h=[-5,-5] k=[5,6] l=[2,2] hit_rate=144/144 (100.00%)
auto-selected 1-fold oversampling
[HKL stats] h=[-8,-8] k=[3,3] l=[3,3] hit_rate=144/144 (100.00%)
auto-selected 1-fold oversampling
[HKL stats] h=[-13,-12] k=[2,2] l=[7,7] hit_rate=144/144 (100.00%)
auto-selected 1-fold oversampling
[HKL stats] h=[-1,-1] k=[2,2] l=[0,0] hit_rate=144/144 (100.00%)
auto-selected 1-fold oversampling
[HKL stats] h=[-13,-13] k=[-4,-4] l=[5,5] hit_rate=144/144 (100.00%)
auto-selected 1-fold oversampling
[HKL stats] h=[-15,-15] k=[-7,-7] l=[8,8] hit_rate=144/144 (100.00%)
auto-selected 1-fold oversampling
[HKL stats] h=[-12,-12] k=[-11,-11] l=[5,5] hit_rate=144/144 (100.00%)
auto-selected 1-fold oversampling
[HKL stats] h=[5,5] k=[-18,-18] l=[8,8] hit_rate=144/144 (100.00%)
auto-selected 1-fold oversampling
[HKL stats] h=[7,7] k=[-20,-20] l=[11,11] hit_rate=144/144 (100.00%)
auto-selected 1-fold oversampling
[HKL stats] h=[1,1] k=[21,21] l=[11,11] hit_rate=144/144 (100.00%)
auto-selected 1-fold oversampling
[HKL stats] h=[4,4] k=[16,16] l=[4,5] hit_rate=144/144 (100.00%)
auto-selected 1-fold oversampling
[HKL stats] h=[6,7] k=[11,12] l=[2,2] hit_rate=144/144 (100.00%)
auto-selected 1-fold oversampling
[HKL stats] h=[11,11] k=[10,10] l=[3,3] hit_rate=144/144 (100.00%)
auto-selected 1-fold oversampling
[HKL stats] h=[-5,-5] k=[5,6] l=[2,2] hit_rate=144/144 (100.00%)
auto-selected 1-fold oversampling
[HKL stats] h=[-8,-8] k=[3,3] l=[3,3] hit_rate=144/144 (100.00%)
auto-selected 1-fold oversampling
[HKL stats] h=[-13,-12] k=[2,2] l=[7,7] hit_rate=144/144 (100.00%)
auto-selected 1-fold oversampling
[HKL stats] h=[-1,-1] k=[2,2] l=[0,0] hit_rate=144/144 (100.00%)
auto-selected 1-fold oversampling
[HKL stats] h=[-13,-13] k=[-4,-4] l=[5,5] hit_rate=144/144 (100.00%)
auto-selected 1-fold oversampling
[HKL stats] h=[-15,-15] k=[-7,-7] l=[8,8] hit_rate=144/144 (100.00%)
auto-selected 1-fold oversampling
[HKL stats] h=[-12,-12] k=[-11,-11] l=[5,5] hit_rate=144/144 (100.00%)
auto-selected 1-fold oversampling
[HKL stats] h=[5,5] k=[-18,-18] l=[8,8] hit_rate=144/144 (100.00%)
auto-selected 1-fold oversampling
[HKL stats] h=[7,7] k=[-20,-20] l=[11,11] hit_rate=144/144 (100.00%)
auto-selected 1-fold oversampling
[HKL stats] h=[1,1] k=[21,21] l=[11,11] hit_rate=144/144 (100.00%)
auto-selected 1-fold oversampling
[HKL stats] h=[4,4] k=[16,16] l=[4,5] hit_rate=144/144 (100.00%)
auto-selected 1-fold oversampling
[HKL stats] h=[6,7] k=[11,12] l=[2,2] hit_rate=144/144 (100.00%)
auto-selected 1-fold oversampling
[HKL stats] h=[11,11] k=[10,10] l=[3,3] hit_rate=144/144 (100.00%)
auto-selected 1-fold oversampling
[HKL stats] h=[-5,-5] k=[5,6] l=[2,2] hit_rate=144/144 (100.00%)
auto-selected 1-fold oversampling
[HKL stats] h=[-8,-8] k=[3,3] l=[3,3] hit_rate=144/144 (100.00%)
auto-selected 1-fold oversampling
[HKL stats] h=[-13,-12] k=[2,2] l=[7,7] hit_rate=144/144 (100.00%)
auto-selected 1-fold oversampling
[HKL stats] h=[-1,-1] k=[2,2] l=[0,0] hit_rate=144/144 (100.00%)
auto-selected 1-fold oversampling
[HKL stats] h=[-13,-13] k=[-4,-4] l=[5,5] hit_rate=144/144 (100.00%)
auto-selected 1-fold oversampling
[HKL stats] h=[-15,-15] k=[-7,-7] l=[8,8] hit_rate=144/144 (100.00%)
auto-selected 1-fold oversampling
[HKL stats] h=[-12,-12] k=[-11,-11] l=[5,5] hit_rate=144/144 (100.00%)
auto-selected 1-fold oversampling
[HKL stats] h=[5,5] k=[-18,-18] l=[8,8] hit_rate=144/144 (100.00%)
auto-selected 1-fold oversampling
[HKL stats] h=[7,7] k=[-20,-20] l=[11,11] hit_rate=144/144 (100.00%)
auto-selected 1-fold oversampling
[HKL stats] h=[1,1] k=[21,21] l=[11,11] hit_rate=144/144 (100.00%)
auto-selected 1-fold oversampling
[HKL stats] h=[4,4] k=[16,16] l=[4,5] hit_rate=144/144 (100.00%)
auto-selected 1-fold oversampling
[HKL stats] h=[7,7] k=[11,12] l=[2,2] hit_rate=144/144 (100.00%)
auto-selected 1-fold oversampling
[HKL stats] h=[12,12] k=[10,10] l=[3,3] hit_rate=144/144 (100.00%)
auto-selected 1-fold oversampling
[HKL stats] h=[-5,-5] k=[5,6] l=[2,2] hit_rate=144/144 (100.00%)
auto-selected 1-fold oversampling
[HKL stats] h=[-8,-8] k=[3,3] l=[3,3] hit_rate=144/144 (100.00%)
auto-selected 1-fold oversampling
[HKL stats] h=[-13,-13] k=[2,2] l=[7,7] hit_rate=144/144 (100.00%)
auto-selected 1-fold oversampling
[HKL stats] h=[-1,-1] k=[2,2] l=[0,0] hit_rate=144/144 (100.00%)
auto-selected 1-fold oversampling
[HKL stats] h=[-13,-13] k=[-4,-4] l=[5,5] hit_rate=144/144 (100.00%)
auto-selected 1-fold oversampling
[HKL stats] h=[-16,-16] k=[-7,-7] l=[8,8] hit_rate=144/144 (100.00%)
auto-selected 1-fold oversampling
[HKL stats] h=[-12,-12] k=[-11,-11] l=[5,5] hit_rate=144/144 (100.00%)
auto-selected 1-fold oversampling
[HKL stats] h=[5,5] k=[-18,-18] l=[8,8] hit_rate=144/144 (100.00%)
auto-selected 1-fold oversampling
[HKL stats] h=[7,7] k=[-20,-20] l=[11,11] hit_rate=144/144 (100.00%)
auto-selected 1-fold oversampling
[HKL stats] h=[1,1] k=[22,22] l=[11,11] hit_rate=144/144 (100.00%)
auto-selected 1-fold oversampling
[HKL stats] h=[3,3] k=[16,16] l=[4,5] hit_rate=144/144 (100.00%)
auto-selected 1-fold oversampling
[HKL stats] h=[5,5] k=[12,12] l=[2,2] hit_rate=144/144 (100.00%)
auto-selected 1-fold oversampling
[HKL stats] h=[9,9] k=[10,11] l=[3,3] hit_rate=144/144 (100.00%)
auto-selected 1-fold oversampling
[HKL stats] h=[-4,-4] k=[5,6] l=[2,2] hit_rate=144/144 (100.00%)
auto-selected 1-fold oversampling
[HKL stats] h=[-6,-6] k=[3,3] l=[3,3] hit_rate=144/144 (100.00%)
auto-selected 1-fold oversampling
[HKL stats] h=[-10,-10] k=[2,2] l=[7,7] hit_rate=144/144 (100.00%)
auto-selected 1-fold oversampling
[HKL stats] h=[-1,-0] k=[2,2] l=[0,0] hit_rate=144/144 (100.00%)
auto-selected 1-fold oversampling
[HKL stats] h=[-10,-10] k=[-4,-4] l=[5,5] hit_rate=144/144 (100.00%)
auto-selected 1-fold oversampling
[HKL stats] h=[-12,-12] k=[-8,-7] l=[8,8] hit_rate=144/144 (100.00%)
auto-selected 1-fold oversampling
[HKL stats] h=[-9,-9] k=[-11,-11] l=[5,5] hit_rate=144/144 (100.00%)
auto-selected 1-fold oversampling
[HKL stats] h=[4,4] k=[-18,-18] l=[8,8] hit_rate=144/144 (100.00%)
auto-selected 1-fold oversampling
[HKL stats] h=[5,5] k=[-20,-20] l=[11,11] hit_rate=144/144 (100.00%)
auto-selected 1-fold oversampling
[HKL stats] h=[1,1] k=[22,22] l=[11,11] hit_rate=144/144 (100.00%)
auto-selected 1-fold oversampling
[HKL stats] h=[-1,-0] k=[21,21] l=[11,11] hit_rate=144/144 (100.00%)
auto-selected 1-fold oversampling
[HKL stats] h=[6,6] k=[22,22] l=[9,9] hit_rate=144/144 (100.00%)
auto-selected 1-fold oversampling
[HKL stats] h=[7,7] k=[22,22] l=[8,8] hit_rate=144/144 (100.00%)
auto-selected 1-fold oversampling
[HKL stats] h=[-5,-5] k=[16,16] l=[11,11] hit_rate=144/144 (100.00%)
auto-selected 1-fold oversampling
[HKL stats] h=[-1,-1] k=[17,17] l=[7,7] hit_rate=144/144 (100.00%)
auto-selected 1-fold oversampling
[HKL stats] h=[12,12] k=[16,17] l=[7,7] hit_rate=144/144 (100.00%)
auto-selected 1-fold oversampling
[HKL stats] h=[-3,-2] k=[16,16] l=[7,8] hit_rate=144/144 (100.00%)
auto-selected 1-fold oversampling
[HKL stats] h=[4,4] k=[17,17] l=[5,5] hit_rate=144/144 (100.00%)
auto-selected 1-fold oversampling
[HKL stats] h=[5,5] k=[17,17] l=[5,5] hit_rate=144/144 (100.00%)
auto-selected 1-fold oversampling
[HKL stats] h=[3,3] k=[16,16] l=[4,5] hit_rate=144/144 (100.00%)
auto-selected 1-fold oversampling
[HKL stats] h=[7,7] k=[16,16] l=[4,4] hit_rate=144/144 (100.00%)
auto-selected 1-fold oversampling
[HKL stats] h=[0,0] k=[15,16] l=[5,5] hit_rate=144/144 (100.00%)
auto-selected 1-fold oversampling
[HKL stats] h=[2,2] k=[15,15] l=[4,4] hit_rate=144/144 (100.00%)
auto-selected 1-fold oversampling
[HKL stats] h=[11,11] k=[14,15] l=[5,5] hit_rate=144/144 (100.00%)
auto-selected 1-fold oversampling
[HKL stats] h=[4,4] k=[14,14] l=[3,3] hit_rate=144/144 (100.00%)
auto-selected 1-fold oversampling
[HKL stats] h=[11,11] k=[12,13] l=[5,5] hit_rate=144/144 (100.00%)
auto-selected 1-fold oversampling
[HKL stats] h=[2,2] k=[13,13] l=[3,3] hit_rate=144/144 (100.00%)
auto-selected 1-fold oversampling
[HKL stats] h=[8,8] k=[13,13] l=[3,4] hit_rate=144/144 (100.00%)
auto-selected 1-fold oversampling
[HKL stats] h=[7,7] k=[13,13] l=[3,3] hit_rate=144/144 (100.00%)
auto-selected 1-fold oversampling
[HKL stats] h=[-7,-7] k=[10,10] l=[9,9] hit_rate=144/144 (100.00%)
auto-selected 1-fold oversampling
[HKL stats] h=[8,9] k=[11,12] l=[3,3] hit_rate=144/144 (100.00%)
auto-selected 1-fold oversampling
[HKL stats] h=[5,5] k=[12,12] l=[2,2] hit_rate=144/144 (100.00%)
auto-selected 1-fold oversampling
[HKL stats] h=[-0,-0] k=[11,12] l=[3,3] hit_rate=144/144 (100.00%)
auto-selected 1-fold oversampling
[HKL stats] h=[-4,-3] k=[11,11] l=[4,4] hit_rate=144/144 (100.00%)
auto-selected 1-fold oversampling
[HKL stats] h=[-5,-5] k=[10,10] l=[6,6] hit_rate=144/144 (100.00%)
auto-selected 1-fold oversampling
[HKL stats] h=[9,9] k=[10,11] l=[3,3] hit_rate=144/144 (100.00%)
auto-selected 1-fold oversampling
[HKL stats] h=[0,1] k=[10,10] l=[2,2] hit_rate=144/144 (100.00%)
auto-selected 1-fold oversampling
[HKL stats] h=[4,4] k=[9,9] l=[1,1] hit_rate=144/144 (100.00%)
auto-selected 1-fold oversampling
[HKL stats] h=[-6,-5] k=[8,8] l=[4,5] hit_rate=144/144 (100.00%)
auto-selected 1-fold oversampling
[HKL stats] h=[8,9] k=[7,8] l=[3,3] hit_rate=144/144 (100.00%)
auto-selected 1-fold oversampling
[HKL stats] h=[3,3] k=[7,7] l=[1,1] hit_rate=144/144 (100.00%)
auto-selected 1-fold oversampling
[HKL stats] h=[-1,-1] k=[6,6] l=[1,1] hit_rate=144/144 (100.00%)
auto-selected 1-fold oversampling
[HKL stats] h=[1,1] k=[6,6] l=[1,1] hit_rate=144/144 (100.00%)
auto-selected 1-fold oversampling
[HKL stats] h=[3,4] k=[6,6] l=[1,1] hit_rate=144/144 (100.00%)
auto-selected 1-fold oversampling
[HKL stats] h=[-4,-4] k=[5,6] l=[2,2] hit_rate=144/144 (100.00%)
auto-selected 1-fold oversampling
[HKL stats] h=[-10,-10] k=[4,5] l=[9,9] hit_rate=144/144 (100.00%)
auto-selected 1-fold oversampling
[HKL stats] h=[-2,-2] k=[5,5] l=[1,1] hit_rate=144/144 (100.00%)
auto-selected 1-fold oversampling
[HKL stats] h=[-3,-3] k=[4,5] l=[1,1] hit_rate=144/144 (100.00%)
auto-selected 1-fold oversampling
[HKL stats] h=[-6,-6] k=[3,3] l=[3,3] hit_rate=144/144 (100.00%)
auto-selected 1-fold oversampling
[HKL stats] h=[-10,-10] k=[2,2] l=[7,7] hit_rate=144/144 (100.00%)
auto-selected 1-fold oversampling
[HKL stats] h=[-9,-9] k=[2,2] l=[6,6] hit_rate=144/144 (100.00%)
auto-selected 1-fold oversampling
[HKL stats] h=[-9,-9] k=[2,2] l=[5,5] hit_rate=144/144 (100.00%)
auto-selected 1-fold oversampling
[HKL stats] h=[11,11] k=[2,2] l=[5,5] hit_rate=144/144 (100.00%)
auto-selected 1-fold oversampling
[HKL stats] h=[-1,-0] k=[2,2] l=[0,0] hit_rate=144/144 (100.00%)
auto-selected 1-fold oversampling
[HKL stats] h=[6,6] k=[-2,-1] l=[2,2] hit_rate=144/144 (100.00%)
auto-selected 1-fold oversampling
[HKL stats] h=[-1,-1] k=[-2,-2] l=[0,0] hit_rate=144/144 (100.00%)
auto-selected 1-fold oversampling
[HKL stats] h=[10,10] k=[-2,-2] l=[4,4] hit_rate=144/144 (100.00%)
auto-selected 1-fold oversampling
[HKL stats] h=[3,3] k=[-2,-2] l=[1,1] hit_rate=144/144 (100.00%)
auto-selected 1-fold oversampling
[HKL stats] h=[-5,-5] k=[-3,-2] l=[1,1] hit_rate=144/144 (100.00%)
auto-selected 1-fold oversampling
[HKL stats] h=[-2,-2] k=[-3,-3] l=[0,0] hit_rate=144/144 (100.00%)
auto-selected 1-fold oversampling
[HKL stats] h=[9,9] k=[-3,-3] l=[4,4] hit_rate=144/144 (100.00%)
auto-selected 1-fold oversampling
[HKL stats] h=[2,2] k=[-4,-4] l=[1,1] hit_rate=144/144 (100.00%)
auto-selected 1-fold oversampling
[HKL stats] h=[3,3] k=[-4,-4] l=[1,1] hit_rate=144/144 (100.00%)
auto-selected 1-fold oversampling
[HKL stats] h=[-7,-7] k=[-4,-4] l=[2,2] hit_rate=144/144 (100.00%)
auto-selected 1-fold oversampling
[HKL stats] h=[-10,-10] k=[-4,-4] l=[5,5] hit_rate=144/144 (100.00%)
auto-selected 1-fold oversampling
[HKL stats] h=[-12,-11] k=[-4,-3] l=[8,8] hit_rate=144/144 (100.00%)
auto-selected 1-fold oversampling
[HKL stats] h=[-8,-8] k=[-6,-6] l=[3,3] hit_rate=144/144 (100.00%)
auto-selected 1-fold oversampling
[HKL stats] h=[-3,-3] k=[-7,-7] l=[1,1] hit_rate=144/144 (100.00%)
auto-selected 1-fold oversampling
[HKL stats] h=[-0,-0] k=[-7,-7] l=[1,1] hit_rate=144/144 (100.00%)
auto-selected 1-fold oversampling
[HKL stats] h=[-6,-6] k=[-8,-7] l=[2,2] hit_rate=144/144 (100.00%)
auto-selected 1-fold oversampling
[HKL stats] h=[9,9] k=[-7,-7] l=[5,6] hit_rate=144/144 (100.00%)
auto-selected 1-fold oversampling
[HKL stats] h=[-1,-1] k=[-8,-8] l=[1,1] hit_rate=144/144 (100.00%)
auto-selected 1-fold oversampling
[HKL stats] h=[-4,-4] k=[-9,-9] l=[1,1] hit_rate=144/144 (100.00%)
auto-selected 1-fold oversampling
[HKL stats] h=[-11,-11] k=[-8,-8] l=[6,7] hit_rate=144/144 (100.00%)
auto-selected 1-fold oversampling
[HKL stats] h=[-11,-11] k=[-8,-8] l=[7,7] hit_rate=144/144 (100.00%)
auto-selected 1-fold oversampling
[HKL stats] h=[-12,-11] k=[-8,-8] l=[8,8] hit_rate=144/144 (100.00%)
auto-selected 1-fold oversampling
[HKL stats] h=[-12,-12] k=[-8,-7] l=[8,8] hit_rate=144/144 (100.00%)
auto-selected 1-fold oversampling
[HKL stats] h=[8,8] k=[-9,-9] l=[5,6] hit_rate=144/144 (100.00%)
auto-selected 1-fold oversampling
[HKL stats] h=[0,0] k=[-10,-10] l=[2,2] hit_rate=144/144 (100.00%)
auto-selected 1-fold oversampling
[HKL stats] h=[-10,-9] k=[-10,-10] l=[5,5] hit_rate=144/144 (100.00%)
auto-selected 1-fold oversampling
[HKL stats] h=[5,5] k=[-11,-10] l=[4,4] hit_rate=144/144 (100.00%)
auto-selected 1-fold oversampling
[HKL stats] h=[-9,-9] k=[-11,-11] l=[5,5] hit_rate=144/144 (100.00%)
auto-selected 1-fold oversampling
[HKL stats] h=[-3,-2] k=[-13,-13] l=[3,3] hit_rate=144/144 (100.00%)
auto-selected 1-fold oversampling
[HKL stats] h=[3,3] k=[-12,-12] l=[4,4] hit_rate=144/144 (100.00%)
auto-selected 1-fold oversampling
[HKL stats] h=[3,3] k=[-13,-13] l=[4,5] hit_rate=144/144 (100.00%)
auto-selected 1-fold oversampling
[HKL stats] h=[3,3] k=[-14,-14] l=[5,5] hit_rate=144/144 (100.00%)
auto-selected 1-fold oversampling
[HKL stats] h=[3,3] k=[-15,-15] l=[6,6] hit_rate=144/144 (100.00%)
auto-selected 1-fold oversampling
[HKL stats] h=[-3,-3] k=[-18,-18] l=[5,5] hit_rate=144/144 (100.00%)
auto-selected 1-fold oversampling
[HKL stats] h=[-7,-7] k=[-18,-18] l=[7,7] hit_rate=144/144 (100.00%)
auto-selected 1-fold oversampling
[HKL stats] h=[-2,-2] k=[-19,-19] l=[6,6] hit_rate=144/144 (100.00%)
auto-selected 1-fold oversampling
[HKL stats] h=[9,9] k=[-16,-16] l=[11,11] hit_rate=144/144 (100.00%)
auto-selected 1-fold oversampling
[HKL stats] h=[-1,-0] k=[-19,-19] l=[6,7] hit_rate=144/144 (100.00%)
auto-selected 1-fold oversampling
[HKL stats] h=[4,4] k=[-18,-18] l=[8,8] hit_rate=144/144 (100.00%)
auto-selected 1-fold oversampling
[HKL stats] h=[-4,-4] k=[-20,-20] l=[7,7] hit_rate=144/144 (100.00%)
auto-selected 1-fold oversampling
[HKL stats] h=[-8,-8] k=[-20,-20] l=[8,8] hit_rate=144/144 (100.00%)
auto-selected 1-fold oversampling
[HKL stats] h=[4,5] k=[-19,-19] l=[10,10] hit_rate=144/144 (100.00%)
auto-selected 1-fold oversampling
[HKL stats] h=[7,7] k=[-19,-18] l=[11,11] hit_rate=144/144 (100.00%)
auto-selected 1-fold oversampling
[HKL stats] h=[-10,-10] k=[-20,-20] l=[10,10] hit_rate=144/144 (100.00%)
auto-selected 1-fold oversampling
[HKL stats] h=[5,5] k=[-20,-20] l=[11,11] hit_rate=144/144 (100.00%)
auto-selected 1-fold oversampling
[HKL stats] h=[-11,-10] k=[-21,-21] l=[11,12] hit_rate=144/144 (100.00%)
auto-selected 1-fold oversampling
[HKL stats] h=[2,2] k=[-22,-22] l=[10,11] hit_rate=144/144 (100.00%)
auto-selected 1-fold oversampling
[HKL stats] h=[1,1] k=[21,21] l=[11,11] hit_rate=144/144 (100.00%)
auto-selected 1-fold oversampling
[HKL stats] h=[4,4] k=[16,16] l=[4,5] hit_rate=144/144 (100.00%)
auto-selected 1-fold oversampling
[HKL stats] h=[6,7] k=[11,12] l=[2,2] hit_rate=144/144 (100.00%)
auto-selected 1-fold oversampling
[HKL stats] h=[11,11] k=[10,10] l=[3,3] hit_rate=144/144 (100.00%)
auto-selected 1-fold oversampling
[HKL stats] h=[-5,-5] k=[5,6] l=[2,2] hit_rate=144/144 (100.00%)
auto-selected 1-fold oversampling
[HKL stats] h=[-8,-8] k=[3,3] l=[3,3] hit_rate=144/144 (100.00%)
auto-selected 1-fold oversampling
[HKL stats] h=[-13,-12] k=[2,2] l=[7,7] hit_rate=144/144 (100.00%)
auto-selected 1-fold oversampling
[HKL stats] h=[-1,-1] k=[2,2] l=[0,0] hit_rate=144/144 (100.00%)
auto-selected 1-fold oversampling
[HKL stats] h=[-13,-13] k=[-4,-4] l=[5,5] hit_rate=144/144 (100.00%)
auto-selected 1-fold oversampling
[HKL stats] h=[-15,-15] k=[-7,-7] l=[8,8] hit_rate=144/144 (100.00%)
auto-selected 1-fold oversampling
[HKL stats] h=[-12,-12] k=[-11,-11] l=[5,5] hit_rate=144/144 (100.00%)
auto-selected 1-fold oversampling
[HKL stats] h=[5,5] k=[-18,-18] l=[8,8] hit_rate=144/144 (100.00%)
auto-selected 1-fold oversampling
[HKL stats] h=[7,7] k=[-20,-20] l=[11,11] hit_rate=144/144 (100.00%)
auto-selected 1-fold oversampling
[HKL stats] h=[1,1] k=[21,22] l=[11,11] hit_rate=144/144 (100.00%)
auto-selected 1-fold oversampling
[HKL stats] h=[3,4] k=[16,16] l=[4,5] hit_rate=144/144 (100.00%)
auto-selected 1-fold oversampling
[HKL stats] h=[6,6] k=[12,12] l=[2,2] hit_rate=144/144 (100.00%)
auto-selected 1-fold oversampling
[HKL stats] h=[10,10] k=[10,10] l=[3,3] hit_rate=144/144 (100.00%)
auto-selected 1-fold oversampling
[HKL stats] h=[-4,-4] k=[5,6] l=[2,2] hit_rate=144/144 (100.00%)
auto-selected 1-fold oversampling
[HKL stats] h=[-7,-7] k=[3,3] l=[3,3] hit_rate=144/144 (100.00%)
auto-selected 1-fold oversampling
[HKL stats] h=[-11,-11] k=[2,2] l=[7,7] hit_rate=144/144 (100.00%)
auto-selected 1-fold oversampling
[HKL stats] h=[-1,-1] k=[2,2] l=[0,0] hit_rate=144/144 (100.00%)
auto-selected 1-fold oversampling
[HKL stats] h=[-12,-11] k=[-4,-4] l=[5,5] hit_rate=144/144 (100.00%)
auto-selected 1-fold oversampling
[HKL stats] h=[-14,-14] k=[-8,-7] l=[8,8] hit_rate=144/144 (100.00%)
auto-selected 1-fold oversampling
[HKL stats] h=[-11,-11] k=[-11,-11] l=[5,5] hit_rate=144/144 (100.00%)
auto-selected 1-fold oversampling
[HKL stats] h=[4,5] k=[-18,-18] l=[8,8] hit_rate=144/144 (100.00%)
auto-selected 1-fold oversampling
[HKL stats] h=[6,6] k=[-20,-20] l=[11,11] hit_rate=144/144 (100.00%)
auto-selected 1-fold oversampling
[HKL stats] h=[1,1] k=[21,21] l=[11,11] hit_rate=144/144 (100.00%)
auto-selected 1-fold oversampling
[HKL stats] h=[4,4] k=[16,16] l=[4,5] hit_rate=144/144 (100.00%)
auto-selected 1-fold oversampling
[HKL stats] h=[6,7] k=[11,12] l=[2,2] hit_rate=144/144 (100.00%)
auto-selected 1-fold oversampling
[HKL stats] h=[11,11] k=[10,10] l=[3,3] hit_rate=144/144 (100.00%)
auto-selected 1-fold oversampling
[HKL stats] h=[-5,-5] k=[5,6] l=[2,2] hit_rate=144/144 (100.00%)
auto-selected 1-fold oversampling
[HKL stats] h=[-8,-8] k=[3,3] l=[3,3] hit_rate=144/144 (100.00%)
auto-selected 1-fold oversampling
[HKL stats] h=[-12,-12] k=[2,2] l=[7,7] hit_rate=144/144 (100.00%)
auto-selected 1-fold oversampling
[HKL stats] h=[-1,-1] k=[2,2] l=[0,0] hit_rate=144/144 (100.00%)
auto-selected 1-fold oversampling
[HKL stats] h=[-13,-13] k=[-4,-4] l=[5,5] hit_rate=144/144 (100.00%)
auto-selected 1-fold oversampling
[HKL stats] h=[-15,-15] k=[-7,-7] l=[8,8] hit_rate=144/144 (100.00%)
auto-selected 1-fold oversampling
[HKL stats] h=[-12,-12] k=[-11,-11] l=[5,5] hit_rate=144/144 (100.00%)
auto-selected 1-fold oversampling
[HKL stats] h=[5,5] k=[-18,-18] l=[8,8] hit_rate=144/144 (100.00%)
auto-selected 1-fold oversampling
[HKL stats] h=[7,7] k=[-20,-20] l=[11,11] hit_rate=144/144 (100.00%)
auto-selected 1-fold oversampling
[HKL stats] h=[1,1] k=[21,21] l=[11,11] hit_rate=144/144 (100.00%)
auto-selected 1-fold oversampling
[HKL stats] h=[4,4] k=[16,16] l=[4,5] hit_rate=144/144 (100.00%)
auto-selected 1-fold oversampling
[HKL stats] h=[6,7] k=[11,12] l=[2,2] hit_rate=144/144 (100.00%)
auto-selected 1-fold oversampling
[HKL stats] h=[11,11] k=[10,10] l=[3,3] hit_rate=144/144 (100.00%)
auto-selected 1-fold oversampling
[HKL stats] h=[-5,-5] k=[5,6] l=[2,2] hit_rate=144/144 (100.00%)
auto-selected 1-fold oversampling
[HKL stats] h=[-8,-8] k=[3,3] l=[3,3] hit_rate=144/144 (100.00%)
auto-selected 1-fold oversampling
[HKL stats] h=[-13,-12] k=[2,2] l=[7,7] hit_rate=144/144 (100.00%)
auto-selected 1-fold oversampling
[HKL stats] h=[-1,-1] k=[2,2] l=[0,0] hit_rate=144/144 (100.00%)
auto-selected 1-fold oversampling
[HKL stats] h=[-13,-13] k=[-4,-4] l=[5,5] hit_rate=144/144 (100.00%)
auto-selected 1-fold oversampling
[HKL stats] h=[-15,-15] k=[-7,-7] l=[8,8] hit_rate=144/144 (100.00%)
auto-selected 1-fold oversampling
[HKL stats] h=[-12,-12] k=[-11,-11] l=[5,5] hit_rate=144/144 (100.00%)
auto-selected 1-fold oversampling
[HKL stats] h=[5,5] k=[-18,-18] l=[8,8] hit_rate=144/144 (100.00%)
auto-selected 1-fold oversampling
[HKL stats] h=[7,7] k=[-20,-20] l=[11,11] hit_rate=144/144 (100.00%)
auto-selected 1-fold oversampling
[HKL stats] h=[1,1] k=[21,21] l=[11,11] hit_rate=144/144 (100.00%)
auto-selected 1-fold oversampling
[HKL stats] h=[4,4] k=[16,16] l=[4,5] hit_rate=144/144 (100.00%)
auto-selected 1-fold oversampling
[HKL stats] h=[6,7] k=[11,12] l=[2,2] hit_rate=144/144 (100.00%)
auto-selected 1-fold oversampling
[HKL stats] h=[11,11] k=[10,10] l=[3,3] hit_rate=144/144 (100.00%)
auto-selected 1-fold oversampling
[HKL stats] h=[-5,-5] k=[5,6] l=[2,2] hit_rate=144/144 (100.00%)
auto-selected 1-fold oversampling
[HKL stats] h=[-8,-8] k=[3,3] l=[3,3] hit_rate=144/144 (100.00%)
auto-selected 1-fold oversampling
[HKL stats] h=[-12,-12] k=[2,2] l=[7,7] hit_rate=144/144 (100.00%)
auto-selected 1-fold oversampling
[HKL stats] h=[-1,-1] k=[2,2] l=[0,0] hit_rate=144/144 (100.00%)
auto-selected 1-fold oversampling
[HKL stats] h=[-13,-13] k=[-4,-4] l=[5,5] hit_rate=144/144 (100.00%)
auto-selected 1-fold oversampling
[HKL stats] h=[-15,-15] k=[-7,-7] l=[8,8] hit_rate=144/144 (100.00%)
auto-selected 1-fold oversampling
[HKL stats] h=[-12,-12] k=[-11,-11] l=[5,5] hit_rate=144/144 (100.00%)
auto-selected 1-fold oversampling
[HKL stats] h=[5,5] k=[-18,-18] l=[8,8] hit_rate=144/144 (100.00%)
auto-selected 1-fold oversampling
[HKL stats] h=[7,7] k=[-20,-20] l=[11,11] hit_rate=144/144 (100.00%)
auto-selected 1-fold oversampling
[HKL stats] h=[1,1] k=[21,21] l=[11,11] hit_rate=144/144 (100.00%)
auto-selected 1-fold oversampling
[HKL stats] h=[-1,-1] k=[20,21] l=[11,11] hit_rate=144/144 (100.00%)
auto-selected 1-fold oversampling
[HKL stats] h=[7,7] k=[22,22] l=[9,9] hit_rate=144/144 (100.00%)
auto-selected 1-fold oversampling
[HKL stats] h=[9,9] k=[21,22] l=[8,8] hit_rate=144/144 (100.00%)
auto-selected 1-fold oversampling
[HKL stats] h=[-6,-6] k=[16,16] l=[11,11] hit_rate=144/144 (100.00%)
auto-selected 1-fold oversampling
[HKL stats] h=[-2,-1] k=[16,16] l=[7,7] hit_rate=144/144 (100.00%)
auto-selected 1-fold oversampling
[HKL stats] h=[15,15] k=[16,16] l=[7,7] hit_rate=144/144 (100.00%)
auto-selected 1-fold oversampling
[HKL stats] h=[-4,-3] k=[15,16] l=[8,8] hit_rate=144/144 (100.00%)
auto-selected 1-fold oversampling
[HKL stats] h=[5,5] k=[17,17] l=[5,5] hit_rate=144/144 (100.00%)
auto-selected 1-fold oversampling
[HKL stats] h=[7,7] k=[17,17] l=[5,5] hit_rate=144/144 (100.00%)
auto-selected 1-fold oversampling
[HKL stats] h=[4,4] k=[16,16] l=[4,5] hit_rate=144/144 (100.00%)
auto-selected 1-fold oversampling
[HKL stats] h=[9,9] k=[16,16] l=[4,4] hit_rate=144/144 (100.00%)
auto-selected 1-fold oversampling
[HKL stats] h=[0,0] k=[15,15] l=[5,5] hit_rate=144/144 (100.00%)
auto-selected 1-fold oversampling
[HKL stats] h=[2,3] k=[15,15] l=[4,4] hit_rate=144/144 (100.00%)
auto-selected 1-fold oversampling
[HKL stats] h=[14,14] k=[14,14] l=[5,5] hit_rate=144/144 (100.00%)
auto-selected 1-fold oversampling
[HKL stats] h=[5,5] k=[14,14] l=[3,3] hit_rate=144/144 (100.00%)
auto-selected 1-fold oversampling
[HKL stats] h=[14,15] k=[12,12] l=[5,5] hit_rate=144/144 (100.00%)
auto-selected 1-fold oversampling
[HKL stats] h=[2,3] k=[13,13] l=[3,3] hit_rate=144/144 (100.00%)
auto-selected 1-fold oversampling
[HKL stats] h=[10,11] k=[12,12] l=[3,4] hit_rate=144/144 (100.00%)
auto-selected 1-fold oversampling
[HKL stats] h=[9,9] k=[12,13] l=[3,3] hit_rate=144/144 (100.00%)
auto-selected 1-fold oversampling
[HKL stats] h=[-10,-10] k=[10,10] l=[9,9] hit_rate=144/144 (100.00%)
auto-selected 1-fold oversampling
[HKL stats] h=[11,11] k=[11,11] l=[3,3] hit_rate=144/144 (100.00%)
auto-selected 1-fold oversampling
[HKL stats] h=[6,7] k=[11,12] l=[2,2] hit_rate=144/144 (100.00%)
auto-selected 1-fold oversampling
[HKL stats] h=[-0,-0] k=[11,11] l=[3,3] hit_rate=144/144 (100.00%)
auto-selected 1-fold oversampling
[HKL stats] h=[-5,-4] k=[10,11] l=[4,4] hit_rate=144/144 (100.00%)
auto-selected 1-fold oversampling
[HKL stats] h=[-7,-7] k=[10,10] l=[6,6] hit_rate=144/144 (100.00%)
auto-selected 1-fold oversampling
[HKL stats] h=[11,11] k=[10,10] l=[3,3] hit_rate=144/144 (100.00%)
auto-selected 1-fold oversampling
[HKL stats] h=[0,1] k=[10,10] l=[2,2] hit_rate=144/144 (100.00%)
auto-selected 1-fold oversampling
[HKL stats] h=[5,5] k=[9,9] l=[1,1] hit_rate=144/144 (100.00%)
auto-selected 1-fold oversampling
[HKL stats] h=[-7,-7] k=[8,8] l=[4,5] hit_rate=144/144 (100.00%)
auto-selected 1-fold oversampling
[HKL stats] h=[11,11] k=[7,7] l=[3,3] hit_rate=144/144 (100.00%)
auto-selected 1-fold oversampling
[HKL stats] h=[4,4] k=[7,7] l=[1,1] hit_rate=144/144 (100.00%)
auto-selected 1-fold oversampling
[HKL stats] h=[-1,-1] k=[6,6] l=[1,1] hit_rate=144/144 (100.00%)
auto-selected 1-fold oversampling
[HKL stats] h=[1,1] k=[6,6] l=[1,1] hit_rate=144/144 (100.00%)
auto-selected 1-fold oversampling
[HKL stats] h=[4,5] k=[6,6] l=[1,1] hit_rate=144/144 (100.00%)
auto-selected 1-fold oversampling
[HKL stats] h=[-5,-5] k=[5,6] l=[2,2] hit_rate=144/144 (100.00%)
auto-selected 1-fold oversampling
[HKL stats] h=[-13,-13] k=[4,4] l=[9,9] hit_rate=144/144 (100.00%)
auto-selected 1-fold oversampling
[HKL stats] h=[-3,-2] k=[5,5] l=[1,1] hit_rate=144/144 (100.00%)
auto-selected 1-fold oversampling
[HKL stats] h=[-4,-4] k=[4,4] l=[1,1] hit_rate=144/144 (100.00%)
auto-selected 1-fold oversampling
[HKL stats] h=[-8,-8] k=[3,3] l=[3,3] hit_rate=144/144 (100.00%)
auto-selected 1-fold oversampling
[HKL stats] h=[-12,-12] k=[2,2] l=[7,7] hit_rate=144/144 (100.00%)
auto-selected 1-fold oversampling
[HKL stats] h=[-12,-11] k=[2,2] l=[6,6] hit_rate=144/144 (100.00%)
auto-selected 1-fold oversampling
[HKL stats] h=[-11,-11] k=[2,2] l=[5,5] hit_rate=144/144 (100.00%)
auto-selected 1-fold oversampling
[HKL stats] h=[14,14] k=[2,2] l=[5,5] hit_rate=144/144 (100.00%)
auto-selected 1-fold oversampling
[HKL stats] h=[-1,-1] k=[2,2] l=[0,0] hit_rate=144/144 (100.00%)
auto-selected 1-fold oversampling
[HKL stats] h=[7,8] k=[-2,-1] l=[2,2] hit_rate=144/144 (100.00%)
auto-selected 1-fold oversampling
[HKL stats] h=[-1,-1] k=[-2,-2] l=[0,0] hit_rate=144/144 (100.00%)
auto-selected 1-fold oversampling
[HKL stats] h=[12,13] k=[-2,-2] l=[4,5] hit_rate=144/144 (100.00%)
auto-selected 1-fold oversampling
[HKL stats] h=[4,4] k=[-2,-2] l=[1,1] hit_rate=144/144 (100.00%)
auto-selected 1-fold oversampling
[HKL stats] h=[-7,-7] k=[-3,-2] l=[1,1] hit_rate=144/144 (100.00%)
auto-selected 1-fold oversampling
[HKL stats] h=[-3,-3] k=[-3,-3] l=[0,0] hit_rate=144/144 (100.00%)
auto-selected 1-fold oversampling
[HKL stats] h=[11,12] k=[-3,-2] l=[4,4] hit_rate=144/144 (100.00%)
auto-selected 1-fold oversampling
[HKL stats] h=[2,3] k=[-4,-4] l=[1,1] hit_rate=144/144 (100.00%)
auto-selected 1-fold oversampling
[HKL stats] h=[4,4] k=[-4,-4] l=[1,1] hit_rate=144/144 (100.00%)
auto-selected 1-fold oversampling
[HKL stats] h=[-9,-8] k=[-4,-4] l=[2,2] hit_rate=144/144 (100.00%)
auto-selected 1-fold oversampling
[HKL stats] h=[-13,-13] k=[-4,-4] l=[5,5] hit_rate=144/144 (100.00%)
auto-selected 1-fold oversampling
[HKL stats] h=[-15,-15] k=[-4,-3] l=[8,8] hit_rate=144/144 (100.00%)
auto-selected 1-fold oversampling
[HKL stats] h=[-11,-10] k=[-6,-6] l=[3,3] hit_rate=144/144 (100.00%)
auto-selected 1-fold oversampling
[HKL stats] h=[-4,-3] k=[-7,-7] l=[1,1] hit_rate=144/144 (100.00%)
auto-selected 1-fold oversampling
[HKL stats] h=[-0,-0] k=[-7,-7] l=[1,1] hit_rate=144/144 (100.00%)
auto-selected 1-fold oversampling
[HKL stats] h=[-7,-7] k=[-7,-7] l=[2,2] hit_rate=144/144 (100.00%)
auto-selected 1-fold oversampling
[HKL stats] h=[11,12] k=[-7,-6] l=[5,6] hit_rate=144/144 (100.00%)
auto-selected 1-fold oversampling
[HKL stats] h=[-2,-2] k=[-8,-8] l=[1,1] hit_rate=144/144 (100.00%)
auto-selected 1-fold oversampling
[HKL stats] h=[-5,-5] k=[-9,-8] l=[1,1] hit_rate=144/144 (100.00%)
auto-selected 1-fold oversampling
[HKL stats] h=[-14,-14] k=[-8,-7] l=[6,7] hit_rate=144/144 (100.00%)
auto-selected 1-fold oversampling
[HKL stats] h=[-14,-14] k=[-8,-7] l=[7,7] hit_rate=144/144 (100.00%)
auto-selected 1-fold oversampling
[HKL stats] h=[-15,-15] k=[-8,-7] l=[8,8] hit_rate=144/144 (100.00%)
auto-selected 1-fold oversampling
[HKL stats] h=[-15,-15] k=[-7,-7] l=[8,8] hit_rate=144/144 (100.00%)
auto-selected 1-fold oversampling
[HKL stats] h=[10,11] k=[-9,-8] l=[6,6] hit_rate=144/144 (100.00%)
auto-selected 1-fold oversampling
[HKL stats] h=[0,0] k=[-10,-10] l=[2,2] hit_rate=144/144 (100.00%)
auto-selected 1-fold oversampling
[HKL stats] h=[-12,-12] k=[-10,-10] l=[5,5] hit_rate=144/144 (100.00%)
auto-selected 1-fold oversampling
[HKL stats] h=[7,7] k=[-10,-10] l=[4,4] hit_rate=144/144 (100.00%)
auto-selected 1-fold oversampling
[HKL stats] h=[-12,-12] k=[-11,-11] l=[5,5] hit_rate=144/144 (100.00%)
auto-selected 1-fold oversampling
[HKL stats] h=[-3,-3] k=[-13,-12] l=[3,3] hit_rate=144/144 (100.00%)
auto-selected 1-fold oversampling
[HKL stats] h=[4,4] k=[-12,-12] l=[4,4] hit_rate=144/144 (100.00%)
auto-selected 1-fold oversampling
[HKL stats] h=[4,4] k=[-13,-13] l=[4,5] hit_rate=144/144 (100.00%)
auto-selected 1-fold oversampling
[HKL stats] h=[4,4] k=[-14,-14] l=[5,5] hit_rate=144/144 (100.00%)
auto-selected 1-fold oversampling
[HKL stats] h=[4,4] k=[-15,-15] l=[6,6] hit_rate=144/144 (100.00%)
auto-selected 1-fold oversampling
[HKL stats] h=[-4,-3] k=[-17,-17] l=[5,5] hit_rate=144/144 (100.00%)
auto-selected 1-fold oversampling
[HKL stats] h=[-9,-9] k=[-18,-18] l=[7,7] hit_rate=144/144 (100.00%)
auto-selected 1-fold oversampling
[HKL stats] h=[-2,-2] k=[-18,-18] l=[6,6] hit_rate=144/144 (100.00%)
auto-selected 1-fold oversampling
[HKL stats] h=[12,12] k=[-15,-15] l=[11,11] hit_rate=0/144 (0.00%)
auto-selected 1-fold oversampling
[HKL stats] h=[-1,-0] k=[-19,-18] l=[7,7] hit_rate=144/144 (100.00%)
auto-selected 1-fold oversampling
[HKL stats] h=[5,5] k=[-18,-18] l=[8,8] hit_rate=144/144 (100.00%)
auto-selected 1-fold oversampling
[HKL stats] h=[-6,-5] k=[-19,-19] l=[7,7] hit_rate=144/144 (100.00%)
auto-selected 1-fold oversampling
[HKL stats] h=[-10,-10] k=[-20,-20] l=[8,8] hit_rate=144/144 (100.00%)
auto-selected 1-fold oversampling
[HKL stats] h=[6,6] k=[-19,-19] l=[10,10] hit_rate=144/144 (100.00%)
auto-selected 1-fold oversampling
[HKL stats] h=[9,9] k=[-18,-18] l=[11,12] hit_rate=144/144 (100.00%)
auto-selected 1-fold oversampling
[HKL stats] h=[-13,-12] k=[-19,-19] l=[10,10] hit_rate=144/144 (100.00%)
auto-selected 1-fold oversampling
[HKL stats] h=[7,7] k=[-20,-20] l=[11,11] hit_rate=144/144 (100.00%)
auto-selected 1-fold oversampling
[HKL stats] h=[-14,-13] k=[-20,-20] l=[11,12] hit_rate=144/144 (100.00%)
auto-selected 1-fold oversampling
[HKL stats] h=[3,3] k=[-22,-21] l=[10,11] hit_rate=144/144 (100.00%)
auto-selected 1-fold oversampling
[HKL stats] h=[1,1] k=[21,21] l=[11,11] hit_rate=144/144 (100.00%)
auto-selected 1-fold oversampling
[HKL stats] h=[4,4] k=[16,16] l=[4,5] hit_rate=144/144 (100.00%)
auto-selected 1-fold oversampling
[HKL stats] h=[6,7] k=[11,12] l=[2,2] hit_rate=144/144 (100.00%)
auto-selected 1-fold oversampling
[HKL stats] h=[11,11] k=[10,10] l=[3,3] hit_rate=144/144 (100.00%)
auto-selected 1-fold oversampling
[HKL stats] h=[-5,-5] k=[5,6] l=[2,2] hit_rate=144/144 (100.00%)
auto-selected 1-fold oversampling
[HKL stats] h=[-8,-8] k=[3,3] l=[3,3] hit_rate=144/144 (100.00%)
auto-selected 1-fold oversampling
[HKL stats] h=[-12,-12] k=[2,2] l=[7,7] hit_rate=144/144 (100.00%)
auto-selected 1-fold oversampling
[HKL stats] h=[-1,-1] k=[2,2] l=[0,0] hit_rate=144/144 (100.00%)
auto-selected 1-fold oversampling
[HKL stats] h=[-13,-13] k=[-4,-4] l=[5,5] hit_rate=144/144 (100.00%)
auto-selected 1-fold oversampling
[HKL stats] h=[-15,-15] k=[-7,-7] l=[8,8] hit_rate=144/144 (100.00%)
auto-selected 1-fold oversampling
[HKL stats] h=[-12,-12] k=[-11,-11] l=[5,5] hit_rate=144/144 (100.00%)
auto-selected 1-fold oversampling
[HKL stats] h=[5,5] k=[-18,-18] l=[8,8] hit_rate=144/144 (100.00%)
auto-selected 1-fold oversampling
[HKL stats] h=[7,7] k=[-20,-20] l=[11,11] hit_rate=144/144 (100.00%)
auto-selected 1-fold oversampling
[HKL stats] h=[1,1] k=[21,21] l=[11,11] hit_rate=144/144 (100.00%)
auto-selected 1-fold oversampling
[HKL stats] h=[4,4] k=[16,16] l=[4,5] hit_rate=144/144 (100.00%)
auto-selected 1-fold oversampling
[HKL stats] h=[6,7] k=[11,12] l=[2,2] hit_rate=144/144 (100.00%)
auto-selected 1-fold oversampling
[HKL stats] h=[11,11] k=[10,10] l=[3,3] hit_rate=144/144 (100.00%)
auto-selected 1-fold oversampling
[HKL stats] h=[-5,-5] k=[5,6] l=[2,2] hit_rate=144/144 (100.00%)
auto-selected 1-fold oversampling
[HKL stats] h=[-8,-8] k=[3,3] l=[3,3] hit_rate=144/144 (100.00%)
auto-selected 1-fold oversampling
[HKL stats] h=[-12,-12] k=[2,2] l=[7,7] hit_rate=144/144 (100.00%)
auto-selected 1-fold oversampling
[HKL stats] h=[-1,-1] k=[2,2] l=[0,0] hit_rate=144/144 (100.00%)
auto-selected 1-fold oversampling
[HKL stats] h=[-13,-13] k=[-4,-4] l=[5,5] hit_rate=144/144 (100.00%)
auto-selected 1-fold oversampling
[HKL stats] h=[-15,-15] k=[-7,-7] l=[8,8] hit_rate=144/144 (100.00%)
auto-selected 1-fold oversampling
[HKL stats] h=[-12,-12] k=[-11,-11] l=[5,5] hit_rate=144/144 (100.00%)
auto-selected 1-fold oversampling
[HKL stats] h=[5,5] k=[-18,-18] l=[8,8] hit_rate=144/144 (100.00%)
auto-selected 1-fold oversampling
[HKL stats] h=[7,7] k=[-20,-20] l=[11,11] hit_rate=144/144 (100.00%)
auto-selected 1-fold oversampling
[HKL stats] h=[1,1] k=[21,21] l=[11,11] hit_rate=144/144 (100.00%)
auto-selected 1-fold oversampling
[HKL stats] h=[4,4] k=[16,16] l=[4,5] hit_rate=144/144 (100.00%)
auto-selected 1-fold oversampling
[HKL stats] h=[6,7] k=[11,12] l=[2,2] hit_rate=144/144 (100.00%)
auto-selected 1-fold oversampling
[HKL stats] h=[11,11] k=[10,10] l=[3,3] hit_rate=144/144 (100.00%)
auto-selected 1-fold oversampling
[HKL stats] h=[-5,-5] k=[5,6] l=[2,2] hit_rate=144/144 (100.00%)
auto-selected 1-fold oversampling
[HKL stats] h=[-8,-8] k=[3,3] l=[3,3] hit_rate=144/144 (100.00%)
auto-selected 1-fold oversampling
[HKL stats] h=[-12,-12] k=[2,2] l=[7,7] hit_rate=144/144 (100.00%)
auto-selected 1-fold oversampling
[HKL stats] h=[-1,-1] k=[2,2] l=[0,0] hit_rate=144/144 (100.00%)
auto-selected 1-fold oversampling
[HKL stats] h=[-13,-13] k=[-4,-4] l=[5,5] hit_rate=144/144 (100.00%)
auto-selected 1-fold oversampling
[HKL stats] h=[-15,-15] k=[-7,-7] l=[8,8] hit_rate=144/144 (100.00%)
auto-selected 1-fold oversampling
[HKL stats] h=[-12,-12] k=[-11,-11] l=[5,5] hit_rate=144/144 (100.00%)
auto-selected 1-fold oversampling
[HKL stats] h=[5,5] k=[-18,-18] l=[8,8] hit_rate=144/144 (100.00%)
auto-selected 1-fold oversampling
[HKL stats] h=[7,7] k=[-20,-20] l=[11,11] hit_rate=144/144 (100.00%)
auto-selected 1-fold oversampling
[HKL stats] h=[1,1] k=[21,21] l=[11,11] hit_rate=144/144 (100.00%)
auto-selected 1-fold oversampling
[HKL stats] h=[4,4] k=[16,16] l=[4,5] hit_rate=144/144 (100.00%)
auto-selected 1-fold oversampling
[HKL stats] h=[6,7] k=[11,12] l=[2,2] hit_rate=144/144 (100.00%)
auto-selected 1-fold oversampling
[HKL stats] h=[11,11] k=[10,10] l=[3,3] hit_rate=144/144 (100.00%)
auto-selected 1-fold oversampling
[HKL stats] h=[-5,-5] k=[5,6] l=[2,2] hit_rate=144/144 (100.00%)
auto-selected 1-fold oversampling
[HKL stats] h=[-8,-8] k=[3,3] l=[3,3] hit_rate=144/144 (100.00%)
auto-selected 1-fold oversampling
[HKL stats] h=[-12,-12] k=[2,2] l=[7,7] hit_rate=144/144 (100.00%)
auto-selected 1-fold oversampling
[HKL stats] h=[-1,-1] k=[2,2] l=[0,0] hit_rate=144/144 (100.00%)
auto-selected 1-fold oversampling
[HKL stats] h=[-13,-13] k=[-4,-4] l=[5,5] hit_rate=144/144 (100.00%)
auto-selected 1-fold oversampling
[HKL stats] h=[-15,-15] k=[-7,-7] l=[8,8] hit_rate=144/144 (100.00%)
auto-selected 1-fold oversampling
[HKL stats] h=[-12,-12] k=[-11,-11] l=[5,5] hit_rate=144/144 (100.00%)
auto-selected 1-fold oversampling
[HKL stats] h=[5,5] k=[-18,-18] l=[8,8] hit_rate=144/144 (100.00%)
auto-selected 1-fold oversampling
[HKL stats] h=[7,7] k=[-20,-20] l=[11,11] hit_rate=144/144 (100.00%)
auto-selected 1-fold oversampling
[HKL stats] h=[1,1] k=[21,21] l=[11,11] hit_rate=144/144 (100.00%)
auto-selected 1-fold oversampling
[HKL stats] h=[4,4] k=[16,16] l=[4,5] hit_rate=144/144 (100.00%)
auto-selected 1-fold oversampling
[HKL stats] h=[6,7] k=[11,12] l=[2,2] hit_rate=144/144 (100.00%)
auto-selected 1-fold oversampling
[HKL stats] h=[11,11] k=[10,10] l=[3,3] hit_rate=144/144 (100.00%)
auto-selected 1-fold oversampling
[HKL stats] h=[-5,-5] k=[5,6] l=[2,2] hit_rate=144/144 (100.00%)
auto-selected 1-fold oversampling
[HKL stats] h=[-8,-8] k=[3,3] l=[3,3] hit_rate=144/144 (100.00%)
auto-selected 1-fold oversampling
[HKL stats] h=[-12,-12] k=[2,2] l=[7,7] hit_rate=144/144 (100.00%)
auto-selected 1-fold oversampling
[HKL stats] h=[-1,-1] k=[2,2] l=[0,0] hit_rate=144/144 (100.00%)
auto-selected 1-fold oversampling
[HKL stats] h=[-13,-13] k=[-4,-4] l=[5,5] hit_rate=144/144 (100.00%)
auto-selected 1-fold oversampling
[HKL stats] h=[-15,-15] k=[-7,-7] l=[8,8] hit_rate=144/144 (100.00%)
auto-selected 1-fold oversampling
[HKL stats] h=[-12,-12] k=[-11,-11] l=[5,5] hit_rate=144/144 (100.00%)
auto-selected 1-fold oversampling
[HKL stats] h=[5,5] k=[-18,-18] l=[8,8] hit_rate=144/144 (100.00%)
auto-selected 1-fold oversampling
[HKL stats] h=[7,7] k=[-20,-20] l=[11,11] hit_rate=144/144 (100.00%)
auto-selected 1-fold oversampling
[HKL stats] h=[1,1] k=[21,21] l=[11,11] hit_rate=144/144 (100.00%)
auto-selected 1-fold oversampling
[HKL stats] h=[-1,-1] k=[20,21] l=[11,11] hit_rate=144/144 (100.00%)
auto-selected 1-fold oversampling
[HKL stats] h=[7,7] k=[22,22] l=[9,9] hit_rate=144/144 (100.00%)
auto-selected 1-fold oversampling
[HKL stats] h=[9,9] k=[21,22] l=[8,8] hit_rate=144/144 (100.00%)
auto-selected 1-fold oversampling
[HKL stats] h=[-6,-6] k=[16,16] l=[11,11] hit_rate=144/144 (100.00%)
auto-selected 1-fold oversampling
[HKL stats] h=[-2,-1] k=[16,16] l=[7,7] hit_rate=144/144 (100.00%)
auto-selected 1-fold oversampling
[HKL stats] h=[15,15] k=[16,16] l=[7,7] hit_rate=144/144 (100.00%)
auto-selected 1-fold oversampling
[HKL stats] h=[-4,-3] k=[15,16] l=[8,8] hit_rate=144/144 (100.00%)
auto-selected 1-fold oversampling
[HKL stats] h=[5,5] k=[17,17] l=[5,5] hit_rate=144/144 (100.00%)
auto-selected 1-fold oversampling
[HKL stats] h=[7,7] k=[17,17] l=[5,5] hit_rate=144/144 (100.00%)
auto-selected 1-fold oversampling
[HKL stats] h=[4,4] k=[16,16] l=[4,5] hit_rate=144/144 (100.00%)
auto-selected 1-fold oversampling
[HKL stats] h=[9,9] k=[16,16] l=[4,4] hit_rate=144/144 (100.00%)
auto-selected 1-fold oversampling
[HKL stats] h=[0,0] k=[15,15] l=[5,5] hit_rate=144/144 (100.00%)
auto-selected 1-fold oversampling
[HKL stats] h=[2,3] k=[15,15] l=[4,4] hit_rate=144/144 (100.00%)
auto-selected 1-fold oversampling
[HKL stats] h=[14,14] k=[14,14] l=[5,5] hit_rate=144/144 (100.00%)
auto-selected 1-fold oversampling
[HKL stats] h=[5,5] k=[14,14] l=[3,3] hit_rate=144/144 (100.00%)
auto-selected 1-fold oversampling
[HKL stats] h=[14,15] k=[12,12] l=[5,5] hit_rate=144/144 (100.00%)
auto-selected 1-fold oversampling
[HKL stats] h=[2,3] k=[13,13] l=[3,3] hit_rate=144/144 (100.00%)
auto-selected 1-fold oversampling
[HKL stats] h=[10,11] k=[12,12] l=[3,4] hit_rate=144/144 (100.00%)
auto-selected 1-fold oversampling
[HKL stats] h=[9,9] k=[12,13] l=[3,3] hit_rate=144/144 (100.00%)
auto-selected 1-fold oversampling
[HKL stats] h=[-10,-10] k=[10,10] l=[9,9] hit_rate=144/144 (100.00%)
auto-selected 1-fold oversampling
[HKL stats] h=[11,11] k=[11,11] l=[3,3] hit_rate=144/144 (100.00%)
auto-selected 1-fold oversampling
[HKL stats] h=[6,7] k=[11,12] l=[2,2] hit_rate=144/144 (100.00%)
auto-selected 1-fold oversampling
[HKL stats] h=[-0,-0] k=[11,11] l=[3,3] hit_rate=144/144 (100.00%)
auto-selected 1-fold oversampling
[HKL stats] h=[-5,-4] k=[10,11] l=[4,4] hit_rate=144/144 (100.00%)
auto-selected 1-fold oversampling
[HKL stats] h=[-7,-7] k=[10,10] l=[6,6] hit_rate=144/144 (100.00%)
auto-selected 1-fold oversampling
[HKL stats] h=[11,11] k=[10,10] l=[3,3] hit_rate=144/144 (100.00%)
auto-selected 1-fold oversampling
[HKL stats] h=[0,1] k=[10,10] l=[2,2] hit_rate=144/144 (100.00%)
auto-selected 1-fold oversampling
[HKL stats] h=[5,5] k=[9,9] l=[1,1] hit_rate=144/144 (100.00%)
auto-selected 1-fold oversampling
[HKL stats] h=[-7,-7] k=[8,8] l=[4,5] hit_rate=144/144 (100.00%)
auto-selected 1-fold oversampling
[HKL stats] h=[11,11] k=[7,7] l=[3,3] hit_rate=144/144 (100.00%)
auto-selected 1-fold oversampling
[HKL stats] h=[4,4] k=[7,7] l=[1,1] hit_rate=144/144 (100.00%)
auto-selected 1-fold oversampling
[HKL stats] h=[-1,-1] k=[6,6] l=[1,1] hit_rate=144/144 (100.00%)
auto-selected 1-fold oversampling
[HKL stats] h=[1,1] k=[6,6] l=[1,1] hit_rate=144/144 (100.00%)
auto-selected 1-fold oversampling
[HKL stats] h=[4,5] k=[6,6] l=[1,1] hit_rate=144/144 (100.00%)
auto-selected 1-fold oversampling
[HKL stats] h=[-5,-5] k=[5,6] l=[2,2] hit_rate=144/144 (100.00%)
auto-selected 1-fold oversampling
[HKL stats] h=[-13,-13] k=[4,4] l=[9,9] hit_rate=144/144 (100.00%)
auto-selected 1-fold oversampling
[HKL stats] h=[-3,-2] k=[5,5] l=[1,1] hit_rate=144/144 (100.00%)
auto-selected 1-fold oversampling
[HKL stats] h=[-4,-4] k=[4,4] l=[1,1] hit_rate=144/144 (100.00%)
auto-selected 1-fold oversampling
[HKL stats] h=[-8,-8] k=[3,3] l=[3,3] hit_rate=144/144 (100.00%)
auto-selected 1-fold oversampling
[HKL stats] h=[-12,-12] k=[2,2] l=[7,7] hit_rate=144/144 (100.00%)
auto-selected 1-fold oversampling
[HKL stats] h=[-12,-11] k=[2,2] l=[6,6] hit_rate=144/144 (100.00%)
auto-selected 1-fold oversampling
[HKL stats] h=[-11,-11] k=[2,2] l=[5,5] hit_rate=144/144 (100.00%)
auto-selected 1-fold oversampling
[HKL stats] h=[14,14] k=[2,2] l=[5,5] hit_rate=144/144 (100.00%)
auto-selected 1-fold oversampling
[HKL stats] h=[-1,-1] k=[2,2] l=[0,0] hit_rate=144/144 (100.00%)
auto-selected 1-fold oversampling
[HKL stats] h=[7,8] k=[-2,-1] l=[2,2] hit_rate=144/144 (100.00%)
auto-selected 1-fold oversampling
[HKL stats] h=[-1,-1] k=[-2,-2] l=[0,0] hit_rate=144/144 (100.00%)
auto-selected 1-fold oversampling
[HKL stats] h=[12,13] k=[-2,-2] l=[4,5] hit_rate=144/144 (100.00%)
auto-selected 1-fold oversampling
[HKL stats] h=[4,4] k=[-2,-2] l=[1,1] hit_rate=144/144 (100.00%)
auto-selected 1-fold oversampling
[HKL stats] h=[-7,-7] k=[-3,-2] l=[1,1] hit_rate=144/144 (100.00%)
auto-selected 1-fold oversampling
[HKL stats] h=[-3,-3] k=[-3,-3] l=[0,0] hit_rate=144/144 (100.00%)
auto-selected 1-fold oversampling
[HKL stats] h=[11,12] k=[-3,-2] l=[4,4] hit_rate=144/144 (100.00%)
auto-selected 1-fold oversampling
[HKL stats] h=[2,3] k=[-4,-4] l=[1,1] hit_rate=144/144 (100.00%)
auto-selected 1-fold oversampling
[HKL stats] h=[4,4] k=[-4,-4] l=[1,1] hit_rate=144/144 (100.00%)
auto-selected 1-fold oversampling
[HKL stats] h=[-9,-8] k=[-4,-4] l=[2,2] hit_rate=144/144 (100.00%)
auto-selected 1-fold oversampling
[HKL stats] h=[-13,-13] k=[-4,-4] l=[5,5] hit_rate=144/144 (100.00%)
auto-selected 1-fold oversampling
[HKL stats] h=[-15,-15] k=[-4,-3] l=[8,8] hit_rate=144/144 (100.00%)
auto-selected 1-fold oversampling
[HKL stats] h=[-11,-10] k=[-6,-6] l=[3,3] hit_rate=144/144 (100.00%)
auto-selected 1-fold oversampling
[HKL stats] h=[-4,-3] k=[-7,-7] l=[1,1] hit_rate=144/144 (100.00%)
auto-selected 1-fold oversampling
[HKL stats] h=[-0,-0] k=[-7,-7] l=[1,1] hit_rate=144/144 (100.00%)
auto-selected 1-fold oversampling
[HKL stats] h=[-7,-7] k=[-7,-7] l=[2,2] hit_rate=144/144 (100.00%)
auto-selected 1-fold oversampling
[HKL stats] h=[11,12] k=[-7,-6] l=[5,6] hit_rate=144/144 (100.00%)
auto-selected 1-fold oversampling
[HKL stats] h=[-2,-2] k=[-8,-8] l=[1,1] hit_rate=144/144 (100.00%)
auto-selected 1-fold oversampling
[HKL stats] h=[-5,-5] k=[-9,-8] l=[1,1] hit_rate=144/144 (100.00%)
auto-selected 1-fold oversampling
[HKL stats] h=[-14,-14] k=[-8,-7] l=[6,7] hit_rate=144/144 (100.00%)
auto-selected 1-fold oversampling
[HKL stats] h=[-14,-14] k=[-8,-7] l=[7,7] hit_rate=144/144 (100.00%)
auto-selected 1-fold oversampling
[HKL stats] h=[-15,-15] k=[-8,-7] l=[8,8] hit_rate=144/144 (100.00%)
auto-selected 1-fold oversampling
[HKL stats] h=[-15,-15] k=[-7,-7] l=[8,8] hit_rate=144/144 (100.00%)
auto-selected 1-fold oversampling
[HKL stats] h=[10,11] k=[-9,-8] l=[6,6] hit_rate=144/144 (100.00%)
auto-selected 1-fold oversampling
[HKL stats] h=[0,0] k=[-10,-10] l=[2,2] hit_rate=144/144 (100.00%)
auto-selected 1-fold oversampling
[HKL stats] h=[-12,-12] k=[-10,-10] l=[5,5] hit_rate=144/144 (100.00%)
auto-selected 1-fold oversampling
[HKL stats] h=[7,7] k=[-10,-10] l=[4,4] hit_rate=144/144 (100.00%)
auto-selected 1-fold oversampling
[HKL stats] h=[-12,-12] k=[-11,-11] l=[5,5] hit_rate=144/144 (100.00%)
auto-selected 1-fold oversampling
[HKL stats] h=[-3,-3] k=[-13,-12] l=[3,3] hit_rate=144/144 (100.00%)
auto-selected 1-fold oversampling
[HKL stats] h=[4,4] k=[-12,-12] l=[4,4] hit_rate=144/144 (100.00%)
auto-selected 1-fold oversampling
[HKL stats] h=[4,4] k=[-13,-13] l=[4,5] hit_rate=144/144 (100.00%)
auto-selected 1-fold oversampling
[HKL stats] h=[4,4] k=[-14,-14] l=[5,5] hit_rate=144/144 (100.00%)
auto-selected 1-fold oversampling
[HKL stats] h=[4,4] k=[-15,-15] l=[6,6] hit_rate=144/144 (100.00%)
auto-selected 1-fold oversampling
[HKL stats] h=[-4,-3] k=[-17,-17] l=[5,5] hit_rate=144/144 (100.00%)
auto-selected 1-fold oversampling
[HKL stats] h=[-9,-9] k=[-18,-18] l=[7,7] hit_rate=144/144 (100.00%)
auto-selected 1-fold oversampling
[HKL stats] h=[-2,-2] k=[-18,-18] l=[6,6] hit_rate=144/144 (100.00%)
auto-selected 1-fold oversampling
[HKL stats] h=[12,12] k=[-15,-15] l=[11,11] hit_rate=0/144 (0.00%)
auto-selected 1-fold oversampling
[HKL stats] h=[-1,-0] k=[-19,-18] l=[7,7] hit_rate=144/144 (100.00%)
auto-selected 1-fold oversampling
[HKL stats] h=[5,5] k=[-18,-18] l=[8,8] hit_rate=144/144 (100.00%)
auto-selected 1-fold oversampling
[HKL stats] h=[-6,-5] k=[-19,-19] l=[7,7] hit_rate=144/144 (100.00%)
auto-selected 1-fold oversampling
[HKL stats] h=[-10,-10] k=[-20,-20] l=[8,8] hit_rate=144/144 (100.00%)
auto-selected 1-fold oversampling
[HKL stats] h=[6,6] k=[-19,-19] l=[10,10] hit_rate=144/144 (100.00%)
auto-selected 1-fold oversampling
[HKL stats] h=[9,9] k=[-18,-18] l=[11,12] hit_rate=144/144 (100.00%)
auto-selected 1-fold oversampling
[HKL stats] h=[-13,-12] k=[-19,-19] l=[10,10] hit_rate=144/144 (100.00%)
auto-selected 1-fold oversampling
[HKL stats] h=[7,7] k=[-20,-20] l=[11,11] hit_rate=144/144 (100.00%)
auto-selected 1-fold oversampling
[HKL stats] h=[-14,-13] k=[-20,-20] l=[11,12] hit_rate=144/144 (100.00%)
auto-selected 1-fold oversampling
[HKL stats] h=[3,3] k=[-22,-21] l=[10,11] hit_rate=144/144 (100.00%)
auto-selected 1-fold oversampling
[HKL stats] h=[1,1] k=[21,21] l=[11,11] hit_rate=144/144 (100.00%)
auto-selected 1-fold oversampling
[HKL stats] h=[4,4] k=[16,16] l=[4,5] hit_rate=144/144 (100.00%)
auto-selected 1-fold oversampling
[HKL stats] h=[6,7] k=[11,12] l=[2,2] hit_rate=144/144 (100.00%)
auto-selected 1-fold oversampling
[HKL stats] h=[11,11] k=[10,10] l=[3,3] hit_rate=144/144 (100.00%)
auto-selected 1-fold oversampling
[HKL stats] h=[-5,-5] k=[5,6] l=[2,2] hit_rate=144/144 (100.00%)
auto-selected 1-fold oversampling
[HKL stats] h=[-8,-8] k=[3,3] l=[3,3] hit_rate=144/144 (100.00%)
auto-selected 1-fold oversampling
[HKL stats] h=[-12,-12] k=[2,2] l=[7,7] hit_rate=144/144 (100.00%)
auto-selected 1-fold oversampling
[HKL stats] h=[-1,-1] k=[2,2] l=[0,0] hit_rate=144/144 (100.00%)
auto-selected 1-fold oversampling
[HKL stats] h=[-13,-13] k=[-4,-4] l=[5,5] hit_rate=144/144 (100.00%)
auto-selected 1-fold oversampling
[HKL stats] h=[-15,-15] k=[-7,-7] l=[8,8] hit_rate=144/144 (100.00%)
auto-selected 1-fold oversampling
[HKL stats] h=[-12,-12] k=[-11,-11] l=[5,5] hit_rate=144/144 (100.00%)
auto-selected 1-fold oversampling
[HKL stats] h=[5,5] k=[-18,-18] l=[8,8] hit_rate=144/144 (100.00%)
auto-selected 1-fold oversampling
[HKL stats] h=[7,7] k=[-20,-20] l=[11,11] hit_rate=144/144 (100.00%)
auto-selected 1-fold oversampling
[HKL stats] h=[1,1] k=[21,21] l=[11,11] hit_rate=144/144 (100.00%)
auto-selected 1-fold oversampling
[HKL stats] h=[4,4] k=[16,16] l=[4,5] hit_rate=144/144 (100.00%)
auto-selected 1-fold oversampling
[HKL stats] h=[6,7] k=[11,12] l=[2,2] hit_rate=144/144 (100.00%)
auto-selected 1-fold oversampling
[HKL stats] h=[11,11] k=[10,10] l=[3,3] hit_rate=144/144 (100.00%)
auto-selected 1-fold oversampling
[HKL stats] h=[-5,-5] k=[5,6] l=[2,2] hit_rate=144/144 (100.00%)
auto-selected 1-fold oversampling
[HKL stats] h=[-8,-8] k=[3,3] l=[3,3] hit_rate=144/144 (100.00%)
auto-selected 1-fold oversampling
[HKL stats] h=[-12,-12] k=[2,2] l=[7,7] hit_rate=144/144 (100.00%)
auto-selected 1-fold oversampling
[HKL stats] h=[-1,-1] k=[2,2] l=[0,0] hit_rate=144/144 (100.00%)
auto-selected 1-fold oversampling
[HKL stats] h=[-13,-13] k=[-4,-4] l=[5,5] hit_rate=144/144 (100.00%)
auto-selected 1-fold oversampling
[HKL stats] h=[-15,-15] k=[-7,-7] l=[8,8] hit_rate=144/144 (100.00%)
auto-selected 1-fold oversampling
[HKL stats] h=[-12,-12] k=[-11,-11] l=[5,5] hit_rate=144/144 (100.00%)
auto-selected 1-fold oversampling
[HKL stats] h=[5,5] k=[-18,-18] l=[8,8] hit_rate=144/144 (100.00%)
auto-selected 1-fold oversampling
[HKL stats] h=[7,7] k=[-20,-20] l=[11,11] hit_rate=144/144 (100.00%)
auto-selected 1-fold oversampling
[HKL stats] h=[1,1] k=[21,21] l=[11,11] hit_rate=144/144 (100.00%)
auto-selected 1-fold oversampling
[HKL stats] h=[4,4] k=[16,16] l=[4,5] hit_rate=144/144 (100.00%)
auto-selected 1-fold oversampling
[HKL stats] h=[6,7] k=[11,12] l=[2,2] hit_rate=144/144 (100.00%)
auto-selected 1-fold oversampling
[HKL stats] h=[11,11] k=[10,10] l=[3,3] hit_rate=144/144 (100.00%)
auto-selected 1-fold oversampling
[HKL stats] h=[-5,-5] k=[5,6] l=[2,2] hit_rate=144/144 (100.00%)
auto-selected 1-fold oversampling
[HKL stats] h=[-8,-8] k=[3,3] l=[3,3] hit_rate=144/144 (100.00%)
auto-selected 1-fold oversampling
[HKL stats] h=[-12,-12] k=[2,2] l=[7,7] hit_rate=144/144 (100.00%)
auto-selected 1-fold oversampling
[HKL stats] h=[-1,-1] k=[2,2] l=[0,0] hit_rate=144/144 (100.00%)
auto-selected 1-fold oversampling
[HKL stats] h=[-13,-13] k=[-4,-4] l=[5,5] hit_rate=144/144 (100.00%)
auto-selected 1-fold oversampling
[HKL stats] h=[-15,-15] k=[-7,-7] l=[8,8] hit_rate=144/144 (100.00%)
auto-selected 1-fold oversampling
[HKL stats] h=[-12,-12] k=[-11,-11] l=[5,5] hit_rate=144/144 (100.00%)
auto-selected 1-fold oversampling
[HKL stats] h=[5,5] k=[-18,-18] l=[8,8] hit_rate=144/144 (100.00%)
auto-selected 1-fold oversampling
[HKL stats] h=[7,7] k=[-20,-20] l=[11,11] hit_rate=144/144 (100.00%)
auto-selected 1-fold oversampling
[HKL stats] h=[1,1] k=[21,21] l=[11,11] hit_rate=144/144 (100.00%)
auto-selected 1-fold oversampling
[HKL stats] h=[4,4] k=[16,16] l=[4,5] hit_rate=144/144 (100.00%)
auto-selected 1-fold oversampling
[HKL stats] h=[6,7] k=[11,12] l=[2,2] hit_rate=144/144 (100.00%)
auto-selected 1-fold oversampling
[HKL stats] h=[11,11] k=[10,10] l=[3,3] hit_rate=144/144 (100.00%)
auto-selected 1-fold oversampling
[HKL stats] h=[-5,-5] k=[5,6] l=[2,2] hit_rate=144/144 (100.00%)
auto-selected 1-fold oversampling
[HKL stats] h=[-8,-8] k=[3,3] l=[3,3] hit_rate=144/144 (100.00%)
auto-selected 1-fold oversampling
[HKL stats] h=[-12,-12] k=[2,2] l=[7,7] hit_rate=144/144 (100.00%)
auto-selected 1-fold oversampling
[HKL stats] h=[-1,-1] k=[2,2] l=[0,0] hit_rate=144/144 (100.00%)
auto-selected 1-fold oversampling
[HKL stats] h=[-13,-13] k=[-4,-4] l=[5,5] hit_rate=144/144 (100.00%)
auto-selected 1-fold oversampling
[HKL stats] h=[-15,-15] k=[-7,-7] l=[8,8] hit_rate=144/144 (100.00%)
auto-selected 1-fold oversampling
[HKL stats] h=[-12,-12] k=[-11,-11] l=[5,5] hit_rate=144/144 (100.00%)
auto-selected 1-fold oversampling
[HKL stats] h=[5,5] k=[-18,-18] l=[8,8] hit_rate=144/144 (100.00%)
auto-selected 1-fold oversampling
[HKL stats] h=[7,7] k=[-20,-20] l=[11,11] hit_rate=144/144 (100.00%)
auto-selected 1-fold oversampling
[HKL stats] h=[1,1] k=[21,21] l=[11,11] hit_rate=144/144 (100.00%)
auto-selected 1-fold oversampling
[HKL stats] h=[4,4] k=[16,16] l=[4,5] hit_rate=144/144 (100.00%)
auto-selected 1-fold oversampling
[HKL stats] h=[6,7] k=[11,12] l=[2,2] hit_rate=144/144 (100.00%)
auto-selected 1-fold oversampling
[HKL stats] h=[11,11] k=[10,10] l=[3,3] hit_rate=144/144 (100.00%)
auto-selected 1-fold oversampling
[HKL stats] h=[-5,-5] k=[5,6] l=[2,2] hit_rate=144/144 (100.00%)
auto-selected 1-fold oversampling
[HKL stats] h=[-8,-8] k=[3,3] l=[3,3] hit_rate=144/144 (100.00%)
auto-selected 1-fold oversampling
[HKL stats] h=[-13,-12] k=[2,2] l=[7,7] hit_rate=144/144 (100.00%)
auto-selected 1-fold oversampling
[HKL stats] h=[-1,-1] k=[2,2] l=[0,0] hit_rate=144/144 (100.00%)
auto-selected 1-fold oversampling
[HKL stats] h=[-13,-13] k=[-4,-4] l=[5,5] hit_rate=144/144 (100.00%)
auto-selected 1-fold oversampling
[HKL stats] h=[-15,-15] k=[-7,-7] l=[8,8] hit_rate=144/144 (100.00%)
auto-selected 1-fold oversampling
[HKL stats] h=[-12,-12] k=[-11,-11] l=[5,5] hit_rate=144/144 (100.00%)
auto-selected 1-fold oversampling
[HKL stats] h=[5,5] k=[-18,-18] l=[8,8] hit_rate=144/144 (100.00%)
auto-selected 1-fold oversampling
[HKL stats] h=[7,7] k=[-20,-20] l=[11,11] hit_rate=144/144 (100.00%)
auto-selected 1-fold oversampling
[HKL stats] h=[1,1] k=[21,21] l=[11,11] hit_rate=144/144 (100.00%)
auto-selected 1-fold oversampling
[HKL stats] h=[-1,-1] k=[20,21] l=[11,11] hit_rate=144/144 (100.00%)
auto-selected 1-fold oversampling
[HKL stats] h=[7,7] k=[22,22] l=[9,9] hit_rate=144/144 (100.00%)
auto-selected 1-fold oversampling
[HKL stats] h=[9,9] k=[21,22] l=[8,8] hit_rate=144/144 (100.00%)
auto-selected 1-fold oversampling
[HKL stats] h=[-6,-6] k=[16,16] l=[11,11] hit_rate=144/144 (100.00%)
auto-selected 1-fold oversampling
[HKL stats] h=[-2,-1] k=[16,16] l=[7,7] hit_rate=144/144 (100.00%)
auto-selected 1-fold oversampling
[HKL stats] h=[15,16] k=[16,16] l=[7,7] hit_rate=144/144 (100.00%)
auto-selected 1-fold oversampling
[HKL stats] h=[-4,-3] k=[15,16] l=[8,8] hit_rate=144/144 (100.00%)
auto-selected 1-fold oversampling
[HKL stats] h=[5,5] k=[17,17] l=[5,5] hit_rate=144/144 (100.00%)
auto-selected 1-fold oversampling
[HKL stats] h=[7,7] k=[17,17] l=[5,5] hit_rate=144/144 (100.00%)
auto-selected 1-fold oversampling
[HKL stats] h=[4,4] k=[16,16] l=[4,5] hit_rate=144/144 (100.00%)
auto-selected 1-fold oversampling
[HKL stats] h=[9,9] k=[15,16] l=[4,4] hit_rate=144/144 (100.00%)
auto-selected 1-fold oversampling
[HKL stats] h=[0,0] k=[15,15] l=[5,5] hit_rate=144/144 (100.00%)
auto-selected 1-fold oversampling
[HKL stats] h=[2,3] k=[15,15] l=[4,4] hit_rate=144/144 (100.00%)
auto-selected 1-fold oversampling
[HKL stats] h=[14,14] k=[14,14] l=[5,5] hit_rate=144/144 (100.00%)
auto-selected 1-fold oversampling
[HKL stats] h=[5,6] k=[14,14] l=[3,3] hit_rate=144/144 (100.00%)
auto-selected 1-fold oversampling
[HKL stats] h=[14,15] k=[12,12] l=[5,5] hit_rate=144/144 (100.00%)
auto-selected 1-fold oversampling
[HKL stats] h=[2,3] k=[13,13] l=[3,3] hit_rate=144/144 (100.00%)
auto-selected 1-fold oversampling
[HKL stats] h=[10,11] k=[12,12] l=[3,4] hit_rate=144/144 (100.00%)
auto-selected 1-fold oversampling
[HKL stats] h=[9,9] k=[12,13] l=[3,3] hit_rate=144/144 (100.00%)
auto-selected 1-fold oversampling
[HKL stats] h=[-10,-10] k=[10,10] l=[9,9] hit_rate=144/144 (100.00%)
auto-selected 1-fold oversampling
[HKL stats] h=[11,11] k=[11,11] l=[3,3] hit_rate=144/144 (100.00%)
auto-selected 1-fold oversampling
[HKL stats] h=[6,7] k=[11,12] l=[2,2] hit_rate=144/144 (100.00%)
auto-selected 1-fold oversampling
[HKL stats] h=[-0,-0] k=[11,11] l=[3,3] hit_rate=144/144 (100.00%)
auto-selected 1-fold oversampling
[HKL stats] h=[-5,-4] k=[10,11] l=[4,4] hit_rate=144/144 (100.00%)
auto-selected 1-fold oversampling
[HKL stats] h=[-7,-7] k=[10,10] l=[6,6] hit_rate=144/144 (100.00%)
auto-selected 1-fold oversampling
[HKL stats] h=[11,11] k=[10,10] l=[3,3] hit_rate=144/144 (100.00%)
auto-selected 1-fold oversampling
[HKL stats] h=[0,1] k=[10,10] l=[2,2] hit_rate=144/144 (100.00%)
auto-selected 1-fold oversampling
[HKL stats] h=[5,5] k=[9,9] l=[1,1] hit_rate=144/144 (100.00%)
auto-selected 1-fold oversampling
[HKL stats] h=[-7,-7] k=[8,8] l=[4,5] hit_rate=144/144 (100.00%)
auto-selected 1-fold oversampling
[HKL stats] h=[11,11] k=[7,7] l=[3,3] hit_rate=144/144 (100.00%)
auto-selected 1-fold oversampling
[HKL stats] h=[4,4] k=[7,7] l=[1,1] hit_rate=144/144 (100.00%)
auto-selected 1-fold oversampling
[HKL stats] h=[-1,-1] k=[6,6] l=[1,1] hit_rate=144/144 (100.00%)
auto-selected 1-fold oversampling
[HKL stats] h=[1,1] k=[6,6] l=[1,1] hit_rate=144/144 (100.00%)
auto-selected 1-fold oversampling
[HKL stats] h=[4,5] k=[6,6] l=[1,1] hit_rate=144/144 (100.00%)
auto-selected 1-fold oversampling
[HKL stats] h=[-5,-5] k=[5,6] l=[2,2] hit_rate=144/144 (100.00%)
auto-selected 1-fold oversampling
[HKL stats] h=[-13,-13] k=[4,4] l=[9,9] hit_rate=144/144 (100.00%)
auto-selected 1-fold oversampling
[HKL stats] h=[-3,-2] k=[5,5] l=[1,1] hit_rate=144/144 (100.00%)
auto-selected 1-fold oversampling
[HKL stats] h=[-4,-4] k=[4,4] l=[1,1] hit_rate=144/144 (100.00%)
auto-selected 1-fold oversampling
[HKL stats] h=[-8,-8] k=[3,3] l=[3,3] hit_rate=144/144 (100.00%)
auto-selected 1-fold oversampling
[HKL stats] h=[-13,-12] k=[2,2] l=[7,7] hit_rate=144/144 (100.00%)
auto-selected 1-fold oversampling
[HKL stats] h=[-12,-12] k=[2,2] l=[6,6] hit_rate=144/144 (100.00%)
auto-selected 1-fold oversampling
[HKL stats] h=[-11,-11] k=[2,2] l=[5,5] hit_rate=144/144 (100.00%)
auto-selected 1-fold oversampling
[HKL stats] h=[14,15] k=[2,2] l=[5,5] hit_rate=144/144 (100.00%)
auto-selected 1-fold oversampling
[HKL stats] h=[-1,-1] k=[2,2] l=[0,0] hit_rate=144/144 (100.00%)
auto-selected 1-fold oversampling
[HKL stats] h=[8,8] k=[-2,-1] l=[2,2] hit_rate=144/144 (100.00%)
auto-selected 1-fold oversampling
[HKL stats] h=[-1,-1] k=[-2,-2] l=[0,0] hit_rate=144/144 (100.00%)
auto-selected 1-fold oversampling
[HKL stats] h=[12,13] k=[-2,-2] l=[4,5] hit_rate=144/144 (100.00%)
auto-selected 1-fold oversampling
[HKL stats] h=[4,4] k=[-2,-2] l=[1,1] hit_rate=144/144 (100.00%)
auto-selected 1-fold oversampling
[HKL stats] h=[-7,-7] k=[-3,-2] l=[1,1] hit_rate=144/144 (100.00%)
auto-selected 1-fold oversampling
[HKL stats] h=[-3,-3] k=[-3,-3] l=[0,0] hit_rate=144/144 (100.00%)
auto-selected 1-fold oversampling
[HKL stats] h=[11,12] k=[-3,-2] l=[4,4] hit_rate=144/144 (100.00%)
auto-selected 1-fold oversampling
[HKL stats] h=[2,3] k=[-4,-4] l=[1,1] hit_rate=144/144 (100.00%)
auto-selected 1-fold oversampling
[HKL stats] h=[4,4] k=[-4,-4] l=[1,1] hit_rate=144/144 (100.00%)
auto-selected 1-fold oversampling
[HKL stats] h=[-9,-8] k=[-4,-4] l=[2,2] hit_rate=144/144 (100.00%)
auto-selected 1-fold oversampling
[HKL stats] h=[-13,-13] k=[-4,-4] l=[5,5] hit_rate=144/144 (100.00%)
auto-selected 1-fold oversampling
[HKL stats] h=[-15,-15] k=[-4,-3] l=[8,8] hit_rate=144/144 (100.00%)
auto-selected 1-fold oversampling
[HKL stats] h=[-11,-11] k=[-6,-6] l=[3,3] hit_rate=144/144 (100.00%)
auto-selected 1-fold oversampling
[HKL stats] h=[-4,-3] k=[-7,-7] l=[1,1] hit_rate=144/144 (100.00%)
auto-selected 1-fold oversampling
[HKL stats] h=[-0,-0] k=[-7,-7] l=[1,1] hit_rate=144/144 (100.00%)
auto-selected 1-fold oversampling
[HKL stats] h=[-8,-7] k=[-7,-7] l=[2,2] hit_rate=144/144 (100.00%)
auto-selected 1-fold oversampling
[HKL stats] h=[12,12] k=[-7,-6] l=[5,6] hit_rate=144/144 (100.00%)
auto-selected 1-fold oversampling
[HKL stats] h=[-2,-2] k=[-8,-8] l=[1,1] hit_rate=144/144 (100.00%)
auto-selected 1-fold oversampling
[HKL stats] h=[-5,-5] k=[-9,-8] l=[1,1] hit_rate=144/144 (100.00%)
auto-selected 1-fold oversampling
[HKL stats] h=[-14,-14] k=[-8,-7] l=[6,7] hit_rate=144/144 (100.00%)
auto-selected 1-fold oversampling
[HKL stats] h=[-15,-14] k=[-8,-7] l=[7,7] hit_rate=144/144 (100.00%)
auto-selected 1-fold oversampling
[HKL stats] h=[-15,-15] k=[-8,-7] l=[8,8] hit_rate=144/144 (100.00%)
auto-selected 1-fold oversampling
[HKL stats] h=[-15,-15] k=[-7,-7] l=[8,8] hit_rate=144/144 (100.00%)
auto-selected 1-fold oversampling
[HKL stats] h=[10,11] k=[-9,-8] l=[6,6] hit_rate=144/144 (100.00%)
auto-selected 1-fold oversampling
[HKL stats] h=[0,0] k=[-10,-10] l=[2,2] hit_rate=144/144 (100.00%)
auto-selected 1-fold oversampling
[HKL stats] h=[-12,-12] k=[-10,-10] l=[5,5] hit_rate=144/144 (100.00%)
auto-selected 1-fold oversampling
[HKL stats] h=[7,7] k=[-10,-10] l=[4,4] hit_rate=144/144 (100.00%)
auto-selected 1-fold oversampling
[HKL stats] h=[-12,-12] k=[-11,-11] l=[5,5] hit_rate=144/144 (100.00%)
auto-selected 1-fold oversampling
[HKL stats] h=[-3,-3] k=[-13,-12] l=[3,3] hit_rate=144/144 (100.00%)
auto-selected 1-fold oversampling
[HKL stats] h=[4,4] k=[-12,-12] l=[4,4] hit_rate=144/144 (100.00%)
auto-selected 1-fold oversampling
[HKL stats] h=[4,4] k=[-13,-13] l=[4,5] hit_rate=144/144 (100.00%)
auto-selected 1-fold oversampling
[HKL stats] h=[4,4] k=[-14,-14] l=[5,5] hit_rate=144/144 (100.00%)
auto-selected 1-fold oversampling
[HKL stats] h=[4,4] k=[-15,-15] l=[6,6] hit_rate=144/144 (100.00%)
auto-selected 1-fold oversampling
[HKL stats] h=[-4,-3] k=[-17,-17] l=[5,5] hit_rate=144/144 (100.00%)
auto-selected 1-fold oversampling
[HKL stats] h=[-9,-9] k=[-18,-18] l=[7,7] hit_rate=144/144 (100.00%)
auto-selected 1-fold oversampling
[HKL stats] h=[-2,-2] k=[-18,-18] l=[6,6] hit_rate=144/144 (100.00%)
auto-selected 1-fold oversampling
[HKL stats] h=[12,12] k=[-15,-15] l=[11,11] hit_rate=0/144 (0.00%)
auto-selected 1-fold oversampling
[HKL stats] h=[-1,-0] k=[-19,-18] l=[7,7] hit_rate=144/144 (100.00%)
auto-selected 1-fold oversampling
[HKL stats] h=[5,5] k=[-18,-18] l=[8,8] hit_rate=144/144 (100.00%)
auto-selected 1-fold oversampling
[HKL stats] h=[-6,-5] k=[-19,-19] l=[7,7] hit_rate=144/144 (100.00%)
auto-selected 1-fold oversampling
[HKL stats] h=[-10,-10] k=[-20,-20] l=[8,8] hit_rate=144/144 (100.00%)
auto-selected 1-fold oversampling
[HKL stats] h=[6,6] k=[-19,-19] l=[10,10] hit_rate=144/144 (100.00%)
auto-selected 1-fold oversampling
[HKL stats] h=[9,9] k=[-18,-18] l=[11,12] hit_rate=144/144 (100.00%)
auto-selected 1-fold oversampling
[HKL stats] h=[-13,-13] k=[-19,-19] l=[10,10] hit_rate=144/144 (100.00%)
auto-selected 1-fold oversampling
[HKL stats] h=[7,7] k=[-20,-20] l=[11,11] hit_rate=144/144 (100.00%)
auto-selected 1-fold oversampling
[HKL stats] h=[-14,-14] k=[-20,-20] l=[11,12] hit_rate=144/144 (100.00%)
auto-selected 1-fold oversampling
[HKL stats] h=[3,3] k=[-22,-21] l=[10,11] hit_rate=144/144 (100.00%)
auto-selected 1-fold oversampling
[HKL stats] h=[1,1] k=[21,21] l=[11,11] hit_rate=144/144 (100.00%)
auto-selected 1-fold oversampling
[HKL stats] h=[4,4] k=[16,16] l=[4,5] hit_rate=144/144 (100.00%)
auto-selected 1-fold oversampling
[HKL stats] h=[6,7] k=[11,12] l=[2,2] hit_rate=144/144 (100.00%)
auto-selected 1-fold oversampling
[HKL stats] h=[11,11] k=[10,10] l=[3,3] hit_rate=144/144 (100.00%)
auto-selected 1-fold oversampling
[HKL stats] h=[-5,-5] k=[5,6] l=[2,2] hit_rate=144/144 (100.00%)
auto-selected 1-fold oversampling
[HKL stats] h=[-8,-8] k=[3,3] l=[3,3] hit_rate=144/144 (100.00%)
auto-selected 1-fold oversampling
[HKL stats] h=[-13,-12] k=[2,2] l=[7,7] hit_rate=144/144 (100.00%)
auto-selected 1-fold oversampling
[HKL stats] h=[-1,-1] k=[2,2] l=[0,0] hit_rate=144/144 (100.00%)
auto-selected 1-fold oversampling
[HKL stats] h=[-13,-13] k=[-4,-4] l=[5,5] hit_rate=144/144 (100.00%)
auto-selected 1-fold oversampling
[HKL stats] h=[-15,-15] k=[-7,-7] l=[8,8] hit_rate=144/144 (100.00%)
auto-selected 1-fold oversampling
[HKL stats] h=[-12,-12] k=[-11,-11] l=[5,5] hit_rate=144/144 (100.00%)
auto-selected 1-fold oversampling
[HKL stats] h=[5,5] k=[-18,-18] l=[8,8] hit_rate=144/144 (100.00%)
auto-selected 1-fold oversampling
[HKL stats] h=[7,7] k=[-20,-20] l=[11,11] hit_rate=144/144 (100.00%)
auto-selected 1-fold oversampling
[HKL stats] h=[1,1] k=[21,21] l=[11,11] hit_rate=144/144 (100.00%)
auto-selected 1-fold oversampling
[HKL stats] h=[4,4] k=[16,16] l=[4,5] hit_rate=144/144 (100.00%)
auto-selected 1-fold oversampling
[HKL stats] h=[6,7] k=[11,12] l=[2,2] hit_rate=144/144 (100.00%)
auto-selected 1-fold oversampling
[HKL stats] h=[11,11] k=[10,10] l=[3,3] hit_rate=144/144 (100.00%)
auto-selected 1-fold oversampling
[HKL stats] h=[-5,-5] k=[5,6] l=[2,2] hit_rate=144/144 (100.00%)
auto-selected 1-fold oversampling
[HKL stats] h=[-8,-8] k=[3,3] l=[3,3] hit_rate=144/144 (100.00%)
auto-selected 1-fold oversampling
[HKL stats] h=[-12,-12] k=[2,2] l=[7,7] hit_rate=144/144 (100.00%)
auto-selected 1-fold oversampling
[HKL stats] h=[-1,-1] k=[2,2] l=[0,0] hit_rate=144/144 (100.00%)
auto-selected 1-fold oversampling
[HKL stats] h=[-13,-13] k=[-4,-4] l=[5,5] hit_rate=144/144 (100.00%)
auto-selected 1-fold oversampling
[HKL stats] h=[-15,-15] k=[-7,-7] l=[8,8] hit_rate=144/144 (100.00%)
auto-selected 1-fold oversampling
[HKL stats] h=[-12,-12] k=[-11,-11] l=[5,5] hit_rate=144/144 (100.00%)
auto-selected 1-fold oversampling
[HKL stats] h=[5,5] k=[-18,-18] l=[8,8] hit_rate=144/144 (100.00%)
auto-selected 1-fold oversampling
[HKL stats] h=[7,7] k=[-20,-20] l=[11,11] hit_rate=144/144 (100.00%)
auto-selected 1-fold oversampling
[HKL stats] h=[1,1] k=[21,21] l=[11,11] hit_rate=144/144 (100.00%)
auto-selected 1-fold oversampling
[HKL stats] h=[-1,-1] k=[20,21] l=[11,11] hit_rate=144/144 (100.00%)
auto-selected 1-fold oversampling
[HKL stats] h=[7,7] k=[22,22] l=[9,9] hit_rate=144/144 (100.00%)
auto-selected 1-fold oversampling
[HKL stats] h=[9,9] k=[21,22] l=[8,8] hit_rate=144/144 (100.00%)
auto-selected 1-fold oversampling
[HKL stats] h=[-6,-6] k=[16,16] l=[11,11] hit_rate=144/144 (100.00%)
auto-selected 1-fold oversampling
[HKL stats] h=[-2,-1] k=[16,16] l=[7,7] hit_rate=144/144 (100.00%)
auto-selected 1-fold oversampling
[HKL stats] h=[15,15] k=[16,16] l=[7,7] hit_rate=144/144 (100.00%)
auto-selected 1-fold oversampling
[HKL stats] h=[-4,-3] k=[15,16] l=[8,8] hit_rate=144/144 (100.00%)
auto-selected 1-fold oversampling
[HKL stats] h=[5,5] k=[17,17] l=[5,5] hit_rate=144/144 (100.00%)
auto-selected 1-fold oversampling
[HKL stats] h=[7,7] k=[17,17] l=[5,5] hit_rate=144/144 (100.00%)
auto-selected 1-fold oversampling
[HKL stats] h=[4,4] k=[16,16] l=[4,5] hit_rate=144/144 (100.00%)
auto-selected 1-fold oversampling
[HKL stats] h=[9,9] k=[16,16] l=[4,4] hit_rate=144/144 (100.00%)
auto-selected 1-fold oversampling
[HKL stats] h=[0,0] k=[15,15] l=[5,5] hit_rate=144/144 (100.00%)
auto-selected 1-fold oversampling
[HKL stats] h=[2,3] k=[15,15] l=[4,4] hit_rate=144/144 (100.00%)
auto-selected 1-fold oversampling
[HKL stats] h=[14,14] k=[14,14] l=[5,5] hit_rate=144/144 (100.00%)
auto-selected 1-fold oversampling
[HKL stats] h=[5,5] k=[14,14] l=[3,3] hit_rate=144/144 (100.00%)
auto-selected 1-fold oversampling
[HKL stats] h=[14,15] k=[12,12] l=[5,5] hit_rate=144/144 (100.00%)
auto-selected 1-fold oversampling
[HKL stats] h=[2,3] k=[13,13] l=[3,3] hit_rate=144/144 (100.00%)
auto-selected 1-fold oversampling
[HKL stats] h=[10,11] k=[12,12] l=[3,4] hit_rate=144/144 (100.00%)
auto-selected 1-fold oversampling
[HKL stats] h=[9,9] k=[12,13] l=[3,3] hit_rate=144/144 (100.00%)
auto-selected 1-fold oversampling
[HKL stats] h=[-10,-10] k=[10,10] l=[9,9] hit_rate=144/144 (100.00%)
auto-selected 1-fold oversampling
[HKL stats] h=[11,11] k=[11,11] l=[3,3] hit_rate=144/144 (100.00%)
auto-selected 1-fold oversampling
[HKL stats] h=[6,7] k=[11,12] l=[2,2] hit_rate=144/144 (100.00%)
auto-selected 1-fold oversampling
[HKL stats] h=[-0,-0] k=[11,11] l=[3,3] hit_rate=144/144 (100.00%)
auto-selected 1-fold oversampling
[HKL stats] h=[-5,-4] k=[10,11] l=[4,4] hit_rate=144/144 (100.00%)
auto-selected 1-fold oversampling
[HKL stats] h=[-7,-7] k=[10,10] l=[6,6] hit_rate=144/144 (100.00%)
auto-selected 1-fold oversampling
[HKL stats] h=[11,11] k=[10,10] l=[3,3] hit_rate=144/144 (100.00%)
auto-selected 1-fold oversampling
[HKL stats] h=[0,1] k=[10,10] l=[2,2] hit_rate=144/144 (100.00%)
auto-selected 1-fold oversampling
[HKL stats] h=[5,5] k=[9,9] l=[1,1] hit_rate=144/144 (100.00%)
auto-selected 1-fold oversampling
[HKL stats] h=[-7,-7] k=[8,8] l=[4,5] hit_rate=144/144 (100.00%)
auto-selected 1-fold oversampling
[HKL stats] h=[11,11] k=[7,7] l=[3,3] hit_rate=144/144 (100.00%)
auto-selected 1-fold oversampling
[HKL stats] h=[4,4] k=[7,7] l=[1,1] hit_rate=144/144 (100.00%)
auto-selected 1-fold oversampling
[HKL stats] h=[-1,-1] k=[6,6] l=[1,1] hit_rate=144/144 (100.00%)
auto-selected 1-fold oversampling
[HKL stats] h=[1,1] k=[6,6] l=[1,1] hit_rate=144/144 (100.00%)
auto-selected 1-fold oversampling
[HKL stats] h=[4,5] k=[6,6] l=[1,1] hit_rate=144/144 (100.00%)
auto-selected 1-fold oversampling
[HKL stats] h=[-5,-5] k=[5,6] l=[2,2] hit_rate=144/144 (100.00%)
auto-selected 1-fold oversampling
[HKL stats] h=[-13,-13] k=[4,4] l=[9,9] hit_rate=144/144 (100.00%)
auto-selected 1-fold oversampling
[HKL stats] h=[-3,-2] k=[5,5] l=[1,1] hit_rate=144/144 (100.00%)
auto-selected 1-fold oversampling
[HKL stats] h=[-4,-4] k=[4,4] l=[1,1] hit_rate=144/144 (100.00%)
auto-selected 1-fold oversampling
[HKL stats] h=[-8,-8] k=[3,3] l=[3,3] hit_rate=144/144 (100.00%)
auto-selected 1-fold oversampling
[HKL stats] h=[-12,-12] k=[2,2] l=[7,7] hit_rate=144/144 (100.00%)
auto-selected 1-fold oversampling
[HKL stats] h=[-12,-11] k=[2,2] l=[6,6] hit_rate=144/144 (100.00%)
auto-selected 1-fold oversampling
[HKL stats] h=[-11,-11] k=[2,2] l=[5,5] hit_rate=144/144 (100.00%)
auto-selected 1-fold oversampling
[HKL stats] h=[14,14] k=[2,2] l=[5,5] hit_rate=144/144 (100.00%)
auto-selected 1-fold oversampling
[HKL stats] h=[-1,-1] k=[2,2] l=[0,0] hit_rate=144/144 (100.00%)
auto-selected 1-fold oversampling
[HKL stats] h=[7,8] k=[-2,-1] l=[2,2] hit_rate=144/144 (100.00%)
auto-selected 1-fold oversampling
[HKL stats] h=[-1,-1] k=[-2,-2] l=[0,0] hit_rate=144/144 (100.00%)
auto-selected 1-fold oversampling
[HKL stats] h=[12,13] k=[-2,-2] l=[4,5] hit_rate=144/144 (100.00%)
auto-selected 1-fold oversampling
[HKL stats] h=[4,4] k=[-2,-2] l=[1,1] hit_rate=144/144 (100.00%)
auto-selected 1-fold oversampling
[HKL stats] h=[-7,-7] k=[-3,-2] l=[1,1] hit_rate=144/144 (100.00%)
auto-selected 1-fold oversampling
[HKL stats] h=[-3,-3] k=[-3,-3] l=[0,0] hit_rate=144/144 (100.00%)
auto-selected 1-fold oversampling
[HKL stats] h=[11,12] k=[-3,-2] l=[4,4] hit_rate=144/144 (100.00%)
auto-selected 1-fold oversampling
[HKL stats] h=[2,3] k=[-4,-4] l=[1,1] hit_rate=144/144 (100.00%)
auto-selected 1-fold oversampling
[HKL stats] h=[4,4] k=[-4,-4] l=[1,1] hit_rate=144/144 (100.00%)
auto-selected 1-fold oversampling
[HKL stats] h=[-9,-8] k=[-4,-4] l=[2,2] hit_rate=144/144 (100.00%)
auto-selected 1-fold oversampling
[HKL stats] h=[-13,-13] k=[-4,-4] l=[5,5] hit_rate=144/144 (100.00%)
auto-selected 1-fold oversampling
[HKL stats] h=[-15,-15] k=[-4,-3] l=[8,8] hit_rate=144/144 (100.00%)
auto-selected 1-fold oversampling
[HKL stats] h=[-11,-10] k=[-6,-6] l=[3,3] hit_rate=144/144 (100.00%)
auto-selected 1-fold oversampling
[HKL stats] h=[-4,-3] k=[-7,-7] l=[1,1] hit_rate=144/144 (100.00%)
auto-selected 1-fold oversampling
[HKL stats] h=[-0,-0] k=[-7,-7] l=[1,1] hit_rate=144/144 (100.00%)
auto-selected 1-fold oversampling
[HKL stats] h=[-7,-7] k=[-7,-7] l=[2,2] hit_rate=144/144 (100.00%)
auto-selected 1-fold oversampling
[HKL stats] h=[11,12] k=[-7,-6] l=[5,6] hit_rate=144/144 (100.00%)
auto-selected 1-fold oversampling
[HKL stats] h=[-2,-2] k=[-8,-8] l=[1,1] hit_rate=144/144 (100.00%)
auto-selected 1-fold oversampling
[HKL stats] h=[-5,-5] k=[-9,-8] l=[1,1] hit_rate=144/144 (100.00%)
auto-selected 1-fold oversampling
[HKL stats] h=[-14,-14] k=[-8,-7] l=[6,7] hit_rate=144/144 (100.00%)
auto-selected 1-fold oversampling
[HKL stats] h=[-14,-14] k=[-8,-7] l=[7,7] hit_rate=144/144 (100.00%)
auto-selected 1-fold oversampling
[HKL stats] h=[-15,-15] k=[-8,-7] l=[8,8] hit_rate=144/144 (100.00%)
auto-selected 1-fold oversampling
[HKL stats] h=[-15,-15] k=[-7,-7] l=[8,8] hit_rate=144/144 (100.00%)
auto-selected 1-fold oversampling
[HKL stats] h=[10,11] k=[-9,-8] l=[6,6] hit_rate=144/144 (100.00%)
auto-selected 1-fold oversampling
[HKL stats] h=[0,0] k=[-10,-10] l=[2,2] hit_rate=144/144 (100.00%)
auto-selected 1-fold oversampling
[HKL stats] h=[-12,-12] k=[-10,-10] l=[5,5] hit_rate=144/144 (100.00%)
auto-selected 1-fold oversampling
[HKL stats] h=[7,7] k=[-10,-10] l=[4,4] hit_rate=144/144 (100.00%)
auto-selected 1-fold oversampling
[HKL stats] h=[-12,-12] k=[-11,-11] l=[5,5] hit_rate=144/144 (100.00%)
auto-selected 1-fold oversampling
[HKL stats] h=[-3,-3] k=[-13,-12] l=[3,3] hit_rate=144/144 (100.00%)
auto-selected 1-fold oversampling
[HKL stats] h=[4,4] k=[-12,-12] l=[4,4] hit_rate=144/144 (100.00%)
auto-selected 1-fold oversampling
[HKL stats] h=[4,4] k=[-13,-13] l=[4,5] hit_rate=144/144 (100.00%)
auto-selected 1-fold oversampling
[HKL stats] h=[4,4] k=[-14,-14] l=[5,5] hit_rate=144/144 (100.00%)
auto-selected 1-fold oversampling
[HKL stats] h=[4,4] k=[-15,-15] l=[6,6] hit_rate=144/144 (100.00%)
auto-selected 1-fold oversampling
[HKL stats] h=[-4,-3] k=[-17,-17] l=[5,5] hit_rate=144/144 (100.00%)
auto-selected 1-fold oversampling
[HKL stats] h=[-9,-9] k=[-18,-18] l=[7,7] hit_rate=144/144 (100.00%)
auto-selected 1-fold oversampling
[HKL stats] h=[-2,-2] k=[-18,-18] l=[6,6] hit_rate=144/144 (100.00%)
auto-selected 1-fold oversampling
[HKL stats] h=[12,12] k=[-15,-15] l=[11,11] hit_rate=0/144 (0.00%)
auto-selected 1-fold oversampling
[HKL stats] h=[-1,-0] k=[-19,-18] l=[7,7] hit_rate=144/144 (100.00%)
auto-selected 1-fold oversampling
[HKL stats] h=[5,5] k=[-18,-18] l=[8,8] hit_rate=144/144 (100.00%)
auto-selected 1-fold oversampling
[HKL stats] h=[-6,-5] k=[-19,-19] l=[7,7] hit_rate=144/144 (100.00%)
auto-selected 1-fold oversampling
[HKL stats] h=[-10,-10] k=[-20,-20] l=[8,8] hit_rate=144/144 (100.00%)
auto-selected 1-fold oversampling
[HKL stats] h=[6,6] k=[-19,-19] l=[10,10] hit_rate=144/144 (100.00%)
auto-selected 1-fold oversampling
[HKL stats] h=[9,9] k=[-18,-18] l=[11,12] hit_rate=144/144 (100.00%)
auto-selected 1-fold oversampling
[HKL stats] h=[-13,-12] k=[-19,-19] l=[10,10] hit_rate=144/144 (100.00%)
auto-selected 1-fold oversampling
[HKL stats] h=[7,7] k=[-20,-20] l=[11,11] hit_rate=144/144 (100.00%)
auto-selected 1-fold oversampling
[HKL stats] h=[-14,-13] k=[-20,-20] l=[11,12] hit_rate=144/144 (100.00%)
auto-selected 1-fold oversampling
[HKL stats] h=[3,3] k=[-22,-21] l=[10,11] hit_rate=144/144 (100.00%)
auto-selected 1-fold oversampling
[HKL stats] h=[-16,22] k=[-22,22] l=[0,14] hit_rate=6091855/6224001 (97.88%)

COLD results:
  Wall clock: 14.63s
  Closure evals: 28
  Final loss: 279773248.000000
  Status: ok

============================================================
SPEEDUP: 1.01× (cold=14.63s / warm=14.50s)
============================================================


Artifacts written to plans/active/PERF-WARM-SIM-001/reports/2025-11-21T103500Z/
  - benchmark_summary.json
  - benchmark_report.txt
  - warm_perf_counters.json
  - cold_perf_counters.json
