/home/ollie/miniconda3/envs/simtbx/lib/python3.9/site-packages/dials/extensions/__init__.py:3: UserWarning: pkg_resources is deprecated as an API. See https://setuptools.pypa.io/en/latest/pkg_resources.html. The pkg_resources package is slated for removal as early as 2025-11-30. Refrain from using this package or pin to Setuptools<81.
  import pkg_resources
Output directory: /home/ollie/Documents/diffbragg_example_2/diffbragg_example/plans/active/TOOLING-VIS-001/reports/2025-11-25T051235Z/parity_probe
Device: cuda
Sigma source: metadata
Detector size: small

Repository root: /home/ollie/Documents/diffbragg_example_2/diffbragg_example
Smoke dataset expt: /home/ollie/Documents/diffbragg_example_2/diffbragg_example/sp.proc/idx-0000_sigma_metadata.expt
Smoke dataset refl: /home/ollie/Documents/diffbragg_example_2/diffbragg_example/refGeom.refl
Smoke dataset mask: /home/ollie/Documents/diffbragg_example_2/diffbragg_example/747_mask.pkl

Building mapping context via build_mapping_stage_a_context...
auto-selected 3-fold oversampling
[HKL stats] h=[-23,8] k=[-28,12] l=[-29,10] hit_rate=55457827/56016009 (99.00%)
Emitting mapping context diagnostics to plans/active/TOOLING-VIS-001/reports/2025-11-25T051235Z/parity_probe/mapping_context_probe.json...
Wrote: /home/ollie/Documents/diffbragg_example_2/diffbragg_example/plans/active/TOOLING-VIS-001/reports/2025-11-25T051235Z/parity_probe/mapping_context_probe.json
HKL source: scaled.mtz
HKL path: scaled.mtz
Running Stage A engine (nearest-neighbor HKL)...
[CRYSTAL_CUDA_PRE] cell=(27.92335569862767, 32.38645729350522, 34.81102076383346, 88.76861581157907, 71.6300065859712, 68.18891879154103)
[CRYSTAL_CUDA_PRE] A_matrix=[[-0.026284467964322544, -0.004888060238727539, 0.025023884371509392], [-0.028827244260382686, 0.029251662645631813, -0.0011996522842887757], [-0.012207815427287267, -0.0154826593697566, -0.017305900517881247]]
[CRYSTAL_CUDA_PRE] U_matrix=[[-0.5182379382466451, -0.23667704454934876, 0.8218353946778225], [-0.46612619834645097, 0.8838405307786363, -0.039399027500987], [-0.7170465860576644, -0.4034970789687628, -0.5683610654212029]]
[CRYSTAL_CUDA_PRE] B_matrix=[[0.03581231463699566, 0.0, 0.0], [-0.014331938807133918, 0.03325790452011918, 0.0], [-0.013527293731244715, 0.0036300727984199597, 0.030448779078588242]]
auto-selected 3-fold oversampling
[HKL stats] h=[1,1] k=[22,22] l=[11,11] hit_rate=1296/1296 (100.00%)
auto-selected 3-fold oversampling
[HKL stats] h=[4,4] k=[16,16] l=[4,5] hit_rate=1296/1296 (100.00%)
auto-selected 3-fold oversampling
[HKL stats] h=[7,7] k=[11,12] l=[2,2] hit_rate=1296/1296 (100.00%)
auto-selected 3-fold oversampling
[HKL stats] h=[11,12] k=[10,10] l=[3,3] hit_rate=1296/1296 (100.00%)
auto-selected 3-fold oversampling
[HKL stats] h=[-5,-4] k=[6,6] l=[2,2] hit_rate=1296/1296 (100.00%)
auto-selected 3-fold oversampling
[HKL stats] h=[-8,-8] k=[3,3] l=[3,3] hit_rate=1296/1296 (100.00%)
auto-selected 3-fold oversampling
[HKL stats] h=[-12,-12] k=[3,3] l=[7,7] hit_rate=1296/1296 (100.00%)
auto-selected 3-fold oversampling
[HKL stats] h=[-1,-1] k=[2,2] l=[0,0] hit_rate=1296/1296 (100.00%)
auto-selected 3-fold oversampling
[HKL stats] h=[-13,-13] k=[-3,-3] l=[5,5] hit_rate=1296/1296 (100.00%)
auto-selected 3-fold oversampling
[HKL stats] h=[-15,-15] k=[-7,-7] l=[8,8] hit_rate=1296/1296 (100.00%)
auto-selected 3-fold oversampling
[HKL stats] h=[-12,-12] k=[-11,-10] l=[5,5] hit_rate=1296/1296 (100.00%)
auto-selected 3-fold oversampling
[HKL stats] h=[4,5] k=[-18,-18] l=[8,8] hit_rate=1296/1296 (100.00%)
auto-selected 3-fold oversampling
[HKL stats] h=[6,6] k=[-20,-20] l=[11,11] hit_rate=1296/1296 (100.00%)
auto-selected 3-fold oversampling
[HKL stats] h=[1,1] k=[22,22] l=[11,11] hit_rate=1296/1296 (100.00%)
auto-selected 3-fold oversampling
[HKL stats] h=[-0,-0] k=[21,21] l=[11,11] hit_rate=1296/1296 (100.00%)
auto-selected 3-fold oversampling
[HKL stats] h=[8,8] k=[22,22] l=[9,9] hit_rate=1296/1296 (100.00%)
auto-selected 3-fold oversampling
[HKL stats] h=[10,10] k=[21,22] l=[8,8] hit_rate=1296/1296 (100.00%)
auto-selected 3-fold oversampling
[HKL stats] h=[-6,-6] k=[16,16] l=[11,11] hit_rate=1296/1296 (100.00%)
auto-selected 3-fold oversampling
[HKL stats] h=[-1,-1] k=[16,17] l=[7,7] hit_rate=1296/1296 (100.00%)
auto-selected 3-fold oversampling
[HKL stats] h=[16,16] k=[16,16] l=[7,7] hit_rate=1296/1296 (100.00%)
auto-selected 3-fold oversampling
[HKL stats] h=[-3,-3] k=[16,16] l=[7,8] hit_rate=1296/1296 (100.00%)
auto-selected 3-fold oversampling
[HKL stats] h=[5,5] k=[17,17] l=[5,5] hit_rate=1296/1296 (100.00%)
auto-selected 3-fold oversampling
[HKL stats] h=[7,7] k=[16,17] l=[5,5] hit_rate=1296/1296 (100.00%)
auto-selected 3-fold oversampling
[HKL stats] h=[4,4] k=[16,16] l=[4,5] hit_rate=1296/1296 (100.00%)
auto-selected 3-fold oversampling
[HKL stats] h=[9,9] k=[15,16] l=[4,4] hit_rate=1296/1296 (100.00%)
auto-selected 3-fold oversampling
[HKL stats] h=[0,1] k=[15,15] l=[5,5] hit_rate=1296/1296 (100.00%)
auto-selected 3-fold oversampling
[HKL stats] h=[3,3] k=[15,15] l=[4,4] hit_rate=1296/1296 (100.00%)
auto-selected 3-fold oversampling
[HKL stats] h=[14,14] k=[14,14] l=[5,5] hit_rate=1296/1296 (100.00%)
auto-selected 3-fold oversampling
[HKL stats] h=[5,6] k=[14,14] l=[3,3] hit_rate=1296/1296 (100.00%)
auto-selected 3-fold oversampling
[HKL stats] h=[14,15] k=[12,12] l=[5,5] hit_rate=1296/1296 (100.00%)
auto-selected 3-fold oversampling
[HKL stats] h=[2,3] k=[13,13] l=[3,3] hit_rate=1296/1296 (100.00%)
auto-selected 3-fold oversampling
[HKL stats] h=[11,11] k=[12,12] l=[4,4] hit_rate=1296/1296 (100.00%)
auto-selected 3-fold oversampling
[HKL stats] h=[9,9] k=[12,12] l=[3,3] hit_rate=1296/1296 (100.00%)
auto-selected 3-fold oversampling
[HKL stats] h=[-9,-9] k=[10,11] l=[9,9] hit_rate=1296/1296 (100.00%)
auto-selected 3-fold oversampling
[HKL stats] h=[11,11] k=[11,11] l=[3,4] hit_rate=1296/1296 (100.00%)
auto-selected 3-fold oversampling
[HKL stats] h=[7,7] k=[11,12] l=[2,2] hit_rate=1296/1296 (100.00%)
auto-selected 3-fold oversampling
[HKL stats] h=[-0,-0] k=[11,11] l=[3,3] hit_rate=1296/1296 (100.00%)
auto-selected 3-fold oversampling
[HKL stats] h=[-4,-4] k=[11,11] l=[4,4] hit_rate=1296/1296 (100.00%)
auto-selected 3-fold oversampling
[HKL stats] h=[-7,-7] k=[10,10] l=[6,6] hit_rate=1296/1296 (100.00%)
auto-selected 3-fold oversampling
[HKL stats] h=[11,12] k=[10,10] l=[3,3] hit_rate=1296/1296 (100.00%)
auto-selected 3-fold oversampling
[HKL stats] h=[1,1] k=[10,10] l=[2,2] hit_rate=1296/1296 (100.00%)
auto-selected 3-fold oversampling
[HKL stats] h=[5,5] k=[8,9] l=[1,1] hit_rate=1296/1296 (100.00%)
auto-selected 3-fold oversampling
[HKL stats] h=[-7,-7] k=[8,8] l=[4,5] hit_rate=1296/1296 (100.00%)
auto-selected 3-fold oversampling
[HKL stats] h=[11,11] k=[7,7] l=[3,3] hit_rate=1296/1296 (100.00%)
auto-selected 3-fold oversampling
[HKL stats] h=[4,4] k=[6,7] l=[1,1] hit_rate=1296/1296 (100.00%)
auto-selected 3-fold oversampling
[HKL stats] h=[-1,-1] k=[6,6] l=[1,1] hit_rate=1296/1296 (100.00%)
auto-selected 3-fold oversampling
[HKL stats] h=[1,1] k=[6,6] l=[1,1] hit_rate=1296/1296 (100.00%)
auto-selected 3-fold oversampling
[HKL stats] h=[4,5] k=[5,6] l=[1,1] hit_rate=1296/1296 (100.00%)
auto-selected 3-fold oversampling
[HKL stats] h=[-5,-4] k=[6,6] l=[2,2] hit_rate=1296/1296 (100.00%)
auto-selected 3-fold oversampling
[HKL stats] h=[-13,-12] k=[5,5] l=[9,9] hit_rate=1296/1296 (100.00%)
auto-selected 3-fold oversampling
[HKL stats] h=[-2,-2] k=[5,5] l=[1,1] hit_rate=1296/1296 (100.00%)
auto-selected 3-fold oversampling
[HKL stats] h=[-4,-4] k=[4,5] l=[1,1] hit_rate=1296/1296 (100.00%)
auto-selected 3-fold oversampling
[HKL stats] h=[-8,-8] k=[3,3] l=[3,3] hit_rate=1296/1296 (100.00%)
auto-selected 3-fold oversampling
[HKL stats] h=[-12,-12] k=[3,3] l=[7,7] hit_rate=1296/1296 (100.00%)
auto-selected 3-fold oversampling
[HKL stats] h=[-12,-11] k=[3,3] l=[6,6] hit_rate=1296/1296 (100.00%)
auto-selected 3-fold oversampling
[HKL stats] h=[-11,-11] k=[2,3] l=[5,5] hit_rate=1296/1296 (100.00%)
auto-selected 3-fold oversampling
[HKL stats] h=[14,14] k=[2,2] l=[5,5] hit_rate=1296/1296 (100.00%)
auto-selected 3-fold oversampling
[HKL stats] h=[-1,-1] k=[2,2] l=[0,0] hit_rate=1296/1296 (100.00%)
auto-selected 3-fold oversampling
[HKL stats] h=[7,8] k=[-2,-2] l=[2,2] hit_rate=1296/1296 (100.00%)
auto-selected 3-fold oversampling
[HKL stats] h=[-1,-1] k=[-2,-2] l=[0,0] hit_rate=1296/1296 (100.00%)
auto-selected 3-fold oversampling
[HKL stats] h=[12,13] k=[-2,-2] l=[4,5] hit_rate=1296/1296 (100.00%)
auto-selected 3-fold oversampling
[HKL stats] h=[3,4] k=[-2,-2] l=[1,1] hit_rate=1296/1296 (100.00%)
auto-selected 3-fold oversampling
[HKL stats] h=[-7,-7] k=[-2,-2] l=[1,1] hit_rate=1296/1296 (100.00%)
auto-selected 3-fold oversampling
[HKL stats] h=[-3,-3] k=[-3,-3] l=[0,0] hit_rate=1296/1296 (100.00%)
auto-selected 3-fold oversampling
[HKL stats] h=[11,11] k=[-3,-3] l=[4,4] hit_rate=1296/1296 (100.00%)
auto-selected 3-fold oversampling
[HKL stats] h=[2,3] k=[-4,-4] l=[1,1] hit_rate=1296/1296 (100.00%)
auto-selected 3-fold oversampling
[HKL stats] h=[4,4] k=[-4,-4] l=[1,1] hit_rate=1296/1296 (100.00%)
auto-selected 3-fold oversampling
[HKL stats] h=[-9,-8] k=[-4,-4] l=[2,2] hit_rate=1296/1296 (100.00%)
auto-selected 3-fold oversampling
[HKL stats] h=[-13,-13] k=[-3,-3] l=[5,5] hit_rate=1296/1296 (100.00%)
auto-selected 3-fold oversampling
[HKL stats] h=[-15,-15] k=[-3,-3] l=[8,8] hit_rate=1296/1296 (100.00%)
auto-selected 3-fold oversampling
[HKL stats] h=[-11,-11] k=[-6,-5] l=[3,3] hit_rate=1296/1296 (100.00%)
auto-selected 3-fold oversampling
[HKL stats] h=[-4,-3] k=[-7,-6] l=[1,1] hit_rate=1296/1296 (100.00%)
auto-selected 3-fold oversampling
[HKL stats] h=[-0,-0] k=[-7,-7] l=[1,1] hit_rate=1296/1296 (100.00%)
auto-selected 3-fold oversampling
[HKL stats] h=[-8,-7] k=[-7,-7] l=[2,2] hit_rate=1296/1296 (100.00%)
auto-selected 3-fold oversampling
[HKL stats] h=[11,12] k=[-7,-7] l=[5,6] hit_rate=1296/1296 (100.00%)
auto-selected 3-fold oversampling
[HKL stats] h=[-2,-2] k=[-8,-8] l=[1,1] hit_rate=1296/1296 (100.00%)
auto-selected 3-fold oversampling
[HKL stats] h=[-5,-5] k=[-8,-8] l=[1,1] hit_rate=1296/1296 (100.00%)
auto-selected 3-fold oversampling
[HKL stats] h=[-14,-14] k=[-7,-7] l=[6,6] hit_rate=1296/1296 (100.00%)
auto-selected 3-fold oversampling
[HKL stats] h=[-15,-14] k=[-7,-7] l=[7,7] hit_rate=1296/1296 (100.00%)
auto-selected 3-fold oversampling
[HKL stats] h=[-15,-15] k=[-7,-7] l=[8,8] hit_rate=1296/1296 (100.00%)
auto-selected 3-fold oversampling
[HKL stats] h=[-15,-15] k=[-7,-7] l=[8,8] hit_rate=1296/1296 (100.00%)
auto-selected 3-fold oversampling
[HKL stats] h=[10,10] k=[-9,-9] l=[6,6] hit_rate=1296/1296 (100.00%)
auto-selected 3-fold oversampling
[HKL stats] h=[-0,-0] k=[-10,-10] l=[2,2] hit_rate=1296/1296 (100.00%)
auto-selected 3-fold oversampling
[HKL stats] h=[-13,-12] k=[-9,-9] l=[5,5] hit_rate=1296/1296 (100.00%)
auto-selected 3-fold oversampling
[HKL stats] h=[6,7] k=[-11,-10] l=[4,4] hit_rate=1296/1296 (100.00%)
auto-selected 3-fold oversampling
[HKL stats] h=[-12,-12] k=[-11,-10] l=[5,5] hit_rate=1296/1296 (100.00%)
auto-selected 3-fold oversampling
[HKL stats] h=[-3,-3] k=[-13,-12] l=[3,3] hit_rate=1296/1296 (100.00%)
auto-selected 3-fold oversampling
[HKL stats] h=[4,4] k=[-12,-12] l=[4,4] hit_rate=1296/1296 (100.00%)
auto-selected 3-fold oversampling
[HKL stats] h=[4,4] k=[-13,-13] l=[4,5] hit_rate=1296/1296 (100.00%)
auto-selected 3-fold oversampling
[HKL stats] h=[4,4] k=[-14,-14] l=[5,5] hit_rate=1296/1296 (100.00%)
auto-selected 3-fold oversampling
[HKL stats] h=[4,4] k=[-15,-15] l=[6,6] hit_rate=1296/1296 (100.00%)
auto-selected 3-fold oversampling
[HKL stats] h=[-4,-4] k=[-17,-17] l=[5,5] hit_rate=1296/1296 (100.00%)
auto-selected 3-fold oversampling
[HKL stats] h=[-10,-9] k=[-18,-18] l=[6,7] hit_rate=1296/1296 (100.00%)
auto-selected 3-fold oversampling
[HKL stats] h=[-3,-2] k=[-19,-18] l=[6,6] hit_rate=1296/1296 (100.00%)
auto-selected 3-fold oversampling
[HKL stats] h=[11,12] k=[-16,-16] l=[11,11] hit_rate=42/1296 (3.24%)
auto-selected 3-fold oversampling
[HKL stats] h=[-1,-1] k=[-19,-18] l=[7,7] hit_rate=1296/1296 (100.00%)
auto-selected 3-fold oversampling
[HKL stats] h=[4,5] k=[-18,-18] l=[8,8] hit_rate=1296/1296 (100.00%)
auto-selected 3-fold oversampling
[HKL stats] h=[-6,-6] k=[-19,-19] l=[7,7] hit_rate=1296/1296 (100.00%)
auto-selected 3-fold oversampling
[HKL stats] h=[-10,-10] k=[-20,-19] l=[8,8] hit_rate=1296/1296 (100.00%)
auto-selected 3-fold oversampling
[HKL stats] h=[5,5] k=[-19,-19] l=[10,10] hit_rate=1296/1296 (100.00%)
auto-selected 3-fold oversampling
[HKL stats] h=[9,9] k=[-18,-18] l=[11,12] hit_rate=1296/1296 (100.00%)
auto-selected 3-fold oversampling
[HKL stats] h=[-13,-13] k=[-19,-19] l=[10,10] hit_rate=1296/1296 (100.00%)
auto-selected 3-fold oversampling
[HKL stats] h=[6,6] k=[-20,-20] l=[11,11] hit_rate=1296/1296 (100.00%)
auto-selected 3-fold oversampling
[HKL stats] h=[-14,-14] k=[-20,-20] l=[11,11] hit_rate=1296/1296 (100.00%)
auto-selected 3-fold oversampling
[HKL stats] h=[2,2] k=[-22,-22] l=[10,11] hit_rate=1296/1296 (100.00%)
auto-selected 3-fold oversampling
[HKL stats] h=[1,1] k=[22,22] l=[15,15] hit_rate=1296/1296 (100.00%)
auto-selected 3-fold oversampling
[HKL stats] h=[3,3] k=[16,16] l=[6,6] hit_rate=1296/1296 (100.00%)
auto-selected 3-fold oversampling
[HKL stats] h=[5,5] k=[11,12] l=[3,3] hit_rate=1296/1296 (100.00%)
auto-selected 3-fold oversampling
[HKL stats] h=[8,9] k=[10,10] l=[4,4] hit_rate=1296/1296 (100.00%)
auto-selected 3-fold oversampling
[HKL stats] h=[-4,-3] k=[5,6] l=[2,3] hit_rate=1296/1296 (100.00%)
auto-selected 3-fold oversampling
[HKL stats] h=[-6,-6] k=[3,3] l=[4,4] hit_rate=1296/1296 (100.00%)
auto-selected 3-fold oversampling
[HKL stats] h=[-9,-9] k=[3,3] l=[10,10] hit_rate=1296/1296 (100.00%)
auto-selected 3-fold oversampling
[HKL stats] h=[-1,-0] k=[2,2] l=[0,0] hit_rate=1296/1296 (100.00%)
auto-selected 3-fold oversampling
[HKL stats] h=[-9,-9] k=[-3,-3] l=[8,8] hit_rate=1296/1296 (100.00%)
auto-selected 3-fold oversampling
[HKL stats] h=[-11,-11] k=[-7,-7] l=[12,12] hit_rate=1296/1296 (100.00%)
auto-selected 3-fold oversampling
[HKL stats] h=[-9,-9] k=[-10,-10] l=[7,7] hit_rate=1296/1296 (100.00%)
auto-selected 3-fold oversampling
[HKL stats] h=[4,4] k=[-18,-18] l=[11,12] hit_rate=1296/1296 (100.00%)
auto-selected 3-fold oversampling
[HKL stats] h=[5,5] k=[-20,-20] l=[15,16] hit_rate=1296/1296 (100.00%)
auto-selected 3-fold oversampling
[HKL stats] h=[1,1] k=[22,22] l=[11,12] hit_rate=1296/1296 (100.00%)
auto-selected 3-fold oversampling
[HKL stats] h=[4,4] k=[16,16] l=[5,5] hit_rate=1296/1296 (100.00%)
auto-selected 3-fold oversampling
[HKL stats] h=[6,7] k=[11,12] l=[2,3] hit_rate=1296/1296 (100.00%)
auto-selected 3-fold oversampling
[HKL stats] h=[11,11] k=[10,10] l=[3,4] hit_rate=1296/1296 (100.00%)
auto-selected 3-fold oversampling
[HKL stats] h=[-4,-4] k=[6,6] l=[2,2] hit_rate=1296/1296 (100.00%)
auto-selected 3-fold oversampling
[HKL stats] h=[-8,-7] k=[3,3] l=[3,3] hit_rate=1296/1296 (100.00%)
auto-selected 3-fold oversampling
[HKL stats] h=[-12,-12] k=[3,3] l=[7,8] hit_rate=1296/1296 (100.00%)
auto-selected 3-fold oversampling
[HKL stats] h=[-1,-1] k=[2,2] l=[0,0] hit_rate=1296/1296 (100.00%)
auto-selected 3-fold oversampling
[HKL stats] h=[-12,-12] k=[-3,-3] l=[5,6] hit_rate=1296/1296 (100.00%)
auto-selected 3-fold oversampling
[HKL stats] h=[-15,-15] k=[-7,-7] l=[9,9] hit_rate=1296/1296 (100.00%)
auto-selected 3-fold oversampling
[HKL stats] h=[-12,-11] k=[-11,-10] l=[5,5] hit_rate=1296/1296 (100.00%)
auto-selected 3-fold oversampling
[HKL stats] h=[4,4] k=[-18,-18] l=[9,9] hit_rate=1296/1296 (100.00%)
auto-selected 3-fold oversampling
[HKL stats] h=[6,6] k=[-20,-20] l=[12,12] hit_rate=1296/1296 (100.00%)
auto-selected 3-fold oversampling
[HKL stats] h=[1,1] k=[22,22] l=[11,11] hit_rate=1296/1296 (100.00%)
auto-selected 3-fold oversampling
[HKL stats] h=[4,4] k=[16,16] l=[4,5] hit_rate=1296/1296 (100.00%)
auto-selected 3-fold oversampling
[HKL stats] h=[7,7] k=[11,12] l=[2,2] hit_rate=1296/1296 (100.00%)
auto-selected 3-fold oversampling
[HKL stats] h=[11,12] k=[10,10] l=[3,3] hit_rate=1296/1296 (100.00%)
auto-selected 3-fold oversampling
[HKL stats] h=[-5,-4] k=[6,6] l=[2,2] hit_rate=1296/1296 (100.00%)
auto-selected 3-fold oversampling
[HKL stats] h=[-8,-8] k=[3,3] l=[3,3] hit_rate=1296/1296 (100.00%)
auto-selected 3-fold oversampling
[HKL stats] h=[-12,-12] k=[3,3] l=[7,7] hit_rate=1296/1296 (100.00%)
auto-selected 3-fold oversampling
[HKL stats] h=[-1,-1] k=[2,2] l=[0,0] hit_rate=1296/1296 (100.00%)
auto-selected 3-fold oversampling
[HKL stats] h=[-13,-13] k=[-3,-3] l=[5,5] hit_rate=1296/1296 (100.00%)
auto-selected 3-fold oversampling
[HKL stats] h=[-15,-15] k=[-7,-7] l=[8,8] hit_rate=1296/1296 (100.00%)
auto-selected 3-fold oversampling
[HKL stats] h=[-12,-12] k=[-11,-10] l=[5,5] hit_rate=1296/1296 (100.00%)
auto-selected 3-fold oversampling
[HKL stats] h=[4,5] k=[-18,-18] l=[8,8] hit_rate=1296/1296 (100.00%)
auto-selected 3-fold oversampling
[HKL stats] h=[6,6] k=[-20,-20] l=[11,11] hit_rate=1296/1296 (100.00%)
auto-selected 3-fold oversampling
[HKL stats] h=[1,1] k=[22,22] l=[11,11] hit_rate=1296/1296 (100.00%)
auto-selected 3-fold oversampling
[HKL stats] h=[4,4] k=[16,16] l=[4,5] hit_rate=1296/1296 (100.00%)
auto-selected 3-fold oversampling
[HKL stats] h=[7,7] k=[11,12] l=[2,2] hit_rate=1296/1296 (100.00%)
auto-selected 3-fold oversampling
[HKL stats] h=[11,11] k=[10,10] l=[3,3] hit_rate=1296/1296 (100.00%)
auto-selected 3-fold oversampling
[HKL stats] h=[-5,-4] k=[6,6] l=[2,2] hit_rate=1296/1296 (100.00%)
auto-selected 3-fold oversampling
[HKL stats] h=[-8,-8] k=[3,3] l=[3,3] hit_rate=1296/1296 (100.00%)
auto-selected 3-fold oversampling
[HKL stats] h=[-12,-12] k=[3,3] l=[7,7] hit_rate=1296/1296 (100.00%)
auto-selected 3-fold oversampling
[HKL stats] h=[-1,-1] k=[2,2] l=[0,0] hit_rate=1296/1296 (100.00%)
auto-selected 3-fold oversampling
[HKL stats] h=[-13,-12] k=[-3,-3] l=[5,5] hit_rate=1296/1296 (100.00%)
auto-selected 3-fold oversampling
[HKL stats] h=[-15,-15] k=[-7,-7] l=[8,8] hit_rate=1296/1296 (100.00%)
auto-selected 3-fold oversampling
[HKL stats] h=[-12,-12] k=[-11,-10] l=[5,5] hit_rate=1296/1296 (100.00%)
auto-selected 3-fold oversampling
[HKL stats] h=[4,5] k=[-18,-18] l=[8,8] hit_rate=1296/1296 (100.00%)
auto-selected 3-fold oversampling
[HKL stats] h=[6,6] k=[-20,-20] l=[11,11] hit_rate=1296/1296 (100.00%)
auto-selected 3-fold oversampling
[HKL stats] h=[1,1] k=[22,22] l=[11,11] hit_rate=1296/1296 (100.00%)
auto-selected 3-fold oversampling
[HKL stats] h=[4,4] k=[16,16] l=[4,5] hit_rate=1296/1296 (100.00%)
auto-selected 3-fold oversampling
[HKL stats] h=[7,7] k=[11,12] l=[2,2] hit_rate=1296/1296 (100.00%)
auto-selected 3-fold oversampling
[HKL stats] h=[11,11] k=[10,10] l=[3,3] hit_rate=1296/1296 (100.00%)
auto-selected 3-fold oversampling
[HKL stats] h=[-5,-4] k=[6,6] l=[2,2] hit_rate=1296/1296 (100.00%)
auto-selected 3-fold oversampling
[HKL stats] h=[-8,-8] k=[3,3] l=[3,3] hit_rate=1296/1296 (100.00%)
auto-selected 3-fold oversampling
[HKL stats] h=[-12,-12] k=[3,3] l=[7,7] hit_rate=1296/1296 (100.00%)
auto-selected 3-fold oversampling
[HKL stats] h=[-1,-1] k=[2,2] l=[0,0] hit_rate=1296/1296 (100.00%)
auto-selected 3-fold oversampling
[HKL stats] h=[-13,-12] k=[-3,-3] l=[5,5] hit_rate=1296/1296 (100.00%)
auto-selected 3-fold oversampling
[HKL stats] h=[-15,-15] k=[-7,-7] l=[8,8] hit_rate=1296/1296 (100.00%)
auto-selected 3-fold oversampling
[HKL stats] h=[-12,-12] k=[-11,-10] l=[5,5] hit_rate=1296/1296 (100.00%)
auto-selected 3-fold oversampling
[HKL stats] h=[4,5] k=[-18,-18] l=[8,8] hit_rate=1296/1296 (100.00%)
auto-selected 3-fold oversampling
[HKL stats] h=[6,6] k=[-20,-20] l=[11,11] hit_rate=1296/1296 (100.00%)
auto-selected 3-fold oversampling
[HKL stats] h=[1,1] k=[22,22] l=[11,11] hit_rate=1296/1296 (100.00%)
auto-selected 3-fold oversampling
[HKL stats] h=[-0,-0] k=[21,21] l=[11,11] hit_rate=1296/1296 (100.00%)
auto-selected 3-fold oversampling
[HKL stats] h=[8,8] k=[22,22] l=[9,9] hit_rate=1296/1296 (100.00%)
auto-selected 3-fold oversampling
[HKL stats] h=[9,10] k=[21,22] l=[8,9] hit_rate=1296/1296 (100.00%)
auto-selected 3-fold oversampling
[HKL stats] h=[-6,-6] k=[16,16] l=[11,11] hit_rate=1296/1296 (100.00%)
auto-selected 3-fold oversampling
[HKL stats] h=[-1,-1] k=[16,17] l=[7,7] hit_rate=1296/1296 (100.00%)
auto-selected 3-fold oversampling
[HKL stats] h=[15,16] k=[16,16] l=[7,7] hit_rate=1296/1296 (100.00%)
auto-selected 3-fold oversampling
[HKL stats] h=[-3,-3] k=[16,16] l=[8,8] hit_rate=1296/1296 (100.00%)
auto-selected 3-fold oversampling
[HKL stats] h=[5,5] k=[17,17] l=[5,5] hit_rate=1296/1296 (100.00%)
auto-selected 3-fold oversampling
[HKL stats] h=[7,7] k=[16,17] l=[5,5] hit_rate=1296/1296 (100.00%)
auto-selected 3-fold oversampling
[HKL stats] h=[4,4] k=[16,16] l=[4,5] hit_rate=1296/1296 (100.00%)
auto-selected 3-fold oversampling
[HKL stats] h=[9,9] k=[15,16] l=[4,5] hit_rate=1296/1296 (100.00%)
auto-selected 3-fold oversampling
[HKL stats] h=[0,1] k=[15,15] l=[5,5] hit_rate=1296/1296 (100.00%)
auto-selected 3-fold oversampling
[HKL stats] h=[3,3] k=[15,15] l=[4,4] hit_rate=1296/1296 (100.00%)
auto-selected 3-fold oversampling
[HKL stats] h=[14,14] k=[14,14] l=[5,6] hit_rate=1296/1296 (100.00%)
auto-selected 3-fold oversampling
[HKL stats] h=[5,6] k=[14,14] l=[3,3] hit_rate=1296/1296 (100.00%)
auto-selected 3-fold oversampling
[HKL stats] h=[14,15] k=[12,12] l=[5,5] hit_rate=1296/1296 (100.00%)
auto-selected 3-fold oversampling
[HKL stats] h=[2,3] k=[13,13] l=[3,3] hit_rate=1296/1296 (100.00%)
auto-selected 3-fold oversampling
[HKL stats] h=[11,11] k=[12,12] l=[4,4] hit_rate=1296/1296 (100.00%)
auto-selected 3-fold oversampling
[HKL stats] h=[9,9] k=[12,12] l=[3,3] hit_rate=1296/1296 (100.00%)
auto-selected 3-fold oversampling
[HKL stats] h=[-9,-9] k=[10,11] l=[9,9] hit_rate=1296/1296 (100.00%)
auto-selected 3-fold oversampling
[HKL stats] h=[11,11] k=[11,11] l=[3,4] hit_rate=1296/1296 (100.00%)
auto-selected 3-fold oversampling
[HKL stats] h=[7,7] k=[11,12] l=[2,2] hit_rate=1296/1296 (100.00%)
auto-selected 3-fold oversampling
[HKL stats] h=[-0,-0] k=[11,11] l=[3,3] hit_rate=1296/1296 (100.00%)
auto-selected 3-fold oversampling
[HKL stats] h=[-4,-4] k=[11,11] l=[4,4] hit_rate=1296/1296 (100.00%)
auto-selected 3-fold oversampling
[HKL stats] h=[-7,-7] k=[10,10] l=[6,6] hit_rate=1296/1296 (100.00%)
auto-selected 3-fold oversampling
[HKL stats] h=[11,11] k=[10,10] l=[3,3] hit_rate=1296/1296 (100.00%)
auto-selected 3-fold oversampling
[HKL stats] h=[1,1] k=[10,10] l=[2,2] hit_rate=1296/1296 (100.00%)
auto-selected 3-fold oversampling
[HKL stats] h=[5,5] k=[8,9] l=[1,1] hit_rate=1296/1296 (100.00%)
auto-selected 3-fold oversampling
[HKL stats] h=[-7,-7] k=[8,8] l=[4,5] hit_rate=1296/1296 (100.00%)
auto-selected 3-fold oversampling
[HKL stats] h=[11,11] k=[7,7] l=[3,3] hit_rate=1296/1296 (100.00%)
auto-selected 3-fold oversampling
[HKL stats] h=[4,4] k=[6,7] l=[1,1] hit_rate=1296/1296 (100.00%)
auto-selected 3-fold oversampling
[HKL stats] h=[-1,-1] k=[6,6] l=[1,1] hit_rate=1296/1296 (100.00%)
auto-selected 3-fold oversampling
[HKL stats] h=[1,1] k=[6,6] l=[1,1] hit_rate=1296/1296 (100.00%)
auto-selected 3-fold oversampling
[HKL stats] h=[4,5] k=[5,6] l=[1,1] hit_rate=1296/1296 (100.00%)
auto-selected 3-fold oversampling
[HKL stats] h=[-5,-4] k=[6,6] l=[2,2] hit_rate=1296/1296 (100.00%)
auto-selected 3-fold oversampling
[HKL stats] h=[-12,-12] k=[5,5] l=[9,9] hit_rate=1296/1296 (100.00%)
auto-selected 3-fold oversampling
[HKL stats] h=[-2,-2] k=[5,5] l=[1,1] hit_rate=1296/1296 (100.00%)
auto-selected 3-fold oversampling
[HKL stats] h=[-4,-4] k=[4,5] l=[1,1] hit_rate=1296/1296 (100.00%)
auto-selected 3-fold oversampling
[HKL stats] h=[-8,-8] k=[3,3] l=[3,3] hit_rate=1296/1296 (100.00%)
auto-selected 3-fold oversampling
[HKL stats] h=[-12,-12] k=[3,3] l=[7,7] hit_rate=1296/1296 (100.00%)
auto-selected 3-fold oversampling
[HKL stats] h=[-11,-11] k=[3,3] l=[6,6] hit_rate=1296/1296 (100.00%)
auto-selected 3-fold oversampling
[HKL stats] h=[-11,-11] k=[2,3] l=[5,5] hit_rate=1296/1296 (100.00%)
auto-selected 3-fold oversampling
[HKL stats] h=[14,14] k=[2,2] l=[5,5] hit_rate=1296/1296 (100.00%)
auto-selected 3-fold oversampling
[HKL stats] h=[-1,-1] k=[2,2] l=[0,0] hit_rate=1296/1296 (100.00%)
auto-selected 3-fold oversampling
[HKL stats] h=[7,8] k=[-2,-2] l=[2,2] hit_rate=1296/1296 (100.00%)
auto-selected 3-fold oversampling
[HKL stats] h=[-1,-1] k=[-2,-2] l=[0,0] hit_rate=1296/1296 (100.00%)
auto-selected 3-fold oversampling
[HKL stats] h=[12,12] k=[-2,-2] l=[4,5] hit_rate=1296/1296 (100.00%)
auto-selected 3-fold oversampling
[HKL stats] h=[3,4] k=[-2,-2] l=[1,1] hit_rate=1296/1296 (100.00%)
auto-selected 3-fold oversampling
[HKL stats] h=[-7,-7] k=[-2,-2] l=[1,1] hit_rate=1296/1296 (100.00%)
auto-selected 3-fold oversampling
[HKL stats] h=[-3,-3] k=[-3,-3] l=[0,0] hit_rate=1296/1296 (100.00%)
auto-selected 3-fold oversampling
[HKL stats] h=[11,11] k=[-3,-3] l=[4,4] hit_rate=1296/1296 (100.00%)
auto-selected 3-fold oversampling
[HKL stats] h=[2,3] k=[-4,-4] l=[1,1] hit_rate=1296/1296 (100.00%)
auto-selected 3-fold oversampling
[HKL stats] h=[4,4] k=[-4,-4] l=[1,1] hit_rate=1296/1296 (100.00%)
auto-selected 3-fold oversampling
[HKL stats] h=[-9,-8] k=[-4,-4] l=[2,2] hit_rate=1296/1296 (100.00%)
auto-selected 3-fold oversampling
[HKL stats] h=[-13,-12] k=[-3,-3] l=[5,5] hit_rate=1296/1296 (100.00%)
auto-selected 3-fold oversampling
[HKL stats] h=[-15,-15] k=[-3,-3] l=[8,8] hit_rate=1296/1296 (100.00%)
auto-selected 3-fold oversampling
[HKL stats] h=[-11,-10] k=[-6,-5] l=[3,3] hit_rate=1296/1296 (100.00%)
auto-selected 3-fold oversampling
[HKL stats] h=[-4,-3] k=[-7,-6] l=[1,1] hit_rate=1296/1296 (100.00%)
auto-selected 3-fold oversampling
[HKL stats] h=[-0,-0] k=[-7,-7] l=[1,1] hit_rate=1296/1296 (100.00%)
auto-selected 3-fold oversampling
[HKL stats] h=[-8,-7] k=[-7,-7] l=[2,2] hit_rate=1296/1296 (100.00%)
auto-selected 3-fold oversampling
[HKL stats] h=[11,11] k=[-7,-7] l=[5,6] hit_rate=1296/1296 (100.00%)
auto-selected 3-fold oversampling
[HKL stats] h=[-2,-2] k=[-8,-8] l=[1,1] hit_rate=1296/1296 (100.00%)
auto-selected 3-fold oversampling
[HKL stats] h=[-5,-5] k=[-8,-8] l=[1,1] hit_rate=1296/1296 (100.00%)
auto-selected 3-fold oversampling
[HKL stats] h=[-14,-14] k=[-7,-7] l=[6,7] hit_rate=1296/1296 (100.00%)
auto-selected 3-fold oversampling
[HKL stats] h=[-14,-14] k=[-7,-7] l=[7,7] hit_rate=1296/1296 (100.00%)
auto-selected 3-fold oversampling
[HKL stats] h=[-15,-15] k=[-7,-7] l=[8,8] hit_rate=1296/1296 (100.00%)
auto-selected 3-fold oversampling
[HKL stats] h=[-15,-15] k=[-7,-7] l=[8,8] hit_rate=1296/1296 (100.00%)
auto-selected 3-fold oversampling
[HKL stats] h=[10,10] k=[-9,-9] l=[6,6] hit_rate=1296/1296 (100.00%)
auto-selected 3-fold oversampling
[HKL stats] h=[-0,-0] k=[-10,-10] l=[2,2] hit_rate=1296/1296 (100.00%)
auto-selected 3-fold oversampling
[HKL stats] h=[-12,-12] k=[-9,-9] l=[5,5] hit_rate=1296/1296 (100.00%)
auto-selected 3-fold oversampling
[HKL stats] h=[6,7] k=[-11,-10] l=[4,4] hit_rate=1296/1296 (100.00%)
auto-selected 3-fold oversampling
[HKL stats] h=[-12,-12] k=[-11,-10] l=[5,5] hit_rate=1296/1296 (100.00%)
auto-selected 3-fold oversampling
[HKL stats] h=[-3,-3] k=[-13,-12] l=[3,3] hit_rate=1296/1296 (100.00%)
auto-selected 3-fold oversampling
[HKL stats] h=[4,4] k=[-12,-12] l=[4,4] hit_rate=1296/1296 (100.00%)
auto-selected 3-fold oversampling
[HKL stats] h=[4,4] k=[-13,-13] l=[4,5] hit_rate=1296/1296 (100.00%)
auto-selected 3-fold oversampling
[HKL stats] h=[4,4] k=[-14,-14] l=[5,5] hit_rate=1296/1296 (100.00%)
auto-selected 3-fold oversampling
[HKL stats] h=[4,4] k=[-15,-15] l=[6,6] hit_rate=1296/1296 (100.00%)
auto-selected 3-fold oversampling
[HKL stats] h=[-4,-4] k=[-17,-17] l=[5,5] hit_rate=1296/1296 (100.00%)
auto-selected 3-fold oversampling
[HKL stats] h=[-10,-9] k=[-18,-18] l=[7,7] hit_rate=1296/1296 (100.00%)
auto-selected 3-fold oversampling
[HKL stats] h=[-3,-2] k=[-19,-18] l=[6,6] hit_rate=1296/1296 (100.00%)
auto-selected 3-fold oversampling
[HKL stats] h=[11,12] k=[-16,-16] l=[11,11] hit_rate=615/1296 (47.45%)
auto-selected 3-fold oversampling
[HKL stats] h=[-1,-1] k=[-19,-18] l=[7,7] hit_rate=1296/1296 (100.00%)
auto-selected 3-fold oversampling
[HKL stats] h=[4,5] k=[-18,-18] l=[8,8] hit_rate=1296/1296 (100.00%)
auto-selected 3-fold oversampling
[HKL stats] h=[-6,-6] k=[-19,-19] l=[7,7] hit_rate=1296/1296 (100.00%)
auto-selected 3-fold oversampling
[HKL stats] h=[-10,-10] k=[-20,-19] l=[8,8] hit_rate=1296/1296 (100.00%)
auto-selected 3-fold oversampling
[HKL stats] h=[5,5] k=[-19,-19] l=[10,10] hit_rate=1296/1296 (100.00%)
auto-selected 3-fold oversampling
[HKL stats] h=[9,9] k=[-18,-18] l=[11,12] hit_rate=1296/1296 (100.00%)
auto-selected 3-fold oversampling
[HKL stats] h=[-13,-13] k=[-19,-19] l=[10,10] hit_rate=1296/1296 (100.00%)
auto-selected 3-fold oversampling
[HKL stats] h=[6,6] k=[-20,-20] l=[11,11] hit_rate=1296/1296 (100.00%)
auto-selected 3-fold oversampling
[HKL stats] h=[-14,-14] k=[-20,-20] l=[11,12] hit_rate=1296/1296 (100.00%)
auto-selected 3-fold oversampling
[HKL stats] h=[2,2] k=[-22,-22] l=[11,11] hit_rate=1296/1296 (100.00%)
auto-selected 3-fold oversampling
[HKL stats] h=[1,1] k=[22,22] l=[11,11] hit_rate=1296/1296 (100.00%)
auto-selected 3-fold oversampling
[HKL stats] h=[4,4] k=[16,16] l=[4,5] hit_rate=1296/1296 (100.00%)
auto-selected 3-fold oversampling
[HKL stats] h=[7,7] k=[11,12] l=[2,2] hit_rate=1296/1296 (100.00%)
auto-selected 3-fold oversampling
[HKL stats] h=[11,11] k=[10,10] l=[3,3] hit_rate=1296/1296 (100.00%)
auto-selected 3-fold oversampling
[HKL stats] h=[-5,-4] k=[6,6] l=[2,2] hit_rate=1296/1296 (100.00%)
auto-selected 3-fold oversampling
[HKL stats] h=[-8,-8] k=[3,3] l=[3,3] hit_rate=1296/1296 (100.00%)
auto-selected 3-fold oversampling
[HKL stats] h=[-12,-12] k=[3,3] l=[7,7] hit_rate=1296/1296 (100.00%)
auto-selected 3-fold oversampling
[HKL stats] h=[-1,-1] k=[2,2] l=[0,0] hit_rate=1296/1296 (100.00%)
auto-selected 3-fold oversampling
[HKL stats] h=[-13,-12] k=[-3,-3] l=[5,5] hit_rate=1296/1296 (100.00%)
auto-selected 3-fold oversampling
[HKL stats] h=[-15,-15] k=[-7,-7] l=[8,8] hit_rate=1296/1296 (100.00%)
auto-selected 3-fold oversampling
[HKL stats] h=[-12,-12] k=[-11,-10] l=[5,5] hit_rate=1296/1296 (100.00%)
auto-selected 3-fold oversampling
[HKL stats] h=[4,5] k=[-18,-18] l=[8,8] hit_rate=1296/1296 (100.00%)
auto-selected 3-fold oversampling
[HKL stats] h=[6,6] k=[-20,-20] l=[11,11] hit_rate=1296/1296 (100.00%)
auto-selected 3-fold oversampling
[HKL stats] h=[1,1] k=[22,22] l=[11,11] hit_rate=1296/1296 (100.00%)
auto-selected 3-fold oversampling
[HKL stats] h=[4,4] k=[16,16] l=[4,5] hit_rate=1296/1296 (100.00%)
auto-selected 3-fold oversampling
[HKL stats] h=[7,7] k=[11,12] l=[2,2] hit_rate=1296/1296 (100.00%)
auto-selected 3-fold oversampling
[HKL stats] h=[11,11] k=[10,10] l=[3,3] hit_rate=1296/1296 (100.00%)
auto-selected 3-fold oversampling
[HKL stats] h=[-5,-4] k=[6,6] l=[2,2] hit_rate=1296/1296 (100.00%)
auto-selected 3-fold oversampling
[HKL stats] h=[-8,-8] k=[3,3] l=[3,3] hit_rate=1296/1296 (100.00%)
auto-selected 3-fold oversampling
[HKL stats] h=[-12,-12] k=[3,3] l=[7,7] hit_rate=1296/1296 (100.00%)
auto-selected 3-fold oversampling
[HKL stats] h=[-1,-1] k=[2,2] l=[0,0] hit_rate=1296/1296 (100.00%)
auto-selected 3-fold oversampling
[HKL stats] h=[-13,-12] k=[-3,-3] l=[5,5] hit_rate=1296/1296 (100.00%)
auto-selected 3-fold oversampling
[HKL stats] h=[-15,-15] k=[-7,-7] l=[8,8] hit_rate=1296/1296 (100.00%)
auto-selected 3-fold oversampling
[HKL stats] h=[-12,-12] k=[-11,-10] l=[5,5] hit_rate=1296/1296 (100.00%)
auto-selected 3-fold oversampling
[HKL stats] h=[4,5] k=[-18,-18] l=[8,8] hit_rate=1296/1296 (100.00%)
auto-selected 3-fold oversampling
[HKL stats] h=[6,6] k=[-20,-20] l=[11,11] hit_rate=1296/1296 (100.00%)
auto-selected 3-fold oversampling
[HKL stats] h=[1,1] k=[22,22] l=[11,11] hit_rate=1296/1296 (100.00%)
auto-selected 3-fold oversampling
[HKL stats] h=[4,4] k=[16,16] l=[4,5] hit_rate=1296/1296 (100.00%)
auto-selected 3-fold oversampling
[HKL stats] h=[7,7] k=[11,12] l=[2,2] hit_rate=1296/1296 (100.00%)
auto-selected 3-fold oversampling
[HKL stats] h=[11,11] k=[10,10] l=[3,3] hit_rate=1296/1296 (100.00%)
auto-selected 3-fold oversampling
[HKL stats] h=[-5,-4] k=[6,6] l=[2,2] hit_rate=1296/1296 (100.00%)
auto-selected 3-fold oversampling
[HKL stats] h=[-8,-8] k=[3,3] l=[3,3] hit_rate=1296/1296 (100.00%)
auto-selected 3-fold oversampling
[HKL stats] h=[-12,-12] k=[3,3] l=[7,7] hit_rate=1296/1296 (100.00%)
auto-selected 3-fold oversampling
[HKL stats] h=[-1,-1] k=[2,2] l=[0,0] hit_rate=1296/1296 (100.00%)
auto-selected 3-fold oversampling
[HKL stats] h=[-13,-12] k=[-3,-3] l=[5,5] hit_rate=1296/1296 (100.00%)
auto-selected 3-fold oversampling
[HKL stats] h=[-15,-15] k=[-7,-7] l=[8,8] hit_rate=1296/1296 (100.00%)
auto-selected 3-fold oversampling
[HKL stats] h=[-12,-12] k=[-11,-10] l=[5,5] hit_rate=1296/1296 (100.00%)
auto-selected 3-fold oversampling
[HKL stats] h=[4,5] k=[-18,-18] l=[8,8] hit_rate=1296/1296 (100.00%)
auto-selected 3-fold oversampling
[HKL stats] h=[6,6] k=[-20,-20] l=[11,11] hit_rate=1296/1296 (100.00%)
auto-selected 3-fold oversampling
[HKL stats] h=[1,1] k=[22,22] l=[11,11] hit_rate=1296/1296 (100.00%)
auto-selected 3-fold oversampling
[HKL stats] h=[4,4] k=[16,16] l=[4,5] hit_rate=1296/1296 (100.00%)
auto-selected 3-fold oversampling
[HKL stats] h=[7,7] k=[11,12] l=[2,2] hit_rate=1296/1296 (100.00%)
auto-selected 3-fold oversampling
[HKL stats] h=[11,11] k=[10,10] l=[3,3] hit_rate=1296/1296 (100.00%)
auto-selected 3-fold oversampling
[HKL stats] h=[-5,-4] k=[6,6] l=[2,2] hit_rate=1296/1296 (100.00%)
auto-selected 3-fold oversampling
[HKL stats] h=[-8,-8] k=[3,3] l=[3,3] hit_rate=1296/1296 (100.00%)
auto-selected 3-fold oversampling
[HKL stats] h=[-12,-12] k=[3,3] l=[7,7] hit_rate=1296/1296 (100.00%)
auto-selected 3-fold oversampling
[HKL stats] h=[-1,-1] k=[2,2] l=[0,0] hit_rate=1296/1296 (100.00%)
auto-selected 3-fold oversampling
[HKL stats] h=[-13,-12] k=[-3,-3] l=[5,5] hit_rate=1296/1296 (100.00%)
auto-selected 3-fold oversampling
[HKL stats] h=[-15,-15] k=[-7,-7] l=[8,8] hit_rate=1296/1296 (100.00%)
auto-selected 3-fold oversampling
[HKL stats] h=[-12,-12] k=[-11,-10] l=[5,5] hit_rate=1296/1296 (100.00%)
auto-selected 3-fold oversampling
[HKL stats] h=[4,5] k=[-18,-18] l=[8,8] hit_rate=1296/1296 (100.00%)
auto-selected 3-fold oversampling
[HKL stats] h=[6,6] k=[-20,-20] l=[11,11] hit_rate=1296/1296 (100.00%)
auto-selected 3-fold oversampling
[HKL stats] h=[1,1] k=[22,22] l=[11,11] hit_rate=1296/1296 (100.00%)
auto-selected 3-fold oversampling
[HKL stats] h=[4,4] k=[16,16] l=[4,5] hit_rate=1296/1296 (100.00%)
auto-selected 3-fold oversampling
[HKL stats] h=[7,7] k=[11,12] l=[2,2] hit_rate=1296/1296 (100.00%)
auto-selected 3-fold oversampling
[HKL stats] h=[11,11] k=[10,10] l=[3,3] hit_rate=1296/1296 (100.00%)
auto-selected 3-fold oversampling
[HKL stats] h=[-5,-4] k=[6,6] l=[2,2] hit_rate=1296/1296 (100.00%)
auto-selected 3-fold oversampling
[HKL stats] h=[-8,-8] k=[3,3] l=[3,3] hit_rate=1296/1296 (100.00%)
auto-selected 3-fold oversampling
[HKL stats] h=[-12,-12] k=[3,3] l=[7,7] hit_rate=1296/1296 (100.00%)
auto-selected 3-fold oversampling
[HKL stats] h=[-1,-1] k=[2,2] l=[0,0] hit_rate=1296/1296 (100.00%)
auto-selected 3-fold oversampling
[HKL stats] h=[-13,-12] k=[-3,-3] l=[5,5] hit_rate=1296/1296 (100.00%)
auto-selected 3-fold oversampling
[HKL stats] h=[-15,-15] k=[-7,-7] l=[8,8] hit_rate=1296/1296 (100.00%)
auto-selected 3-fold oversampling
[HKL stats] h=[-12,-12] k=[-11,-10] l=[5,5] hit_rate=1296/1296 (100.00%)
auto-selected 3-fold oversampling
[HKL stats] h=[4,5] k=[-18,-18] l=[8,8] hit_rate=1296/1296 (100.00%)
auto-selected 3-fold oversampling
[HKL stats] h=[6,6] k=[-20,-20] l=[11,11] hit_rate=1296/1296 (100.00%)
auto-selected 3-fold oversampling
[HKL stats] h=[1,1] k=[22,22] l=[11,11] hit_rate=1296/1296 (100.00%)
auto-selected 3-fold oversampling
[HKL stats] h=[-0,-0] k=[21,21] l=[11,11] hit_rate=1296/1296 (100.00%)
auto-selected 3-fold oversampling
[HKL stats] h=[8,8] k=[22,22] l=[9,9] hit_rate=1296/1296 (100.00%)
auto-selected 3-fold oversampling
[HKL stats] h=[9,10] k=[21,22] l=[8,9] hit_rate=1296/1296 (100.00%)
auto-selected 3-fold oversampling
[HKL stats] h=[-6,-6] k=[16,16] l=[11,11] hit_rate=1296/1296 (100.00%)
auto-selected 3-fold oversampling
[HKL stats] h=[-1,-1] k=[16,17] l=[7,7] hit_rate=1296/1296 (100.00%)
auto-selected 3-fold oversampling
[HKL stats] h=[15,16] k=[16,16] l=[7,7] hit_rate=1296/1296 (100.00%)
auto-selected 3-fold oversampling
[HKL stats] h=[-3,-3] k=[16,16] l=[7,8] hit_rate=1296/1296 (100.00%)
auto-selected 3-fold oversampling
[HKL stats] h=[5,5] k=[17,17] l=[5,5] hit_rate=1296/1296 (100.00%)
auto-selected 3-fold oversampling
[HKL stats] h=[7,7] k=[16,17] l=[5,5] hit_rate=1296/1296 (100.00%)
auto-selected 3-fold oversampling
[HKL stats] h=[4,4] k=[16,16] l=[4,5] hit_rate=1296/1296 (100.00%)
auto-selected 3-fold oversampling
[HKL stats] h=[9,9] k=[15,16] l=[4,5] hit_rate=1296/1296 (100.00%)
auto-selected 3-fold oversampling
[HKL stats] h=[0,1] k=[15,15] l=[5,5] hit_rate=1296/1296 (100.00%)
auto-selected 3-fold oversampling
[HKL stats] h=[3,3] k=[15,15] l=[4,4] hit_rate=1296/1296 (100.00%)
auto-selected 3-fold oversampling
[HKL stats] h=[14,14] k=[14,14] l=[5,6] hit_rate=1296/1296 (100.00%)
auto-selected 3-fold oversampling
[HKL stats] h=[5,6] k=[14,14] l=[3,3] hit_rate=1296/1296 (100.00%)
auto-selected 3-fold oversampling
[HKL stats] h=[14,15] k=[12,12] l=[5,5] hit_rate=1296/1296 (100.00%)
auto-selected 3-fold oversampling
[HKL stats] h=[2,3] k=[13,13] l=[3,3] hit_rate=1296/1296 (100.00%)
auto-selected 3-fold oversampling
[HKL stats] h=[11,11] k=[12,12] l=[4,4] hit_rate=1296/1296 (100.00%)
auto-selected 3-fold oversampling
[HKL stats] h=[9,9] k=[12,12] l=[3,3] hit_rate=1296/1296 (100.00%)
auto-selected 3-fold oversampling
[HKL stats] h=[-9,-9] k=[10,11] l=[9,9] hit_rate=1296/1296 (100.00%)
auto-selected 3-fold oversampling
[HKL stats] h=[11,11] k=[11,11] l=[3,4] hit_rate=1296/1296 (100.00%)
auto-selected 3-fold oversampling
[HKL stats] h=[7,7] k=[11,12] l=[2,2] hit_rate=1296/1296 (100.00%)
auto-selected 3-fold oversampling
[HKL stats] h=[-0,-0] k=[11,11] l=[3,3] hit_rate=1296/1296 (100.00%)
auto-selected 3-fold oversampling
[HKL stats] h=[-4,-4] k=[11,11] l=[4,4] hit_rate=1296/1296 (100.00%)
auto-selected 3-fold oversampling
[HKL stats] h=[-7,-7] k=[10,10] l=[6,6] hit_rate=1296/1296 (100.00%)
auto-selected 3-fold oversampling
[HKL stats] h=[11,11] k=[10,10] l=[3,3] hit_rate=1296/1296 (100.00%)
auto-selected 3-fold oversampling
[HKL stats] h=[1,1] k=[10,10] l=[2,2] hit_rate=1296/1296 (100.00%)
auto-selected 3-fold oversampling
[HKL stats] h=[5,5] k=[8,9] l=[1,1] hit_rate=1296/1296 (100.00%)
auto-selected 3-fold oversampling
[HKL stats] h=[-7,-7] k=[8,8] l=[4,5] hit_rate=1296/1296 (100.00%)
auto-selected 3-fold oversampling
[HKL stats] h=[11,11] k=[7,7] l=[3,3] hit_rate=1296/1296 (100.00%)
auto-selected 3-fold oversampling
[HKL stats] h=[4,4] k=[6,7] l=[1,1] hit_rate=1296/1296 (100.00%)
auto-selected 3-fold oversampling
[HKL stats] h=[-1,-1] k=[6,6] l=[1,1] hit_rate=1296/1296 (100.00%)
auto-selected 3-fold oversampling
[HKL stats] h=[1,1] k=[6,6] l=[1,1] hit_rate=1296/1296 (100.00%)
auto-selected 3-fold oversampling
[HKL stats] h=[4,5] k=[5,6] l=[1,1] hit_rate=1296/1296 (100.00%)
auto-selected 3-fold oversampling
[HKL stats] h=[-5,-4] k=[6,6] l=[2,2] hit_rate=1296/1296 (100.00%)
auto-selected 3-fold oversampling
[HKL stats] h=[-12,-12] k=[5,5] l=[9,9] hit_rate=1296/1296 (100.00%)
auto-selected 3-fold oversampling
[HKL stats] h=[-2,-2] k=[5,5] l=[1,1] hit_rate=1296/1296 (100.00%)
auto-selected 3-fold oversampling
[HKL stats] h=[-4,-4] k=[4,5] l=[1,1] hit_rate=1296/1296 (100.00%)
auto-selected 3-fold oversampling
[HKL stats] h=[-8,-8] k=[3,3] l=[3,3] hit_rate=1296/1296 (100.00%)
auto-selected 3-fold oversampling
[HKL stats] h=[-12,-12] k=[3,3] l=[7,7] hit_rate=1296/1296 (100.00%)
auto-selected 3-fold oversampling
[HKL stats] h=[-11,-11] k=[3,3] l=[6,6] hit_rate=1296/1296 (100.00%)
auto-selected 3-fold oversampling
[HKL stats] h=[-11,-11] k=[2,3] l=[5,5] hit_rate=1296/1296 (100.00%)
auto-selected 3-fold oversampling
[HKL stats] h=[14,14] k=[2,2] l=[5,5] hit_rate=1296/1296 (100.00%)
auto-selected 3-fold oversampling
[HKL stats] h=[-1,-1] k=[2,2] l=[0,0] hit_rate=1296/1296 (100.00%)
auto-selected 3-fold oversampling
[HKL stats] h=[7,8] k=[-2,-2] l=[2,2] hit_rate=1296/1296 (100.00%)
auto-selected 3-fold oversampling
[HKL stats] h=[-1,-1] k=[-2,-2] l=[0,0] hit_rate=1296/1296 (100.00%)
auto-selected 3-fold oversampling
[HKL stats] h=[12,12] k=[-2,-2] l=[4,5] hit_rate=1296/1296 (100.00%)
auto-selected 3-fold oversampling
[HKL stats] h=[3,4] k=[-2,-2] l=[1,1] hit_rate=1296/1296 (100.00%)
auto-selected 3-fold oversampling
[HKL stats] h=[-7,-7] k=[-2,-2] l=[1,1] hit_rate=1296/1296 (100.00%)
auto-selected 3-fold oversampling
[HKL stats] h=[-3,-3] k=[-3,-3] l=[0,0] hit_rate=1296/1296 (100.00%)
auto-selected 3-fold oversampling
[HKL stats] h=[11,11] k=[-3,-3] l=[4,4] hit_rate=1296/1296 (100.00%)
auto-selected 3-fold oversampling
[HKL stats] h=[2,3] k=[-4,-4] l=[1,1] hit_rate=1296/1296 (100.00%)
auto-selected 3-fold oversampling
[HKL stats] h=[4,4] k=[-4,-4] l=[1,1] hit_rate=1296/1296 (100.00%)
auto-selected 3-fold oversampling
[HKL stats] h=[-9,-8] k=[-4,-4] l=[2,2] hit_rate=1296/1296 (100.00%)
auto-selected 3-fold oversampling
[HKL stats] h=[-13,-12] k=[-3,-3] l=[5,5] hit_rate=1296/1296 (100.00%)
auto-selected 3-fold oversampling
[HKL stats] h=[-15,-15] k=[-3,-3] l=[8,8] hit_rate=1296/1296 (100.00%)
auto-selected 3-fold oversampling
[HKL stats] h=[-11,-10] k=[-6,-5] l=[3,3] hit_rate=1296/1296 (100.00%)
auto-selected 3-fold oversampling
[HKL stats] h=[-4,-3] k=[-7,-6] l=[1,1] hit_rate=1296/1296 (100.00%)
auto-selected 3-fold oversampling
[HKL stats] h=[-0,-0] k=[-7,-7] l=[1,1] hit_rate=1296/1296 (100.00%)
auto-selected 3-fold oversampling
[HKL stats] h=[-8,-7] k=[-7,-7] l=[2,2] hit_rate=1296/1296 (100.00%)
auto-selected 3-fold oversampling
[HKL stats] h=[11,11] k=[-7,-7] l=[5,6] hit_rate=1296/1296 (100.00%)
auto-selected 3-fold oversampling
[HKL stats] h=[-2,-2] k=[-8,-8] l=[1,1] hit_rate=1296/1296 (100.00%)
auto-selected 3-fold oversampling
[HKL stats] h=[-5,-5] k=[-8,-8] l=[1,1] hit_rate=1296/1296 (100.00%)
auto-selected 3-fold oversampling
[HKL stats] h=[-14,-14] k=[-7,-7] l=[6,7] hit_rate=1296/1296 (100.00%)
auto-selected 3-fold oversampling
[HKL stats] h=[-14,-14] k=[-7,-7] l=[7,7] hit_rate=1296/1296 (100.00%)
auto-selected 3-fold oversampling
[HKL stats] h=[-15,-15] k=[-7,-7] l=[8,8] hit_rate=1296/1296 (100.00%)
auto-selected 3-fold oversampling
[HKL stats] h=[-15,-15] k=[-7,-7] l=[8,8] hit_rate=1296/1296 (100.00%)
auto-selected 3-fold oversampling
[HKL stats] h=[10,10] k=[-9,-9] l=[6,6] hit_rate=1296/1296 (100.00%)
auto-selected 3-fold oversampling
[HKL stats] h=[-0,-0] k=[-10,-10] l=[2,2] hit_rate=1296/1296 (100.00%)
auto-selected 3-fold oversampling
[HKL stats] h=[-12,-12] k=[-9,-9] l=[5,5] hit_rate=1296/1296 (100.00%)
auto-selected 3-fold oversampling
[HKL stats] h=[6,7] k=[-11,-10] l=[4,4] hit_rate=1296/1296 (100.00%)
auto-selected 3-fold oversampling
[HKL stats] h=[-12,-12] k=[-11,-10] l=[5,5] hit_rate=1296/1296 (100.00%)
auto-selected 3-fold oversampling
[HKL stats] h=[-3,-3] k=[-13,-12] l=[3,3] hit_rate=1296/1296 (100.00%)
auto-selected 3-fold oversampling
[HKL stats] h=[4,4] k=[-12,-12] l=[4,4] hit_rate=1296/1296 (100.00%)
auto-selected 3-fold oversampling
[HKL stats] h=[4,4] k=[-13,-13] l=[4,5] hit_rate=1296/1296 (100.00%)
auto-selected 3-fold oversampling
[HKL stats] h=[4,4] k=[-14,-14] l=[5,5] hit_rate=1296/1296 (100.00%)
auto-selected 3-fold oversampling
[HKL stats] h=[4,4] k=[-15,-15] l=[6,6] hit_rate=1296/1296 (100.00%)
auto-selected 3-fold oversampling
[HKL stats] h=[-4,-4] k=[-17,-17] l=[5,5] hit_rate=1296/1296 (100.00%)
auto-selected 3-fold oversampling
[HKL stats] h=[-10,-9] k=[-18,-18] l=[7,7] hit_rate=1296/1296 (100.00%)
auto-selected 3-fold oversampling
[HKL stats] h=[-3,-2] k=[-19,-18] l=[6,6] hit_rate=1296/1296 (100.00%)
auto-selected 3-fold oversampling
[HKL stats] h=[11,12] k=[-16,-16] l=[11,11] hit_rate=462/1296 (35.65%)
auto-selected 3-fold oversampling
[HKL stats] h=[-1,-1] k=[-19,-18] l=[7,7] hit_rate=1296/1296 (100.00%)
auto-selected 3-fold oversampling
[HKL stats] h=[4,5] k=[-18,-18] l=[8,8] hit_rate=1296/1296 (100.00%)
auto-selected 3-fold oversampling
[HKL stats] h=[-6,-6] k=[-19,-19] l=[7,7] hit_rate=1296/1296 (100.00%)
auto-selected 3-fold oversampling
[HKL stats] h=[-10,-10] k=[-20,-19] l=[8,8] hit_rate=1296/1296 (100.00%)
auto-selected 3-fold oversampling
[HKL stats] h=[5,5] k=[-19,-19] l=[10,10] hit_rate=1296/1296 (100.00%)
auto-selected 3-fold oversampling
[HKL stats] h=[9,9] k=[-18,-18] l=[11,12] hit_rate=1296/1296 (100.00%)
auto-selected 3-fold oversampling
[HKL stats] h=[-13,-13] k=[-19,-19] l=[10,10] hit_rate=1296/1296 (100.00%)
auto-selected 3-fold oversampling
[HKL stats] h=[6,6] k=[-20,-20] l=[11,11] hit_rate=1296/1296 (100.00%)
auto-selected 3-fold oversampling
[HKL stats] h=[-14,-14] k=[-20,-20] l=[11,12] hit_rate=1296/1296 (100.00%)
auto-selected 3-fold oversampling
[HKL stats] h=[2,2] k=[-22,-22] l=[11,11] hit_rate=1296/1296 (100.00%)
auto-selected 3-fold oversampling
[HKL stats] h=[1,1] k=[22,22] l=[11,11] hit_rate=1296/1296 (100.00%)
auto-selected 3-fold oversampling
[HKL stats] h=[4,4] k=[16,16] l=[4,5] hit_rate=1296/1296 (100.00%)
auto-selected 3-fold oversampling
[HKL stats] h=[7,7] k=[11,12] l=[2,2] hit_rate=1296/1296 (100.00%)
auto-selected 3-fold oversampling
[HKL stats] h=[11,11] k=[10,10] l=[3,3] hit_rate=1296/1296 (100.00%)
auto-selected 3-fold oversampling
[HKL stats] h=[-5,-4] k=[6,6] l=[2,2] hit_rate=1296/1296 (100.00%)
auto-selected 3-fold oversampling
[HKL stats] h=[-8,-8] k=[3,3] l=[3,3] hit_rate=1296/1296 (100.00%)
auto-selected 3-fold oversampling
[HKL stats] h=[-12,-12] k=[3,3] l=[7,7] hit_rate=1296/1296 (100.00%)
auto-selected 3-fold oversampling
[HKL stats] h=[-1,-1] k=[2,2] l=[0,0] hit_rate=1296/1296 (100.00%)
auto-selected 3-fold oversampling
[HKL stats] h=[-13,-12] k=[-3,-3] l=[5,5] hit_rate=1296/1296 (100.00%)
auto-selected 3-fold oversampling
[HKL stats] h=[-15,-15] k=[-7,-7] l=[8,8] hit_rate=1296/1296 (100.00%)
auto-selected 3-fold oversampling
[HKL stats] h=[-12,-12] k=[-11,-10] l=[5,5] hit_rate=1296/1296 (100.00%)
auto-selected 3-fold oversampling
[HKL stats] h=[4,5] k=[-18,-18] l=[8,8] hit_rate=1296/1296 (100.00%)
auto-selected 3-fold oversampling
[HKL stats] h=[6,6] k=[-20,-20] l=[11,11] hit_rate=1296/1296 (100.00%)
auto-selected 3-fold oversampling
[HKL stats] h=[1,1] k=[22,22] l=[11,11] hit_rate=1296/1296 (100.00%)
auto-selected 3-fold oversampling
[HKL stats] h=[4,4] k=[16,16] l=[4,5] hit_rate=1296/1296 (100.00%)
auto-selected 3-fold oversampling
[HKL stats] h=[7,7] k=[11,12] l=[2,2] hit_rate=1296/1296 (100.00%)
auto-selected 3-fold oversampling
[HKL stats] h=[11,11] k=[10,10] l=[3,3] hit_rate=1296/1296 (100.00%)
auto-selected 3-fold oversampling
[HKL stats] h=[-5,-4] k=[6,6] l=[2,2] hit_rate=1296/1296 (100.00%)
auto-selected 3-fold oversampling
[HKL stats] h=[-8,-8] k=[3,3] l=[3,3] hit_rate=1296/1296 (100.00%)
auto-selected 3-fold oversampling
[HKL stats] h=[-12,-12] k=[3,3] l=[7,7] hit_rate=1296/1296 (100.00%)
auto-selected 3-fold oversampling
[HKL stats] h=[-1,-1] k=[2,2] l=[0,0] hit_rate=1296/1296 (100.00%)
auto-selected 3-fold oversampling
[HKL stats] h=[-13,-12] k=[-3,-3] l=[5,5] hit_rate=1296/1296 (100.00%)
auto-selected 3-fold oversampling
[HKL stats] h=[-15,-15] k=[-7,-7] l=[8,8] hit_rate=1296/1296 (100.00%)
auto-selected 3-fold oversampling
[HKL stats] h=[-12,-12] k=[-11,-10] l=[5,5] hit_rate=1296/1296 (100.00%)
auto-selected 3-fold oversampling
[HKL stats] h=[4,5] k=[-18,-18] l=[8,8] hit_rate=1296/1296 (100.00%)
auto-selected 3-fold oversampling
[HKL stats] h=[6,6] k=[-20,-20] l=[11,11] hit_rate=1296/1296 (100.00%)
auto-selected 3-fold oversampling
[HKL stats] h=[1,1] k=[22,22] l=[11,11] hit_rate=1296/1296 (100.00%)
auto-selected 3-fold oversampling
[HKL stats] h=[4,4] k=[16,16] l=[4,5] hit_rate=1296/1296 (100.00%)
auto-selected 3-fold oversampling
[HKL stats] h=[7,7] k=[11,12] l=[2,2] hit_rate=1296/1296 (100.00%)
auto-selected 3-fold oversampling
[HKL stats] h=[11,11] k=[10,10] l=[3,3] hit_rate=1296/1296 (100.00%)
auto-selected 3-fold oversampling
[HKL stats] h=[-5,-4] k=[6,6] l=[2,2] hit_rate=1296/1296 (100.00%)
auto-selected 3-fold oversampling
[HKL stats] h=[-8,-8] k=[3,3] l=[3,3] hit_rate=1296/1296 (100.00%)
auto-selected 3-fold oversampling
[HKL stats] h=[-12,-12] k=[3,3] l=[7,7] hit_rate=1296/1296 (100.00%)
auto-selected 3-fold oversampling
[HKL stats] h=[-1,-1] k=[2,2] l=[0,0] hit_rate=1296/1296 (100.00%)
auto-selected 3-fold oversampling
[HKL stats] h=[-13,-12] k=[-3,-3] l=[5,5] hit_rate=1296/1296 (100.00%)
auto-selected 3-fold oversampling
[HKL stats] h=[-15,-15] k=[-7,-7] l=[8,8] hit_rate=1296/1296 (100.00%)
auto-selected 3-fold oversampling
[HKL stats] h=[-12,-12] k=[-11,-10] l=[5,5] hit_rate=1296/1296 (100.00%)
auto-selected 3-fold oversampling
[HKL stats] h=[4,5] k=[-18,-18] l=[8,8] hit_rate=1296/1296 (100.00%)
auto-selected 3-fold oversampling
[HKL stats] h=[6,6] k=[-20,-20] l=[11,11] hit_rate=1296/1296 (100.00%)
auto-selected 3-fold oversampling
[HKL stats] h=[1,1] k=[22,22] l=[11,11] hit_rate=1296/1296 (100.00%)
auto-selected 3-fold oversampling
[HKL stats] h=[4,4] k=[16,16] l=[4,5] hit_rate=1296/1296 (100.00%)
auto-selected 3-fold oversampling
[HKL stats] h=[7,7] k=[11,12] l=[2,2] hit_rate=1296/1296 (100.00%)
auto-selected 3-fold oversampling
[HKL stats] h=[11,11] k=[10,10] l=[3,3] hit_rate=1296/1296 (100.00%)
auto-selected 3-fold oversampling
[HKL stats] h=[-5,-4] k=[6,6] l=[2,2] hit_rate=1296/1296 (100.00%)
auto-selected 3-fold oversampling
[HKL stats] h=[-8,-8] k=[3,3] l=[3,3] hit_rate=1296/1296 (100.00%)
auto-selected 3-fold oversampling
[HKL stats] h=[-12,-12] k=[3,3] l=[7,7] hit_rate=1296/1296 (100.00%)
auto-selected 3-fold oversampling
[HKL stats] h=[-1,-1] k=[2,2] l=[0,0] hit_rate=1296/1296 (100.00%)
auto-selected 3-fold oversampling
[HKL stats] h=[-13,-12] k=[-3,-3] l=[5,5] hit_rate=1296/1296 (100.00%)
auto-selected 3-fold oversampling
[HKL stats] h=[-15,-15] k=[-7,-7] l=[8,8] hit_rate=1296/1296 (100.00%)
auto-selected 3-fold oversampling
[HKL stats] h=[-12,-12] k=[-11,-10] l=[5,5] hit_rate=1296/1296 (100.00%)
auto-selected 3-fold oversampling
[HKL stats] h=[4,5] k=[-18,-18] l=[8,8] hit_rate=1296/1296 (100.00%)
auto-selected 3-fold oversampling
[HKL stats] h=[6,6] k=[-20,-20] l=[11,11] hit_rate=1296/1296 (100.00%)
auto-selected 3-fold oversampling
[HKL stats] h=[1,1] k=[22,22] l=[11,11] hit_rate=1296/1296 (100.00%)
auto-selected 3-fold oversampling
[HKL stats] h=[4,4] k=[16,16] l=[4,5] hit_rate=1296/1296 (100.00%)
auto-selected 3-fold oversampling
[HKL stats] h=[7,7] k=[11,12] l=[2,2] hit_rate=1296/1296 (100.00%)
auto-selected 3-fold oversampling
[HKL stats] h=[11,11] k=[10,10] l=[3,3] hit_rate=1296/1296 (100.00%)
auto-selected 3-fold oversampling
[HKL stats] h=[-5,-4] k=[6,6] l=[2,2] hit_rate=1296/1296 (100.00%)
auto-selected 3-fold oversampling
[HKL stats] h=[-8,-8] k=[3,3] l=[3,3] hit_rate=1296/1296 (100.00%)
auto-selected 3-fold oversampling
[HKL stats] h=[-12,-12] k=[3,3] l=[7,7] hit_rate=1296/1296 (100.00%)
auto-selected 3-fold oversampling
[HKL stats] h=[-1,-1] k=[2,2] l=[0,0] hit_rate=1296/1296 (100.00%)
auto-selected 3-fold oversampling
[HKL stats] h=[-13,-12] k=[-3,-3] l=[5,5] hit_rate=1296/1296 (100.00%)
auto-selected 3-fold oversampling
[HKL stats] h=[-15,-15] k=[-7,-7] l=[8,8] hit_rate=1296/1296 (100.00%)
auto-selected 3-fold oversampling
[HKL stats] h=[-12,-12] k=[-11,-10] l=[5,5] hit_rate=1296/1296 (100.00%)
auto-selected 3-fold oversampling
[HKL stats] h=[4,5] k=[-18,-18] l=[8,8] hit_rate=1296/1296 (100.00%)
auto-selected 3-fold oversampling
[HKL stats] h=[6,6] k=[-20,-20] l=[11,11] hit_rate=1296/1296 (100.00%)
auto-selected 3-fold oversampling
[HKL stats] h=[1,1] k=[22,22] l=[11,11] hit_rate=1296/1296 (100.00%)
auto-selected 3-fold oversampling
[HKL stats] h=[-0,-0] k=[21,21] l=[11,11] hit_rate=1296/1296 (100.00%)
auto-selected 3-fold oversampling
[HKL stats] h=[8,8] k=[22,22] l=[9,9] hit_rate=1296/1296 (100.00%)
auto-selected 3-fold oversampling
[HKL stats] h=[9,10] k=[21,22] l=[8,9] hit_rate=1296/1296 (100.00%)
auto-selected 3-fold oversampling
[HKL stats] h=[-6,-6] k=[16,16] l=[11,11] hit_rate=1296/1296 (100.00%)
auto-selected 3-fold oversampling
[HKL stats] h=[-1,-1] k=[16,17] l=[7,7] hit_rate=1296/1296 (100.00%)
auto-selected 3-fold oversampling
[HKL stats] h=[15,16] k=[16,16] l=[7,7] hit_rate=1296/1296 (100.00%)
auto-selected 3-fold oversampling
[HKL stats] h=[-3,-3] k=[16,16] l=[7,8] hit_rate=1296/1296 (100.00%)
auto-selected 3-fold oversampling
[HKL stats] h=[5,5] k=[17,17] l=[5,5] hit_rate=1296/1296 (100.00%)
auto-selected 3-fold oversampling
[HKL stats] h=[7,7] k=[16,17] l=[5,5] hit_rate=1296/1296 (100.00%)
auto-selected 3-fold oversampling
[HKL stats] h=[4,4] k=[16,16] l=[4,5] hit_rate=1296/1296 (100.00%)
auto-selected 3-fold oversampling
[HKL stats] h=[9,9] k=[15,16] l=[4,5] hit_rate=1296/1296 (100.00%)
auto-selected 3-fold oversampling
[HKL stats] h=[0,1] k=[15,15] l=[5,5] hit_rate=1296/1296 (100.00%)
auto-selected 3-fold oversampling
[HKL stats] h=[3,3] k=[15,15] l=[4,4] hit_rate=1296/1296 (100.00%)
auto-selected 3-fold oversampling
[HKL stats] h=[14,14] k=[14,14] l=[5,6] hit_rate=1296/1296 (100.00%)
auto-selected 3-fold oversampling
[HKL stats] h=[5,6] k=[14,14] l=[3,3] hit_rate=1296/1296 (100.00%)
auto-selected 3-fold oversampling
[HKL stats] h=[14,15] k=[12,12] l=[5,5] hit_rate=1296/1296 (100.00%)
auto-selected 3-fold oversampling
[HKL stats] h=[2,3] k=[13,13] l=[3,3] hit_rate=1296/1296 (100.00%)
auto-selected 3-fold oversampling
[HKL stats] h=[11,11] k=[12,12] l=[4,4] hit_rate=1296/1296 (100.00%)
auto-selected 3-fold oversampling
[HKL stats] h=[9,9] k=[12,12] l=[3,3] hit_rate=1296/1296 (100.00%)
auto-selected 3-fold oversampling
[HKL stats] h=[-9,-9] k=[10,11] l=[9,9] hit_rate=1296/1296 (100.00%)
auto-selected 3-fold oversampling
[HKL stats] h=[11,11] k=[11,11] l=[3,4] hit_rate=1296/1296 (100.00%)
auto-selected 3-fold oversampling
[HKL stats] h=[7,7] k=[11,12] l=[2,2] hit_rate=1296/1296 (100.00%)
auto-selected 3-fold oversampling
[HKL stats] h=[-0,-0] k=[11,11] l=[3,3] hit_rate=1296/1296 (100.00%)
auto-selected 3-fold oversampling
[HKL stats] h=[-4,-4] k=[11,11] l=[4,4] hit_rate=1296/1296 (100.00%)
auto-selected 3-fold oversampling
[HKL stats] h=[-7,-7] k=[10,10] l=[6,6] hit_rate=1296/1296 (100.00%)
auto-selected 3-fold oversampling
[HKL stats] h=[11,11] k=[10,10] l=[3,3] hit_rate=1296/1296 (100.00%)
auto-selected 3-fold oversampling
[HKL stats] h=[1,1] k=[10,10] l=[2,2] hit_rate=1296/1296 (100.00%)
auto-selected 3-fold oversampling
[HKL stats] h=[5,5] k=[8,9] l=[1,1] hit_rate=1296/1296 (100.00%)
auto-selected 3-fold oversampling
[HKL stats] h=[-7,-7] k=[8,8] l=[4,5] hit_rate=1296/1296 (100.00%)
auto-selected 3-fold oversampling
[HKL stats] h=[11,11] k=[7,7] l=[3,3] hit_rate=1296/1296 (100.00%)
auto-selected 3-fold oversampling
[HKL stats] h=[4,4] k=[6,7] l=[1,1] hit_rate=1296/1296 (100.00%)
auto-selected 3-fold oversampling
[HKL stats] h=[-1,-1] k=[6,6] l=[1,1] hit_rate=1296/1296 (100.00%)
auto-selected 3-fold oversampling
[HKL stats] h=[1,1] k=[6,6] l=[1,1] hit_rate=1296/1296 (100.00%)
auto-selected 3-fold oversampling
[HKL stats] h=[4,5] k=[5,6] l=[1,1] hit_rate=1296/1296 (100.00%)
auto-selected 3-fold oversampling
[HKL stats] h=[-5,-4] k=[6,6] l=[2,2] hit_rate=1296/1296 (100.00%)
auto-selected 3-fold oversampling
[HKL stats] h=[-12,-12] k=[5,5] l=[9,9] hit_rate=1296/1296 (100.00%)
auto-selected 3-fold oversampling
[HKL stats] h=[-2,-2] k=[5,5] l=[1,1] hit_rate=1296/1296 (100.00%)
auto-selected 3-fold oversampling
[HKL stats] h=[-4,-4] k=[4,5] l=[1,1] hit_rate=1296/1296 (100.00%)
auto-selected 3-fold oversampling
[HKL stats] h=[-8,-8] k=[3,3] l=[3,3] hit_rate=1296/1296 (100.00%)
auto-selected 3-fold oversampling
[HKL stats] h=[-12,-12] k=[3,3] l=[7,7] hit_rate=1296/1296 (100.00%)
auto-selected 3-fold oversampling
[HKL stats] h=[-11,-11] k=[3,3] l=[6,6] hit_rate=1296/1296 (100.00%)
auto-selected 3-fold oversampling
[HKL stats] h=[-11,-11] k=[2,3] l=[5,5] hit_rate=1296/1296 (100.00%)
auto-selected 3-fold oversampling
[HKL stats] h=[14,14] k=[2,2] l=[5,5] hit_rate=1296/1296 (100.00%)
auto-selected 3-fold oversampling
[HKL stats] h=[-1,-1] k=[2,2] l=[0,0] hit_rate=1296/1296 (100.00%)
auto-selected 3-fold oversampling
[HKL stats] h=[7,8] k=[-2,-2] l=[2,2] hit_rate=1296/1296 (100.00%)
auto-selected 3-fold oversampling
[HKL stats] h=[-1,-1] k=[-2,-2] l=[0,0] hit_rate=1296/1296 (100.00%)
auto-selected 3-fold oversampling
[HKL stats] h=[12,12] k=[-2,-2] l=[4,5] hit_rate=1296/1296 (100.00%)
auto-selected 3-fold oversampling
[HKL stats] h=[3,4] k=[-2,-2] l=[1,1] hit_rate=1296/1296 (100.00%)
auto-selected 3-fold oversampling
[HKL stats] h=[-7,-7] k=[-2,-2] l=[1,1] hit_rate=1296/1296 (100.00%)
auto-selected 3-fold oversampling
[HKL stats] h=[-3,-3] k=[-3,-3] l=[0,0] hit_rate=1296/1296 (100.00%)
auto-selected 3-fold oversampling
[HKL stats] h=[11,11] k=[-3,-3] l=[4,4] hit_rate=1296/1296 (100.00%)
auto-selected 3-fold oversampling
[HKL stats] h=[2,3] k=[-4,-4] l=[1,1] hit_rate=1296/1296 (100.00%)
auto-selected 3-fold oversampling
[HKL stats] h=[4,4] k=[-4,-4] l=[1,1] hit_rate=1296/1296 (100.00%)
auto-selected 3-fold oversampling
[HKL stats] h=[-9,-8] k=[-4,-4] l=[2,2] hit_rate=1296/1296 (100.00%)
auto-selected 3-fold oversampling
[HKL stats] h=[-13,-12] k=[-3,-3] l=[5,5] hit_rate=1296/1296 (100.00%)
auto-selected 3-fold oversampling
[HKL stats] h=[-15,-15] k=[-3,-3] l=[8,8] hit_rate=1296/1296 (100.00%)
auto-selected 3-fold oversampling
[HKL stats] h=[-11,-10] k=[-6,-5] l=[3,3] hit_rate=1296/1296 (100.00%)
auto-selected 3-fold oversampling
[HKL stats] h=[-4,-3] k=[-7,-6] l=[1,1] hit_rate=1296/1296 (100.00%)
auto-selected 3-fold oversampling
[HKL stats] h=[-0,-0] k=[-7,-7] l=[1,1] hit_rate=1296/1296 (100.00%)
auto-selected 3-fold oversampling
[HKL stats] h=[-8,-7] k=[-7,-7] l=[2,2] hit_rate=1296/1296 (100.00%)
auto-selected 3-fold oversampling
[HKL stats] h=[11,11] k=[-7,-7] l=[5,6] hit_rate=1296/1296 (100.00%)
auto-selected 3-fold oversampling
[HKL stats] h=[-2,-2] k=[-8,-8] l=[1,1] hit_rate=1296/1296 (100.00%)
auto-selected 3-fold oversampling
[HKL stats] h=[-5,-5] k=[-8,-8] l=[1,1] hit_rate=1296/1296 (100.00%)
auto-selected 3-fold oversampling
[HKL stats] h=[-14,-14] k=[-7,-7] l=[6,7] hit_rate=1296/1296 (100.00%)
auto-selected 3-fold oversampling
[HKL stats] h=[-14,-14] k=[-7,-7] l=[7,7] hit_rate=1296/1296 (100.00%)
auto-selected 3-fold oversampling
[HKL stats] h=[-15,-15] k=[-7,-7] l=[8,8] hit_rate=1296/1296 (100.00%)
auto-selected 3-fold oversampling
[HKL stats] h=[-15,-15] k=[-7,-7] l=[8,8] hit_rate=1296/1296 (100.00%)
auto-selected 3-fold oversampling
[HKL stats] h=[10,10] k=[-9,-9] l=[6,6] hit_rate=1296/1296 (100.00%)
auto-selected 3-fold oversampling
[HKL stats] h=[-0,-0] k=[-10,-10] l=[2,2] hit_rate=1296/1296 (100.00%)
auto-selected 3-fold oversampling
[HKL stats] h=[-12,-12] k=[-9,-9] l=[5,5] hit_rate=1296/1296 (100.00%)
auto-selected 3-fold oversampling
[HKL stats] h=[6,7] k=[-11,-10] l=[4,4] hit_rate=1296/1296 (100.00%)
auto-selected 3-fold oversampling
[HKL stats] h=[-12,-12] k=[-11,-10] l=[5,5] hit_rate=1296/1296 (100.00%)
auto-selected 3-fold oversampling
[HKL stats] h=[-3,-3] k=[-13,-12] l=[3,3] hit_rate=1296/1296 (100.00%)
auto-selected 3-fold oversampling
[HKL stats] h=[4,4] k=[-12,-12] l=[4,4] hit_rate=1296/1296 (100.00%)
auto-selected 3-fold oversampling
[HKL stats] h=[4,4] k=[-13,-13] l=[4,5] hit_rate=1296/1296 (100.00%)
auto-selected 3-fold oversampling
[HKL stats] h=[4,4] k=[-14,-14] l=[5,5] hit_rate=1296/1296 (100.00%)
auto-selected 3-fold oversampling
[HKL stats] h=[4,4] k=[-15,-15] l=[6,6] hit_rate=1296/1296 (100.00%)
auto-selected 3-fold oversampling
[HKL stats] h=[-4,-4] k=[-17,-17] l=[5,5] hit_rate=1296/1296 (100.00%)
auto-selected 3-fold oversampling
[HKL stats] h=[-10,-9] k=[-18,-18] l=[7,7] hit_rate=1296/1296 (100.00%)
auto-selected 3-fold oversampling
[HKL stats] h=[-3,-2] k=[-19,-18] l=[6,6] hit_rate=1296/1296 (100.00%)
auto-selected 3-fold oversampling
[HKL stats] h=[11,12] k=[-16,-16] l=[11,11] hit_rate=478/1296 (36.88%)
auto-selected 3-fold oversampling
[HKL stats] h=[-1,-1] k=[-19,-18] l=[7,7] hit_rate=1296/1296 (100.00%)
auto-selected 3-fold oversampling
[HKL stats] h=[4,5] k=[-18,-18] l=[8,8] hit_rate=1296/1296 (100.00%)
auto-selected 3-fold oversampling
[HKL stats] h=[-6,-6] k=[-19,-19] l=[7,7] hit_rate=1296/1296 (100.00%)
auto-selected 3-fold oversampling
[HKL stats] h=[-10,-10] k=[-20,-19] l=[8,8] hit_rate=1296/1296 (100.00%)
auto-selected 3-fold oversampling
[HKL stats] h=[5,5] k=[-19,-19] l=[10,10] hit_rate=1296/1296 (100.00%)
auto-selected 3-fold oversampling
[HKL stats] h=[9,9] k=[-18,-18] l=[11,12] hit_rate=1296/1296 (100.00%)
auto-selected 3-fold oversampling
[HKL stats] h=[-13,-13] k=[-19,-19] l=[10,10] hit_rate=1296/1296 (100.00%)
auto-selected 3-fold oversampling
[HKL stats] h=[6,6] k=[-20,-20] l=[11,11] hit_rate=1296/1296 (100.00%)
auto-selected 3-fold oversampling
[HKL stats] h=[-14,-14] k=[-20,-20] l=[11,12] hit_rate=1296/1296 (100.00%)
auto-selected 3-fold oversampling
[HKL stats] h=[2,2] k=[-22,-22] l=[11,11] hit_rate=1296/1296 (100.00%)
auto-selected 3-fold oversampling
[HKL stats] h=[1,1] k=[22,22] l=[11,11] hit_rate=1296/1296 (100.00%)
auto-selected 3-fold oversampling
[HKL stats] h=[4,4] k=[16,16] l=[4,5] hit_rate=1296/1296 (100.00%)
auto-selected 3-fold oversampling
[HKL stats] h=[7,7] k=[11,12] l=[2,2] hit_rate=1296/1296 (100.00%)
auto-selected 3-fold oversampling
[HKL stats] h=[11,11] k=[10,10] l=[3,3] hit_rate=1296/1296 (100.00%)
auto-selected 3-fold oversampling
[HKL stats] h=[-5,-4] k=[6,6] l=[2,2] hit_rate=1296/1296 (100.00%)
auto-selected 3-fold oversampling
[HKL stats] h=[-8,-8] k=[3,3] l=[3,3] hit_rate=1296/1296 (100.00%)
auto-selected 3-fold oversampling
[HKL stats] h=[-12,-12] k=[3,3] l=[7,7] hit_rate=1296/1296 (100.00%)
auto-selected 3-fold oversampling
[HKL stats] h=[-1,-1] k=[2,2] l=[0,0] hit_rate=1296/1296 (100.00%)
auto-selected 3-fold oversampling
[HKL stats] h=[-13,-12] k=[-3,-3] l=[5,5] hit_rate=1296/1296 (100.00%)
auto-selected 3-fold oversampling
[HKL stats] h=[-15,-15] k=[-7,-7] l=[8,8] hit_rate=1296/1296 (100.00%)
auto-selected 3-fold oversampling
[HKL stats] h=[-12,-12] k=[-11,-10] l=[5,5] hit_rate=1296/1296 (100.00%)
auto-selected 3-fold oversampling
[HKL stats] h=[4,5] k=[-18,-18] l=[8,8] hit_rate=1296/1296 (100.00%)
auto-selected 3-fold oversampling
[HKL stats] h=[6,6] k=[-20,-20] l=[11,11] hit_rate=1296/1296 (100.00%)
auto-selected 6-fold oversampling
[HKL stats] h=[0,0] k=[9,9] l=[26,26] hit_rate=0/5184 (0.00%)
auto-selected 6-fold oversampling
[HKL stats] h=[1,1] k=[6,6] l=[8,8] hit_rate=5184/5184 (100.00%)
auto-selected 6-fold oversampling
[HKL stats] h=[2,2] k=[4,4] l=[2,2] hit_rate=5184/5184 (100.00%)
auto-selected 6-fold oversampling
[HKL stats] h=[3,4] k=[3,3] l=[3,3] hit_rate=5184/5184 (100.00%)
auto-selected 6-fold oversampling
[HKL stats] h=[-2,-2] k=[3,3] l=[6,6] hit_rate=5184/5184 (100.00%)
auto-selected 6-fold oversampling
[HKL stats] h=[-3,-3] k=[2,2] l=[10,10] hit_rate=5184/5184 (100.00%)
auto-selected 6-fold oversampling
[HKL stats] h=[-4,-4] k=[3,3] l=[24,24] hit_rate=0/5184 (0.00%)
auto-selected 6-fold oversampling
[HKL stats] h=[-0,-0] k=[1,1] l=[0,0] hit_rate=5184/5184 (100.00%)
auto-selected 6-fold oversampling
[HKL stats] h=[-4,-4] k=[0,0] l=[20,20] hit_rate=5184/5184 (100.00%)
auto-selected 6-fold oversampling
[HKL stats] h=[-4,-4] k=[-1,-1] l=[30,30] hit_rate=0/5184 (0.00%)
auto-selected 6-fold oversampling
[HKL stats] h=[-3,-3] k=[-3,-2] l=[20,21] hit_rate=5184/5184 (100.00%)
auto-selected 6-fold oversampling
[HKL stats] h=[3,3] k=[-6,-6] l=[25,25] hit_rate=5184/5184 (100.00%)
auto-selected 6-fold oversampling
[HKL stats] h=[4,4] k=[-7,-7] l=[33,33] hit_rate=0/5184 (0.00%)
auto-selected 6-fold oversampling
[HKL stats] h=[0,0] k=[9,9] l=[26,26] hit_rate=0/5184 (0.00%)
auto-selected 6-fold oversampling
[HKL stats] h=[1,1] k=[6,6] l=[8,8] hit_rate=5184/5184 (100.00%)
auto-selected 6-fold oversampling
[HKL stats] h=[2,2] k=[4,4] l=[2,2] hit_rate=5184/5184 (100.00%)
auto-selected 6-fold oversampling
[HKL stats] h=[3,4] k=[3,3] l=[3,3] hit_rate=5184/5184 (100.00%)
auto-selected 6-fold oversampling
[HKL stats] h=[-2,-2] k=[3,3] l=[6,6] hit_rate=5184/5184 (100.00%)
auto-selected 6-fold oversampling
[HKL stats] h=[-3,-3] k=[2,2] l=[10,10] hit_rate=5184/5184 (100.00%)
auto-selected 6-fold oversampling
[HKL stats] h=[-4,-4] k=[3,3] l=[24,24] hit_rate=0/5184 (0.00%)
auto-selected 6-fold oversampling
[HKL stats] h=[-0,-0] k=[1,1] l=[0,0] hit_rate=5184/5184 (100.00%)
auto-selected 6-fold oversampling
[HKL stats] h=[-4,-4] k=[0,0] l=[20,20] hit_rate=5184/5184 (100.00%)
auto-selected 6-fold oversampling
[HKL stats] h=[-4,-4] k=[-1,-1] l=[30,30] hit_rate=0/5184 (0.00%)
auto-selected 6-fold oversampling
[HKL stats] h=[-3,-3] k=[-3,-2] l=[20,21] hit_rate=5184/5184 (100.00%)
auto-selected 6-fold oversampling
[HKL stats] h=[3,3] k=[-6,-6] l=[25,25] hit_rate=5184/5184 (100.00%)
auto-selected 6-fold oversampling
[HKL stats] h=[4,4] k=[-7,-7] l=[33,33] hit_rate=0/5184 (0.00%)
auto-selected 6-fold oversampling
[HKL stats] h=[0,0] k=[9,9] l=[26,26] hit_rate=0/5184 (0.00%)
auto-selected 6-fold oversampling
[HKL stats] h=[1,1] k=[6,6] l=[8,8] hit_rate=5184/5184 (100.00%)
auto-selected 6-fold oversampling
[HKL stats] h=[2,2] k=[4,4] l=[2,2] hit_rate=5184/5184 (100.00%)
auto-selected 6-fold oversampling
[HKL stats] h=[3,4] k=[3,3] l=[3,3] hit_rate=5184/5184 (100.00%)
auto-selected 6-fold oversampling
[HKL stats] h=[-2,-2] k=[3,3] l=[6,6] hit_rate=5184/5184 (100.00%)
auto-selected 6-fold oversampling
[HKL stats] h=[-3,-3] k=[2,2] l=[10,10] hit_rate=5184/5184 (100.00%)
auto-selected 6-fold oversampling
[HKL stats] h=[-4,-4] k=[3,3] l=[24,24] hit_rate=0/5184 (0.00%)
auto-selected 6-fold oversampling
[HKL stats] h=[-0,-0] k=[1,1] l=[0,0] hit_rate=5184/5184 (100.00%)
auto-selected 6-fold oversampling
[HKL stats] h=[-4,-4] k=[0,0] l=[20,20] hit_rate=5184/5184 (100.00%)
auto-selected 6-fold oversampling
[HKL stats] h=[-4,-4] k=[-1,-1] l=[30,30] hit_rate=0/5184 (0.00%)
auto-selected 6-fold oversampling
[HKL stats] h=[-3,-3] k=[-3,-2] l=[20,21] hit_rate=5184/5184 (100.00%)
auto-selected 6-fold oversampling
[HKL stats] h=[3,3] k=[-6,-6] l=[25,25] hit_rate=5184/5184 (100.00%)
auto-selected 6-fold oversampling
[HKL stats] h=[4,4] k=[-7,-7] l=[33,33] hit_rate=0/5184 (0.00%)
auto-selected 6-fold oversampling
[HKL stats] h=[0,0] k=[9,9] l=[26,26] hit_rate=0/5184 (0.00%)
auto-selected 6-fold oversampling
[HKL stats] h=[1,1] k=[6,6] l=[8,8] hit_rate=5184/5184 (100.00%)
auto-selected 6-fold oversampling
[HKL stats] h=[2,2] k=[4,4] l=[2,2] hit_rate=5184/5184 (100.00%)
auto-selected 6-fold oversampling
[HKL stats] h=[3,4] k=[3,3] l=[3,3] hit_rate=5184/5184 (100.00%)
auto-selected 6-fold oversampling
[HKL stats] h=[-2,-2] k=[3,3] l=[6,6] hit_rate=5184/5184 (100.00%)
auto-selected 6-fold oversampling
[HKL stats] h=[-3,-3] k=[2,2] l=[10,10] hit_rate=5184/5184 (100.00%)
auto-selected 6-fold oversampling
[HKL stats] h=[-4,-4] k=[3,3] l=[24,24] hit_rate=0/5184 (0.00%)
auto-selected 6-fold oversampling
[HKL stats] h=[-0,-0] k=[1,1] l=[0,0] hit_rate=5184/5184 (100.00%)
auto-selected 6-fold oversampling
[HKL stats] h=[-4,-4] k=[0,0] l=[20,20] hit_rate=5184/5184 (100.00%)
auto-selected 6-fold oversampling
[HKL stats] h=[-4,-4] k=[-1,-1] l=[30,30] hit_rate=0/5184 (0.00%)
auto-selected 6-fold oversampling
[HKL stats] h=[-3,-3] k=[-3,-2] l=[20,21] hit_rate=5184/5184 (100.00%)
auto-selected 6-fold oversampling
[HKL stats] h=[3,3] k=[-6,-6] l=[25,25] hit_rate=5184/5184 (100.00%)
auto-selected 6-fold oversampling
[HKL stats] h=[4,4] k=[-7,-7] l=[33,33] hit_rate=0/5184 (0.00%)
auto-selected 6-fold oversampling
[HKL stats] h=[0,0] k=[9,9] l=[26,26] hit_rate=0/5184 (0.00%)
auto-selected 6-fold oversampling
[HKL stats] h=[-0,-0] k=[9,9] l=[27,28] hit_rate=0/5184 (0.00%)
auto-selected 6-fold oversampling
[HKL stats] h=[2,2] k=[8,8] l=[17,17] hit_rate=5184/5184 (100.00%)
auto-selected 6-fold oversampling
[HKL stats] h=[3,3] k=[8,8] l=[15,16] hit_rate=5184/5184 (100.00%)
auto-selected 6-fold oversampling
[HKL stats] h=[-2,-2] k=[8,8] l=[30,30] hit_rate=0/5184 (0.00%)
auto-selected 6-fold oversampling
[HKL stats] h=[-1,-1] k=[7,7] l=[16,16] hit_rate=5184/5184 (100.00%)
auto-selected 6-fold oversampling
[HKL stats] h=[5,5] k=[6,6] l=[10,10] hit_rate=5184/5184 (100.00%)
auto-selected 6-fold oversampling
[HKL stats] h=[-1,-1] k=[7,7] l=[19,19] hit_rate=5184/5184 (100.00%)
auto-selected 6-fold oversampling
[HKL stats] h=[1,1] k=[6,6] l=[8,9] hit_rate=5184/5184 (100.00%)
auto-selected 6-fold oversampling
[HKL stats] h=[2,2] k=[6,6] l=[7,7] hit_rate=5184/5184 (100.00%)
auto-selected 6-fold oversampling
[HKL stats] h=[1,1] k=[6,6] l=[8,8] hit_rate=5184/5184 (100.00%)
auto-selected 6-fold oversampling
[HKL stats] h=[2,3] k=[6,6] l=[6,6] hit_rate=5184/5184 (100.00%)
auto-selected 6-fold oversampling
[HKL stats] h=[-0,-0] k=[6,6] l=[10,11] hit_rate=5184/5184 (100.00%)
auto-selected 6-fold oversampling
[HKL stats] h=[0,0] k=[6,6] l=[7,7] hit_rate=5184/5184 (100.00%)
auto-selected 6-fold oversampling
[HKL stats] h=[4,4] k=[5,5] l=[7,7] hit_rate=5184/5184 (100.00%)
auto-selected 6-fold oversampling
[HKL stats] h=[1,1] k=[5,5] l=[4,4] hit_rate=5184/5184 (100.00%)
auto-selected 6-fold oversampling
[HKL stats] h=[5,5] k=[4,4] l=[7,7] hit_rate=5184/5184 (100.00%)
auto-selected 6-fold oversampling
[HKL stats] h=[0,0] k=[5,5] l=[4,5] hit_rate=5184/5184 (100.00%)
auto-selected 6-fold oversampling
[HKL stats] h=[3,3] k=[4,4] l=[3,4] hit_rate=5184/5184 (100.00%)
auto-selected 6-fold oversampling
[HKL stats] h=[3,3] k=[4,4] l=[3,3] hit_rate=5184/5184 (100.00%)
auto-selected 6-fold oversampling
[HKL stats] h=[-3,-3] k=[5,6] l=[27,27] hit_rate=0/5184 (0.00%)
auto-selected 6-fold oversampling
[HKL stats] h=[3,3] k=[4,4] l=[3,3] hit_rate=5184/5184 (100.00%)
auto-selected 6-fold oversampling
[HKL stats] h=[2,2] k=[4,4] l=[2,2] hit_rate=5184/5184 (100.00%)
auto-selected 6-fold oversampling
[HKL stats] h=[-0,-0] k=[4,4] l=[5,5] hit_rate=5184/5184 (100.00%)
auto-selected 6-fold oversampling
[HKL stats] h=[-2,-2] k=[5,5] l=[11,11] hit_rate=5184/5184 (100.00%)
auto-selected 6-fold oversampling
[HKL stats] h=[-2,-2] k=[5,5] l=[16,16] hit_rate=5184/5184 (100.00%)
auto-selected 6-fold oversampling
[HKL stats] h=[3,4] k=[3,3] l=[3,3] hit_rate=5184/5184 (100.00%)
auto-selected 6-fold oversampling
[HKL stats] h=[-0,-0] k=[4,4] l=[3,3] hit_rate=5184/5184 (100.00%)
auto-selected 6-fold oversampling
[HKL stats] h=[1,1] k=[3,3] l=[0,0] hit_rate=5184/5184 (100.00%)
auto-selected 6-fold oversampling
[HKL stats] h=[-2,-2] k=[4,4] l=[13,14] hit_rate=5184/5184 (100.00%)
auto-selected 6-fold oversampling
[HKL stats] h=[3,4] k=[2,2] l=[2,2] hit_rate=5184/5184 (100.00%)
auto-selected 6-fold oversampling
[HKL stats] h=[1,1] k=[2,2] l=[-1,-1] hit_rate=5184/5184 (100.00%)
auto-selected 6-fold oversampling
[HKL stats] h=[-1,-0] k=[2,2] l=[1,2] hit_rate=5184/5184 (100.00%)
auto-selected 6-fold oversampling
[HKL stats] h=[0,0] k=[2,2] l=[-0,-0] hit_rate=5184/5184 (100.00%)
auto-selected 6-fold oversampling
[HKL stats] h=[1,1] k=[2,2] l=[-1,-1] hit_rate=5184/5184 (100.00%)
auto-selected 6-fold oversampling
[HKL stats] h=[-2,-2] k=[3,3] l=[6,6] hit_rate=5184/5184 (100.00%)
auto-selected 6-fold oversampling
[HKL stats] h=[-4,-4] k=[3,4] l=[28,29] hit_rate=0/5184 (0.00%)
auto-selected 6-fold oversampling
[HKL stats] h=[-1,-1] k=[2,2] l=[2,3] hit_rate=5184/5184 (100.00%)
auto-selected 6-fold oversampling
[HKL stats] h=[-1,-1] k=[2,2] l=[4,4] hit_rate=5184/5184 (100.00%)
auto-selected 6-fold oversampling
[HKL stats] h=[-3,-3] k=[2,2] l=[10,10] hit_rate=5184/5184 (100.00%)
auto-selected 6-fold oversampling
[HKL stats] h=[-4,-4] k=[3,3] l=[24,24] hit_rate=0/5184 (0.00%)
auto-selected 6-fold oversampling
[HKL stats] h=[-4,-3] k=[2,2] l=[20,20] hit_rate=5184/5184 (100.00%)
auto-selected 6-fold oversampling
[HKL stats] h=[-3,-3] k=[2,2] l=[18,19] hit_rate=5184/5184 (100.00%)
auto-selected 6-fold oversampling
[HKL stats] h=[5,5] k=[0,0] l=[8,8] hit_rate=5184/5184 (100.00%)
auto-selected 6-fold oversampling
[HKL stats] h=[-0,-0] k=[1,1] l=[0,0] hit_rate=5184/5184 (100.00%)
auto-selected 6-fold oversampling
[HKL stats] h=[3,3] k=[-1,-1] l=[2,3] hit_rate=5184/5184 (100.00%)
auto-selected 6-fold oversampling
[HKL stats] h=[-0,-0] k=[-1,-1] l=[1,1] hit_rate=5184/5184 (100.00%)
auto-selected 6-fold oversampling
[HKL stats] h=[5,5] k=[-1,-1] l=[8,8] hit_rate=5184/5184 (100.00%)
auto-selected 6-fold oversampling
[HKL stats] h=[1,1] k=[-1,-1] l=[1,1] hit_rate=5184/5184 (100.00%)
auto-selected 6-fold oversampling
[HKL stats] h=[-2,-2] k=[-0,-0] l=[7,7] hit_rate=5184/5184 (100.00%)
auto-selected 6-fold oversampling
[HKL stats] h=[-1,-1] k=[-1,-1] l=[2,2] hit_rate=5184/5184 (100.00%)
auto-selected 6-fold oversampling
[HKL stats] h=[4,4] k=[-1,-1] l=[7,8] hit_rate=5184/5184 (100.00%)
auto-selected 6-fold oversampling
[HKL stats] h=[1,1] k=[-2,-2] l=[2,2] hit_rate=5184/5184 (100.00%)
auto-selected 6-fold oversampling
[HKL stats] h=[2,2] k=[-2,-2] l=[2,2] hit_rate=5184/5184 (100.00%)
auto-selected 6-fold oversampling
[HKL stats] h=[-2,-2] k=[-1,-1] l=[9,10] hit_rate=5184/5184 (100.00%)
auto-selected 6-fold oversampling
[HKL stats] h=[-4,-4] k=[0,0] l=[20,20] hit_rate=5184/5184 (100.00%)
auto-selected 6-fold oversampling
[HKL stats] h=[-4,-4] k=[1,1] l=[29,30] hit_rate=0/5184 (0.00%)
auto-selected 6-fold oversampling
[HKL stats] h=[-3,-3] k=[-1,-1] l=[14,15] hit_rate=5184/5184 (100.00%)
auto-selected 6-fold oversampling
[HKL stats] h=[-1,-1] k=[-2,-2] l=[5,5] hit_rate=5184/5184 (100.00%)
auto-selected 6-fold oversampling
[HKL stats] h=[0,0] k=[-2,-2] l=[4,4] hit_rate=5184/5184 (100.00%)
auto-selected 6-fold oversampling
[HKL stats] h=[-2,-2] k=[-2,-2] l=[9,9] hit_rate=5184/5184 (100.00%)
auto-selected 6-fold oversampling
[HKL stats] h=[5,5] k=[-3,-3] l=[12,13] hit_rate=5184/5184 (100.00%)
auto-selected 6-fold oversampling
[HKL stats] h=[-0,-0] k=[-3,-3] l=[5,5] hit_rate=5184/5184 (100.00%)
auto-selected 6-fold oversampling
[HKL stats] h=[-1,-1] k=[-3,-3] l=[7,8] hit_rate=5184/5184 (100.00%)
auto-selected 6-fold oversampling
[HKL stats] h=[-4,-4] k=[-1,-1] l=[24,25] hit_rate=0/5184 (0.00%)
auto-selected 6-fold oversampling
[HKL stats] h=[-4,-4] k=[-1,-1] l=[26,27] hit_rate=0/5184 (0.00%)
auto-selected 6-fold oversampling
[HKL stats] h=[-4,-4] k=[-1,-1] l=[28,29] hit_rate=0/5184 (0.00%)
auto-selected 6-fold oversampling
[HKL stats] h=[-4,-4] k=[-1,-1] l=[30,30] hit_rate=0/5184 (0.00%)
auto-selected 6-fold oversampling
[HKL stats] h=[4,4] k=[-3,-3] l=[13,14] hit_rate=5184/5184 (100.00%)
auto-selected 6-fold oversampling
[HKL stats] h=[1,1] k=[-3,-3] l=[7,7] hit_rate=5184/5184 (100.00%)
auto-selected 6-fold oversampling
[HKL stats] h=[-3,-3] k=[-2,-2] l=[20,21] hit_rate=5184/5184 (100.00%)
auto-selected 6-fold oversampling
[HKL stats] h=[3,3] k=[-4,-4] l=[11,12] hit_rate=5184/5184 (100.00%)
auto-selected 6-fold oversampling
[HKL stats] h=[-3,-3] k=[-3,-2] l=[20,21] hit_rate=5184/5184 (100.00%)
auto-selected 6-fold oversampling
[HKL stats] h=[-0,-0] k=[-4,-4] l=[11,11] hit_rate=5184/5184 (100.00%)
auto-selected 6-fold oversampling
[HKL stats] h=[2,2] k=[-4,-4] l=[12,12] hit_rate=5184/5184 (100.00%)
auto-selected 6-fold oversampling
[HKL stats] h=[2,3] k=[-5,-5] l=[14,14] hit_rate=5184/5184 (100.00%)
auto-selected 6-fold oversampling
[HKL stats] h=[3,3] k=[-5,-5] l=[15,16] hit_rate=5184/5184 (100.00%)
auto-selected 6-fold oversampling
[HKL stats] h=[3,3] k=[-5,-5] l=[17,18] hit_rate=5184/5184 (100.00%)
auto-selected 6-fold oversampling
[HKL stats] h=[0,0] k=[-6,-6] l=[20,20] hit_rate=5184/5184 (100.00%)
auto-selected 6-fold oversampling
[HKL stats] h=[-2,-2] k=[-5,-5] l=[25,26] hit_rate=0/5184 (0.00%)
auto-selected 6-fold oversampling
[HKL stats] h=[1,1] k=[-6,-6] l=[22,22] hit_rate=5184/5184 (100.00%)
auto-selected 6-fold oversampling
[HKL stats] h=[6,6] k=[-5,-5] l=[30,30] hit_rate=0/5184 (0.00%)
auto-selected 6-fold oversampling
[HKL stats] h=[1,1] k=[-6,-6] l=[22,23] hit_rate=5184/5184 (100.00%)
auto-selected 6-fold oversampling
[HKL stats] h=[3,3] k=[-6,-6] l=[25,25] hit_rate=5184/5184 (100.00%)
auto-selected 6-fold oversampling
[HKL stats] h=[-0,-0] k=[-6,-6] l=[24,25] hit_rate=5184/5184 (100.00%)
auto-selected 6-fold oversampling
[HKL stats] h=[-2,-2] k=[-6,-6] l=[30,31] hit_rate=0/5184 (0.00%)
auto-selected 6-fold oversampling
[HKL stats] h=[4,4] k=[-6,-6] l=[28,29] hit_rate=367/5184 (7.08%)
auto-selected 6-fold oversampling
[HKL stats] h=[5,5] k=[-6,-6] l=[32,32] hit_rate=0/5184 (0.00%)
auto-selected 6-fold oversampling
[HKL stats] h=[-2,-2] k=[-5,-5] l=[36,36] hit_rate=0/5184 (0.00%)
auto-selected 6-fold oversampling
[HKL stats] h=[4,4] k=[-7,-7] l=[33,33] hit_rate=0/5184 (0.00%)
auto-selected 6-fold oversampling
[HKL stats] h=[-3,-2] k=[-5,-5] l=[41,41] hit_rate=0/5184 (0.00%)
auto-selected 6-fold oversampling
[HKL stats] h=[3,3] k=[-7,-7] l=[33,33] hit_rate=0/5184 (0.00%)
auto-selected 6-fold oversampling
[HKL stats] h=[0,0] k=[9,9] l=[26,26] hit_rate=0/5184 (0.00%)
auto-selected 6-fold oversampling
[HKL stats] h=[1,1] k=[6,6] l=[8,8] hit_rate=5184/5184 (100.00%)
auto-selected 6-fold oversampling
[HKL stats] h=[2,2] k=[4,4] l=[2,2] hit_rate=5184/5184 (100.00%)
auto-selected 6-fold oversampling
[HKL stats] h=[3,4] k=[3,3] l=[3,3] hit_rate=5184/5184 (100.00%)
auto-selected 6-fold oversampling
[HKL stats] h=[-2,-2] k=[3,3] l=[6,6] hit_rate=5184/5184 (100.00%)
auto-selected 6-fold oversampling
[HKL stats] h=[-3,-3] k=[2,2] l=[10,10] hit_rate=5184/5184 (100.00%)
auto-selected 6-fold oversampling
[HKL stats] h=[-4,-4] k=[3,3] l=[24,24] hit_rate=0/5184 (0.00%)
auto-selected 6-fold oversampling
[HKL stats] h=[-0,-0] k=[1,1] l=[0,0] hit_rate=5184/5184 (100.00%)
auto-selected 6-fold oversampling
[HKL stats] h=[-4,-4] k=[0,0] l=[20,20] hit_rate=5184/5184 (100.00%)
auto-selected 6-fold oversampling
[HKL stats] h=[-4,-4] k=[-1,-1] l=[30,30] hit_rate=0/5184 (0.00%)
auto-selected 6-fold oversampling
[HKL stats] h=[-3,-3] k=[-3,-2] l=[20,21] hit_rate=5184/5184 (100.00%)
auto-selected 6-fold oversampling
[HKL stats] h=[3,3] k=[-6,-6] l=[25,25] hit_rate=5184/5184 (100.00%)
auto-selected 6-fold oversampling
[HKL stats] h=[4,4] k=[-7,-7] l=[33,33] hit_rate=0/5184 (0.00%)
auto-selected 6-fold oversampling
[HKL stats] h=[0,0] k=[9,9] l=[26,26] hit_rate=0/5184 (0.00%)
auto-selected 6-fold oversampling
[HKL stats] h=[1,1] k=[6,6] l=[8,8] hit_rate=5184/5184 (100.00%)
auto-selected 6-fold oversampling
[HKL stats] h=[2,2] k=[4,4] l=[2,2] hit_rate=5184/5184 (100.00%)
auto-selected 6-fold oversampling
[HKL stats] h=[3,4] k=[3,3] l=[3,3] hit_rate=5184/5184 (100.00%)
auto-selected 6-fold oversampling
[HKL stats] h=[-2,-2] k=[3,3] l=[6,6] hit_rate=5184/5184 (100.00%)
auto-selected 6-fold oversampling
[HKL stats] h=[-3,-3] k=[2,2] l=[10,10] hit_rate=5184/5184 (100.00%)
auto-selected 6-fold oversampling
[HKL stats] h=[-4,-4] k=[3,3] l=[24,24] hit_rate=0/5184 (0.00%)
auto-selected 6-fold oversampling
[HKL stats] h=[-0,-0] k=[1,1] l=[0,0] hit_rate=5184/5184 (100.00%)
auto-selected 6-fold oversampling
[HKL stats] h=[-4,-4] k=[0,0] l=[20,20] hit_rate=5184/5184 (100.00%)
auto-selected 6-fold oversampling
[HKL stats] h=[-4,-4] k=[-1,-1] l=[30,30] hit_rate=0/5184 (0.00%)
auto-selected 6-fold oversampling
[HKL stats] h=[-3,-3] k=[-3,-2] l=[20,21] hit_rate=5184/5184 (100.00%)
auto-selected 6-fold oversampling
[HKL stats] h=[3,3] k=[-6,-6] l=[25,25] hit_rate=5184/5184 (100.00%)
auto-selected 6-fold oversampling
[HKL stats] h=[4,4] k=[-7,-7] l=[33,33] hit_rate=0/5184 (0.00%)
auto-selected 6-fold oversampling
[HKL stats] h=[0,0] k=[9,9] l=[26,26] hit_rate=0/5184 (0.00%)
auto-selected 6-fold oversampling
[HKL stats] h=[1,1] k=[6,6] l=[8,8] hit_rate=5184/5184 (100.00%)
auto-selected 6-fold oversampling
[HKL stats] h=[2,2] k=[4,4] l=[2,2] hit_rate=5184/5184 (100.00%)
auto-selected 6-fold oversampling
[HKL stats] h=[3,4] k=[3,3] l=[3,3] hit_rate=5184/5184 (100.00%)
auto-selected 6-fold oversampling
[HKL stats] h=[-2,-2] k=[3,3] l=[6,6] hit_rate=5184/5184 (100.00%)
auto-selected 6-fold oversampling
[HKL stats] h=[-3,-2] k=[2,2] l=[10,10] hit_rate=5184/5184 (100.00%)
auto-selected 6-fold oversampling
[HKL stats] h=[-4,-4] k=[3,3] l=[24,24] hit_rate=0/5184 (0.00%)
auto-selected 6-fold oversampling
[HKL stats] h=[-0,-0] k=[1,1] l=[0,0] hit_rate=5184/5184 (100.00%)
auto-selected 6-fold oversampling
[HKL stats] h=[-4,-4] k=[0,0] l=[20,20] hit_rate=5184/5184 (100.00%)
auto-selected 6-fold oversampling
[HKL stats] h=[-4,-4] k=[-1,-1] l=[30,30] hit_rate=0/5184 (0.00%)
auto-selected 6-fold oversampling
[HKL stats] h=[-3,-3] k=[-3,-2] l=[20,21] hit_rate=5184/5184 (100.00%)
auto-selected 6-fold oversampling
[HKL stats] h=[3,3] k=[-6,-6] l=[25,25] hit_rate=5184/5184 (100.00%)
auto-selected 6-fold oversampling
[HKL stats] h=[4,4] k=[-7,-7] l=[33,33] hit_rate=0/5184 (0.00%)
auto-selected 6-fold oversampling
[HKL stats] h=[0,0] k=[9,9] l=[26,26] hit_rate=0/5184 (0.00%)
auto-selected 6-fold oversampling
[HKL stats] h=[1,1] k=[6,6] l=[8,8] hit_rate=5184/5184 (100.00%)
auto-selected 6-fold oversampling
[HKL stats] h=[2,2] k=[4,4] l=[2,2] hit_rate=5184/5184 (100.00%)
auto-selected 6-fold oversampling
[HKL stats] h=[4,4] k=[3,3] l=[3,3] hit_rate=5184/5184 (100.00%)
auto-selected 6-fold oversampling
[HKL stats] h=[-2,-2] k=[3,3] l=[6,6] hit_rate=5184/5184 (100.00%)
auto-selected 6-fold oversampling
[HKL stats] h=[-3,-2] k=[2,2] l=[10,10] hit_rate=5184/5184 (100.00%)
auto-selected 6-fold oversampling
[HKL stats] h=[-4,-4] k=[3,3] l=[24,24] hit_rate=0/5184 (0.00%)
auto-selected 6-fold oversampling
[HKL stats] h=[-0,-0] k=[1,1] l=[0,0] hit_rate=5184/5184 (100.00%)
auto-selected 6-fold oversampling
[HKL stats] h=[-4,-4] k=[0,0] l=[20,20] hit_rate=5184/5184 (100.00%)
auto-selected 6-fold oversampling
[HKL stats] h=[-4,-4] k=[-1,-1] l=[30,30] hit_rate=0/5184 (0.00%)
auto-selected 6-fold oversampling
[HKL stats] h=[-3,-3] k=[-3,-2] l=[20,21] hit_rate=5184/5184 (100.00%)
auto-selected 6-fold oversampling
[HKL stats] h=[3,3] k=[-6,-6] l=[25,25] hit_rate=5184/5184 (100.00%)
auto-selected 6-fold oversampling
[HKL stats] h=[4,4] k=[-7,-7] l=[33,33] hit_rate=0/5184 (0.00%)
auto-selected 6-fold oversampling
[HKL stats] h=[1,1] k=[9,9] l=[26,26] hit_rate=5184/5184 (100.00%)
auto-selected 6-fold oversampling
[HKL stats] h=[1,1] k=[6,6] l=[8,8] hit_rate=5184/5184 (100.00%)
auto-selected 6-fold oversampling
[HKL stats] h=[2,2] k=[4,4] l=[2,2] hit_rate=5184/5184 (100.00%)
auto-selected 6-fold oversampling
[HKL stats] h=[4,4] k=[3,3] l=[3,3] hit_rate=5184/5184 (100.00%)
auto-selected 6-fold oversampling
[HKL stats] h=[-2,-1] k=[3,3] l=[6,6] hit_rate=5184/5184 (100.00%)
auto-selected 6-fold oversampling
[HKL stats] h=[-2,-2] k=[2,2] l=[10,10] hit_rate=5184/5184 (100.00%)
auto-selected 6-fold oversampling
[HKL stats] h=[-4,-4] k=[3,3] l=[24,24] hit_rate=0/5184 (0.00%)
auto-selected 6-fold oversampling
[HKL stats] h=[-0,-0] k=[1,1] l=[0,0] hit_rate=5184/5184 (100.00%)
auto-selected 6-fold oversampling
[HKL stats] h=[-4,-4] k=[0,0] l=[20,20] hit_rate=5184/5184 (100.00%)
auto-selected 6-fold oversampling
[HKL stats] h=[-4,-4] k=[-1,-1] l=[30,30] hit_rate=0/5184 (0.00%)
auto-selected 6-fold oversampling
[HKL stats] h=[-4,-3] k=[-3,-2] l=[20,21] hit_rate=5184/5184 (100.00%)
auto-selected 6-fold oversampling
[HKL stats] h=[2,2] k=[-6,-6] l=[25,25] hit_rate=5184/5184 (100.00%)
auto-selected 6-fold oversampling
[HKL stats] h=[3,3] k=[-7,-7] l=[33,33] hit_rate=0/5184 (0.00%)
auto-selected 6-fold oversampling
[HKL stats] h=[1,1] k=[9,9] l=[26,26] hit_rate=5184/5184 (100.00%)
auto-selected 6-fold oversampling
[HKL stats] h=[0,0] k=[9,9] l=[27,28] hit_rate=0/5184 (0.00%)
auto-selected 6-fold oversampling
[HKL stats] h=[3,3] k=[8,8] l=[17,17] hit_rate=5184/5184 (100.00%)
auto-selected 6-fold oversampling
[HKL stats] h=[3,4] k=[8,8] l=[15,16] hit_rate=5184/5184 (100.00%)
auto-selected 6-fold oversampling
[HKL stats] h=[-1,-1] k=[8,8] l=[30,30] hit_rate=0/5184 (0.00%)
auto-selected 6-fold oversampling
[HKL stats] h=[-0,-0] k=[7,7] l=[16,16] hit_rate=5184/5184 (100.00%)
auto-selected 6-fold oversampling
[HKL stats] h=[5,6] k=[6,6] l=[10,10] hit_rate=5184/5184 (100.00%)
auto-selected 6-fold oversampling
[HKL stats] h=[-1,-1] k=[7,7] l=[19,19] hit_rate=5184/5184 (100.00%)
auto-selected 6-fold oversampling
[HKL stats] h=[2,2] k=[6,6] l=[8,9] hit_rate=5184/5184 (100.00%)
auto-selected 6-fold oversampling
[HKL stats] h=[2,2] k=[6,6] l=[7,7] hit_rate=5184/5184 (100.00%)
auto-selected 6-fold oversampling
[HKL stats] h=[1,1] k=[6,6] l=[8,8] hit_rate=5184/5184 (100.00%)
auto-selected 6-fold oversampling
[HKL stats] h=[3,3] k=[6,6] l=[6,6] hit_rate=5184/5184 (100.00%)
auto-selected 6-fold oversampling
[HKL stats] h=[0,0] k=[6,6] l=[10,11] hit_rate=5184/5184 (100.00%)
auto-selected 6-fold oversampling
[HKL stats] h=[1,1] k=[6,6] l=[7,7] hit_rate=5184/5184 (100.00%)
auto-selected 6-fold oversampling
[HKL stats] h=[5,5] k=[5,5] l=[7,7] hit_rate=5184/5184 (100.00%)
auto-selected 6-fold oversampling
[HKL stats] h=[2,2] k=[5,5] l=[4,4] hit_rate=5184/5184 (100.00%)
auto-selected 6-fold oversampling
[HKL stats] h=[5,5] k=[4,4] l=[7,7] hit_rate=5184/5184 (100.00%)
auto-selected 6-fold oversampling
[HKL stats] h=[1,1] k=[5,5] l=[4,5] hit_rate=5184/5184 (100.00%)
auto-selected 6-fold oversampling
[HKL stats] h=[4,4] k=[4,4] l=[3,4] hit_rate=5184/5184 (100.00%)
auto-selected 6-fold oversampling
[HKL stats] h=[3,3] k=[4,4] l=[3,3] hit_rate=5184/5184 (100.00%)
auto-selected 6-fold oversampling
[HKL stats] h=[-3,-3] k=[5,6] l=[27,27] hit_rate=0/5184 (0.00%)
auto-selected 6-fold oversampling
[HKL stats] h=[4,4] k=[4,4] l=[3,3] hit_rate=5184/5184 (100.00%)
auto-selected 6-fold oversampling
[HKL stats] h=[2,2] k=[4,4] l=[2,2] hit_rate=5184/5184 (100.00%)
auto-selected 6-fold oversampling
[HKL stats] h=[-0,-0] k=[4,4] l=[5,5] hit_rate=5184/5184 (100.00%)
auto-selected 6-fold oversampling
[HKL stats] h=[-1,-1] k=[5,5] l=[11,11] hit_rate=5184/5184 (100.00%)
auto-selected 6-fold oversampling
[HKL stats] h=[-2,-2] k=[5,5] l=[16,16] hit_rate=5184/5184 (100.00%)
auto-selected 6-fold oversampling
[HKL stats] h=[4,4] k=[3,3] l=[3,3] hit_rate=5184/5184 (100.00%)
auto-selected 6-fold oversampling
[HKL stats] h=[0,0] k=[4,4] l=[3,3] hit_rate=5184/5184 (100.00%)
auto-selected 6-fold oversampling
[HKL stats] h=[2,2] k=[3,3] l=[0,0] hit_rate=5184/5184 (100.00%)
auto-selected 6-fold oversampling
[HKL stats] h=[-2,-2] k=[4,4] l=[13,14] hit_rate=5184/5184 (100.00%)
auto-selected 6-fold oversampling
[HKL stats] h=[4,4] k=[2,2] l=[2,2] hit_rate=5184/5184 (100.00%)
auto-selected 6-fold oversampling
[HKL stats] h=[1,1] k=[2,2] l=[-1,-1] hit_rate=5184/5184 (100.00%)
auto-selected 6-fold oversampling
[HKL stats] h=[-0,-0] k=[2,2] l=[1,2] hit_rate=5184/5184 (100.00%)
auto-selected 6-fold oversampling
[HKL stats] h=[0,0] k=[2,2] l=[-0,-0] hit_rate=5184/5184 (100.00%)
auto-selected 6-fold oversampling
[HKL stats] h=[1,2] k=[2,2] l=[-1,-1] hit_rate=5184/5184 (100.00%)
auto-selected 6-fold oversampling
[HKL stats] h=[-2,-1] k=[3,3] l=[6,6] hit_rate=5184/5184 (100.00%)
auto-selected 6-fold oversampling
[HKL stats] h=[-4,-4] k=[3,4] l=[28,29] hit_rate=0/5184 (0.00%)
auto-selected 6-fold oversampling
[HKL stats] h=[-1,-1] k=[2,2] l=[2,3] hit_rate=5184/5184 (100.00%)
auto-selected 6-fold oversampling
[HKL stats] h=[-1,-1] k=[2,2] l=[4,4] hit_rate=5184/5184 (100.00%)
auto-selected 6-fold oversampling
[HKL stats] h=[-2,-2] k=[2,2] l=[10,10] hit_rate=5184/5184 (100.00%)
auto-selected 6-fold oversampling
[HKL stats] h=[-4,-4] k=[3,3] l=[24,24] hit_rate=0/5184 (0.00%)
auto-selected 6-fold oversampling
[HKL stats] h=[-3,-3] k=[2,2] l=[20,20] hit_rate=5184/5184 (100.00%)
auto-selected 6-fold oversampling
[HKL stats] h=[-3,-3] k=[2,2] l=[18,19] hit_rate=5184/5184 (100.00%)
auto-selected 6-fold oversampling
[HKL stats] h=[5,5] k=[0,0] l=[8,8] hit_rate=5184/5184 (100.00%)
auto-selected 6-fold oversampling
[HKL stats] h=[-0,-0] k=[1,1] l=[0,0] hit_rate=5184/5184 (100.00%)
auto-selected 6-fold oversampling
[HKL stats] h=[3,3] k=[-1,-1] l=[2,3] hit_rate=5184/5184 (100.00%)
auto-selected 6-fold oversampling
[HKL stats] h=[-0,-0] k=[-1,-1] l=[1,1] hit_rate=5184/5184 (100.00%)
auto-selected 6-fold oversampling
[HKL stats] h=[4,5] k=[-1,-1] l=[8,8] hit_rate=5184/5184 (100.00%)
auto-selected 6-fold oversampling
[HKL stats] h=[1,1] k=[-1,-1] l=[1,1] hit_rate=5184/5184 (100.00%)
auto-selected 6-fold oversampling
[HKL stats] h=[-2,-2] k=[-0,-0] l=[7,7] hit_rate=5184/5184 (100.00%)
auto-selected 6-fold oversampling
[HKL stats] h=[-1,-1] k=[-1,-1] l=[2,2] hit_rate=5184/5184 (100.00%)
auto-selected 6-fold oversampling
[HKL stats] h=[4,4] k=[-1,-1] l=[7,8] hit_rate=5184/5184 (100.00%)
auto-selected 6-fold oversampling
[HKL stats] h=[1,1] k=[-2,-2] l=[2,2] hit_rate=5184/5184 (100.00%)
auto-selected 6-fold oversampling
[HKL stats] h=[1,1] k=[-2,-2] l=[2,2] hit_rate=5184/5184 (100.00%)
auto-selected 6-fold oversampling
[HKL stats] h=[-3,-3] k=[-1,-1] l=[9,10] hit_rate=5184/5184 (100.00%)
auto-selected 6-fold oversampling
[HKL stats] h=[-4,-4] k=[0,0] l=[20,20] hit_rate=5184/5184 (100.00%)
auto-selected 6-fold oversampling
[HKL stats] h=[-4,-4] k=[1,1] l=[29,30] hit_rate=0/5184 (0.00%)
auto-selected 6-fold oversampling
[HKL stats] h=[-3,-3] k=[-1,-1] l=[14,15] hit_rate=5184/5184 (100.00%)
auto-selected 6-fold oversampling
[HKL stats] h=[-1,-1] k=[-2,-2] l=[5,5] hit_rate=5184/5184 (100.00%)
auto-selected 6-fold oversampling
[HKL stats] h=[0,0] k=[-2,-2] l=[4,4] hit_rate=5184/5184 (100.00%)
auto-selected 6-fold oversampling
[HKL stats] h=[-2,-2] k=[-2,-2] l=[9,9] hit_rate=5184/5184 (100.00%)
auto-selected 6-fold oversampling
[HKL stats] h=[4,4] k=[-3,-3] l=[12,13] hit_rate=5184/5184 (100.00%)
auto-selected 6-fold oversampling
[HKL stats] h=[-0,-0] k=[-3,-3] l=[5,5] hit_rate=5184/5184 (100.00%)
auto-selected 6-fold oversampling
[HKL stats] h=[-2,-1] k=[-3,-3] l=[7,8] hit_rate=5184/5184 (100.00%)
auto-selected 6-fold oversampling
[HKL stats] h=[-4,-4] k=[-1,-1] l=[24,25] hit_rate=0/5184 (0.00%)
auto-selected 6-fold oversampling
[HKL stats] h=[-4,-4] k=[-1,-1] l=[26,27] hit_rate=0/5184 (0.00%)
auto-selected 6-fold oversampling
[HKL stats] h=[-4,-4] k=[-1,-1] l=[28,29] hit_rate=0/5184 (0.00%)
auto-selected 6-fold oversampling
[HKL stats] h=[-4,-4] k=[-1,-1] l=[30,30] hit_rate=0/5184 (0.00%)
auto-selected 6-fold oversampling
[HKL stats] h=[4,4] k=[-3,-3] l=[13,14] hit_rate=5184/5184 (100.00%)
auto-selected 6-fold oversampling
[HKL stats] h=[0,0] k=[-3,-3] l=[7,7] hit_rate=5184/5184 (100.00%)
auto-selected 6-fold oversampling
[HKL stats] h=[-4,-4] k=[-2,-2] l=[20,21] hit_rate=5184/5184 (100.00%)
auto-selected 6-fold oversampling
[HKL stats] h=[3,3] k=[-4,-4] l=[11,12] hit_rate=5184/5184 (100.00%)
auto-selected 6-fold oversampling
[HKL stats] h=[-4,-3] k=[-3,-2] l=[20,21] hit_rate=5184/5184 (100.00%)
auto-selected 6-fold oversampling
[HKL stats] h=[-1,-1] k=[-4,-4] l=[11,11] hit_rate=5184/5184 (100.00%)
auto-selected 6-fold oversampling
[HKL stats] h=[2,2] k=[-4,-4] l=[12,12] hit_rate=5184/5184 (100.00%)
auto-selected 6-fold oversampling
[HKL stats] h=[2,2] k=[-5,-5] l=[14,14] hit_rate=5184/5184 (100.00%)
auto-selected 6-fold oversampling
[HKL stats] h=[2,2] k=[-5,-5] l=[15,16] hit_rate=5184/5184 (100.00%)
auto-selected 6-fold oversampling
[HKL stats] h=[2,2] k=[-5,-5] l=[17,18] hit_rate=5184/5184 (100.00%)
auto-selected 6-fold oversampling
[HKL stats] h=[-1,-1] k=[-6,-6] l=[20,20] hit_rate=5184/5184 (100.00%)
auto-selected 6-fold oversampling
[HKL stats] h=[-2,-2] k=[-5,-5] l=[25,26] hit_rate=0/5184 (0.00%)
auto-selected 6-fold oversampling
[HKL stats] h=[-0,-0] k=[-6,-6] l=[22,22] hit_rate=5184/5184 (100.00%)
auto-selected 6-fold oversampling
[HKL stats] h=[5,5] k=[-5,-5] l=[30,30] hit_rate=0/5184 (0.00%)
auto-selected 6-fold oversampling
[HKL stats] h=[0,1] k=[-6,-6] l=[22,23] hit_rate=5184/5184 (100.00%)
auto-selected 6-fold oversampling
[HKL stats] h=[2,2] k=[-6,-6] l=[25,25] hit_rate=5184/5184 (100.00%)
auto-selected 6-fold oversampling
[HKL stats] h=[-1,-1] k=[-6,-6] l=[24,25] hit_rate=5184/5184 (100.00%)
auto-selected 6-fold oversampling
[HKL stats] h=[-2,-2] k=[-6,-6] l=[30,31] hit_rate=0/5184 (0.00%)
auto-selected 6-fold oversampling
[HKL stats] h=[3,3] k=[-6,-6] l=[28,29] hit_rate=0/5184 (0.00%)
auto-selected 6-fold oversampling
[HKL stats] h=[4,4] k=[-6,-6] l=[32,32] hit_rate=0/5184 (0.00%)
auto-selected 6-fold oversampling
[HKL stats] h=[-3,-3] k=[-5,-5] l=[36,36] hit_rate=0/5184 (0.00%)
auto-selected 6-fold oversampling
[HKL stats] h=[3,3] k=[-7,-7] l=[33,33] hit_rate=0/5184 (0.00%)
auto-selected 6-fold oversampling
[HKL stats] h=[-3,-3] k=[-5,-5] l=[41,41] hit_rate=0/5184 (0.00%)
auto-selected 6-fold oversampling
[HKL stats] h=[2,2] k=[-7,-7] l=[33,33] hit_rate=0/5184 (0.00%)
auto-selected 6-fold oversampling
[HKL stats] h=[1,1] k=[9,9] l=[26,26] hit_rate=5184/5184 (100.00%)
auto-selected 6-fold oversampling
[HKL stats] h=[2,2] k=[6,6] l=[8,8] hit_rate=5184/5184 (100.00%)
auto-selected 6-fold oversampling
[HKL stats] h=[2,2] k=[4,4] l=[2,2] hit_rate=5184/5184 (100.00%)
auto-selected 6-fold oversampling
[HKL stats] h=[4,4] k=[3,3] l=[3,3] hit_rate=5184/5184 (100.00%)
auto-selected 6-fold oversampling
[HKL stats] h=[-1,-1] k=[2,3] l=[6,6] hit_rate=5184/5184 (100.00%)
auto-selected 6-fold oversampling
[HKL stats] h=[-3,-2] k=[2,2] l=[10,10] hit_rate=5184/5184 (100.00%)
auto-selected 6-fold oversampling
[HKL stats] h=[-4,-4] k=[2,3] l=[24,24] hit_rate=0/5184 (0.00%)
auto-selected 6-fold oversampling
[HKL stats] h=[-0,-0] k=[1,1] l=[0,0] hit_rate=5184/5184 (100.00%)
auto-selected 6-fold oversampling
[HKL stats] h=[-4,-4] k=[0,0] l=[20,20] hit_rate=5184/5184 (100.00%)
auto-selected 6-fold oversampling
[HKL stats] h=[-5,-5] k=[-1,-1] l=[30,30] hit_rate=0/5184 (0.00%)
auto-selected 6-fold oversampling
[HKL stats] h=[-4,-4] k=[-3,-3] l=[20,21] hit_rate=5184/5184 (100.00%)
auto-selected 6-fold oversampling
[HKL stats] h=[2,2] k=[-6,-6] l=[25,25] hit_rate=5184/5184 (100.00%)
auto-selected 6-fold oversampling
[HKL stats] h=[3,3] k=[-7,-7] l=[33,33] hit_rate=0/5184 (0.00%)
auto-selected 6-fold oversampling
[HKL stats] h=[1,1] k=[9,9] l=[26,27] hit_rate=4589/5184 (88.52%)
auto-selected 6-fold oversampling
[HKL stats] h=[2,2] k=[6,6] l=[8,8] hit_rate=5184/5184 (100.00%)
auto-selected 6-fold oversampling
[HKL stats] h=[3,3] k=[4,4] l=[2,2] hit_rate=5184/5184 (100.00%)
auto-selected 6-fold oversampling
[HKL stats] h=[6,6] k=[3,4] l=[3,3] hit_rate=5184/5184 (100.00%)
auto-selected 6-fold oversampling
[HKL stats] h=[-2,-2] k=[2,2] l=[6,6] hit_rate=5184/5184 (100.00%)
auto-selected 6-fold oversampling
[HKL stats] h=[-3,-3] k=[2,2] l=[10,10] hit_rate=5184/5184 (100.00%)
auto-selected 6-fold oversampling
[HKL stats] h=[-5,-5] k=[2,2] l=[24,24] hit_rate=0/5184 (0.00%)
auto-selected 6-fold oversampling
[HKL stats] h=[-0,-0] k=[1,1] l=[0,0] hit_rate=5184/5184 (100.00%)
auto-selected 6-fold oversampling
[HKL stats] h=[-6,-6] k=[-0,-0] l=[20,20] hit_rate=5184/5184 (100.00%)
auto-selected 6-fold oversampling
[HKL stats] h=[-7,-7] k=[-1,-1] l=[30,30] hit_rate=0/5184 (0.00%)
auto-selected 6-fold oversampling
[HKL stats] h=[-5,-5] k=[-3,-3] l=[20,21] hit_rate=5184/5184 (100.00%)
auto-selected 6-fold oversampling
[HKL stats] h=[3,3] k=[-6,-6] l=[24,25] hit_rate=5184/5184 (100.00%)
auto-selected 6-fold oversampling
[HKL stats] h=[4,4] k=[-7,-7] l=[32,33] hit_rate=0/5184 (0.00%)
auto-selected 6-fold oversampling
[HKL stats] h=[2,2] k=[8,8] l=[28,28] hit_rate=0/5184 (0.00%)
auto-selected 6-fold oversampling
[HKL stats] h=[3,3] k=[6,6] l=[9,9] hit_rate=5184/5184 (100.00%)
auto-selected 6-fold oversampling
[HKL stats] h=[5,5] k=[4,4] l=[3,3] hit_rate=5184/5184 (100.00%)
auto-selected 6-fold oversampling
[HKL stats] h=[9,9] k=[4,4] l=[4,5] hit_rate=5184/5184 (100.00%)
auto-selected 6-fold oversampling
[HKL stats] h=[-3,-3] k=[2,2] l=[6,6] hit_rate=5184/5184 (100.00%)
auto-selected 6-fold oversampling
[HKL stats] h=[-6,-6] k=[1,1] l=[9,10] hit_rate=5184/5184 (100.00%)
auto-selected 6-fold oversampling
[HKL stats] h=[-9,-9] k=[1,2] l=[23,23] hit_rate=0/5184 (0.00%)
auto-selected 6-fold oversampling
[HKL stats] h=[-1,-0] k=[1,1] l=[0,0] hit_rate=5184/5184 (100.00%)
auto-selected 6-fold oversampling
[HKL stats] h=[-9,-9] k=[-1,-1] l=[19,19] hit_rate=0/5184 (0.00%)
auto-selected 6-fold oversampling
[HKL stats] h=[-11,-11] k=[-2,-2] l=[28,29] hit_rate=0/5184 (0.00%)
auto-selected 6-fold oversampling
[HKL stats] h=[-9,-9] k=[-4,-3] l=[19,19] hit_rate=5184/5184 (100.00%)
auto-selected 6-fold oversampling
[HKL stats] h=[4,4] k=[-6,-6] l=[24,24] hit_rate=5184/5184 (100.00%)
auto-selected 6-fold oversampling
[HKL stats] h=[6,6] k=[-7,-7] l=[32,32] hit_rate=0/5184 (0.00%)
auto-selected 6-fold oversampling
[HKL stats] h=[1,2] k=[13,13] l=[29,30] hit_rate=0/5184 (0.00%)
auto-selected 6-fold oversampling
[HKL stats] h=[4,4] k=[9,9] l=[11,11] hit_rate=5184/5184 (100.00%)
auto-selected 6-fold oversampling
[HKL stats] h=[6,6] k=[7,7] l=[5,5] hit_rate=5184/5184 (100.00%)
auto-selected 6-fold oversampling
[HKL stats] h=[10,11] k=[6,6] l=[7,8] hit_rate=5184/5184 (100.00%)
auto-selected 6-fold oversampling
[HKL stats] h=[-4,-4] k=[3,3] l=[5,6] hit_rate=5184/5184 (100.00%)
auto-selected 6-fold oversampling
[HKL stats] h=[-7,-7] k=[2,2] l=[8,8] hit_rate=5184/5184 (100.00%)
auto-selected 6-fold oversampling
[HKL stats] h=[-11,-11] k=[2,2] l=[21,21] hit_rate=0/5184 (0.00%)
auto-selected 6-fold oversampling
[HKL stats] h=[-1,-1] k=[1,1] l=[0,0] hit_rate=5184/5184 (100.00%)
auto-selected 6-fold oversampling
[HKL stats] h=[-11,-11] k=[-2,-2] l=[16,16] hit_rate=5184/5184 (100.00%)
auto-selected 6-fold oversampling
[HKL stats] h=[-14,-14] k=[-4,-4] l=[25,25] hit_rate=0/5184 (0.00%)
auto-selected 6-fold oversampling
[HKL stats] h=[-11,-11] k=[-6,-6] l=[15,16] hit_rate=5184/5184 (100.00%)
auto-selected 6-fold oversampling
[HKL stats] h=[4,4] k=[-10,-10] l=[23,23] hit_rate=5184/5184 (100.00%)
auto-selected 6-fold oversampling
[HKL stats] h=[6,6] k=[-11,-11] l=[31,31] hit_rate=0/5184 (0.00%)
auto-selected 3-fold oversampling
[HKL stats] h=[1,1] k=[19,19] l=[14,14] hit_rate=1296/1296 (100.00%)
auto-selected 3-fold oversampling
[HKL stats] h=[4,4] k=[14,14] l=[6,6] hit_rate=1296/1296 (100.00%)
auto-selected 3-fold oversampling
[HKL stats] h=[6,7] k=[10,10] l=[3,3] hit_rate=1296/1296 (100.00%)
auto-selected 3-fold oversampling
[HKL stats] h=[11,11] k=[9,9] l=[4,4] hit_rate=1296/1296 (100.00%)
auto-selected 3-fold oversampling
[HKL stats] h=[-5,-4] k=[5,5] l=[2,3] hit_rate=1296/1296 (100.00%)
auto-selected 3-fold oversampling
[HKL stats] h=[-8,-7] k=[3,3] l=[4,4] hit_rate=1296/1296 (100.00%)
auto-selected 3-fold oversampling
[HKL stats] h=[-12,-12] k=[2,3] l=[9,9] hit_rate=1296/1296 (100.00%)
auto-selected 3-fold oversampling
[HKL stats] h=[-1,-1] k=[2,2] l=[0,0] hit_rate=1296/1296 (100.00%)
auto-selected 3-fold oversampling
[HKL stats] h=[-12,-12] k=[-3,-3] l=[7,7] hit_rate=1296/1296 (100.00%)
auto-selected 3-fold oversampling
[HKL stats] h=[-15,-15] k=[-6,-6] l=[11,11] hit_rate=1296/1296 (100.00%)
auto-selected 3-fold oversampling
[HKL stats] h=[-12,-12] k=[-9,-9] l=[7,7] hit_rate=1296/1296 (100.00%)
auto-selected 3-fold oversampling
[HKL stats] h=[4,5] k=[-16,-16] l=[11,11] hit_rate=1296/1296 (100.00%)
auto-selected 3-fold oversampling
[HKL stats] h=[6,6] k=[-18,-17] l=[15,15] hit_rate=1296/1296 (100.00%)
auto-selected 3-fold oversampling
[HKL stats] h=[1,1] k=[19,19] l=[14,14] hit_rate=1296/1296 (100.00%)
auto-selected 3-fold oversampling
[HKL stats] h=[-0,-0] k=[18,18] l=[14,15] hit_rate=1296/1296 (100.00%)
auto-selected 3-fold oversampling
[HKL stats] h=[8,8] k=[19,19] l=[11,11] hit_rate=1296/1296 (100.00%)
auto-selected 3-fold oversampling
[HKL stats] h=[9,10] k=[19,19] l=[11,11] hit_rate=1296/1296 (100.00%)
auto-selected 3-fold oversampling
[HKL stats] h=[-6,-5] k=[14,14] l=[14,15] hit_rate=969/1296 (74.77%)
auto-selected 3-fold oversampling
[HKL stats] h=[-1,-1] k=[14,15] l=[9,9] hit_rate=1296/1296 (100.00%)
auto-selected 3-fold oversampling
[HKL stats] h=[15,15] k=[14,14] l=[9,9] hit_rate=1296/1296 (100.00%)
auto-selected 3-fold oversampling
[HKL stats] h=[-3,-3] k=[14,14] l=[10,10] hit_rate=1296/1296 (100.00%)
auto-selected 3-fold oversampling
[HKL stats] h=[5,5] k=[15,15] l=[6,6] hit_rate=1296/1296 (100.00%)
auto-selected 3-fold oversampling
[HKL stats] h=[7,7] k=[14,15] l=[6,6] hit_rate=1296/1296 (100.00%)
auto-selected 3-fold oversampling
[HKL stats] h=[4,4] k=[14,14] l=[6,6] hit_rate=1296/1296 (100.00%)
auto-selected 3-fold oversampling
[HKL stats] h=[9,9] k=[13,14] l=[5,6] hit_rate=1296/1296 (100.00%)
auto-selected 3-fold oversampling
[HKL stats] h=[0,1] k=[13,13] l=[6,6] hit_rate=1296/1296 (100.00%)
auto-selected 3-fold oversampling
[HKL stats] h=[3,3] k=[13,13] l=[5,5] hit_rate=1296/1296 (100.00%)
auto-selected 3-fold oversampling
[HKL stats] h=[13,14] k=[12,12] l=[7,7] hit_rate=1296/1296 (100.00%)
auto-selected 3-fold oversampling
[HKL stats] h=[5,6] k=[12,12] l=[4,4] hit_rate=1296/1296 (100.00%)
auto-selected 3-fold oversampling
[HKL stats] h=[14,14] k=[10,10] l=[6,7] hit_rate=1296/1296 (100.00%)
auto-selected 3-fold oversampling
[HKL stats] h=[2,3] k=[11,11] l=[4,4] hit_rate=1296/1296 (100.00%)
auto-selected 3-fold oversampling
[HKL stats] h=[10,11] k=[10,11] l=[4,5] hit_rate=1296/1296 (100.00%)
auto-selected 3-fold oversampling
[HKL stats] h=[9,9] k=[11,11] l=[4,4] hit_rate=1296/1296 (100.00%)
auto-selected 3-fold oversampling
[HKL stats] h=[-9,-9] k=[9,9] l=[12,12] hit_rate=1296/1296 (100.00%)
auto-selected 3-fold oversampling
[HKL stats] h=[11,11] k=[10,10] l=[4,4] hit_rate=1296/1296 (100.00%)
auto-selected 3-fold oversampling
[HKL stats] h=[6,7] k=[10,10] l=[3,3] hit_rate=1296/1296 (100.00%)
auto-selected 3-fold oversampling
[HKL stats] h=[-0,-0] k=[10,10] l=[3,3] hit_rate=1296/1296 (100.00%)
auto-selected 3-fold oversampling
[HKL stats] h=[-4,-4] k=[9,10] l=[5,6] hit_rate=1296/1296 (100.00%)
auto-selected 3-fold oversampling
[HKL stats] h=[-7,-6] k=[9,9] l=[7,7] hit_rate=1296/1296 (100.00%)
auto-selected 3-fold oversampling
[HKL stats] h=[11,11] k=[9,9] l=[4,4] hit_rate=1296/1296 (100.00%)
auto-selected 3-fold oversampling
[HKL stats] h=[1,1] k=[9,9] l=[2,2] hit_rate=1296/1296 (100.00%)
auto-selected 3-fold oversampling
[HKL stats] h=[5,5] k=[7,8] l=[2,2] hit_rate=1296/1296 (100.00%)
auto-selected 3-fold oversampling
[HKL stats] h=[-7,-7] k=[7,7] l=[6,6] hit_rate=1296/1296 (100.00%)
auto-selected 3-fold oversampling
[HKL stats] h=[11,11] k=[6,6] l=[3,4] hit_rate=1296/1296 (100.00%)
auto-selected 3-fold oversampling
[HKL stats] h=[4,4] k=[6,6] l=[1,1] hit_rate=1296/1296 (100.00%)
auto-selected 3-fold oversampling
[HKL stats] h=[-1,-1] k=[5,6] l=[1,1] hit_rate=1296/1296 (100.00%)
auto-selected 3-fold oversampling
[HKL stats] h=[1,1] k=[5,5] l=[1,1] hit_rate=1296/1296 (100.00%)
auto-selected 3-fold oversampling
[HKL stats] h=[4,5] k=[5,5] l=[1,1] hit_rate=1296/1296 (100.00%)
auto-selected 3-fold oversampling
[HKL stats] h=[-5,-4] k=[5,5] l=[2,3] hit_rate=1296/1296 (100.00%)
auto-selected 3-fold oversampling
[HKL stats] h=[-12,-12] k=[4,5] l=[12,12] hit_rate=1296/1296 (100.00%)
auto-selected 3-fold oversampling
[HKL stats] h=[-2,-2] k=[5,5] l=[1,1] hit_rate=1296/1296 (100.00%)
auto-selected 3-fold oversampling
[HKL stats] h=[-4,-4] k=[4,4] l=[1,2] hit_rate=1296/1296 (100.00%)
auto-selected 3-fold oversampling
[HKL stats] h=[-8,-7] k=[3,3] l=[4,4] hit_rate=1296/1296 (100.00%)
auto-selected 3-fold oversampling
[HKL stats] h=[-12,-12] k=[2,3] l=[9,9] hit_rate=1296/1296 (100.00%)
auto-selected 3-fold oversampling
[HKL stats] h=[-11,-11] k=[2,2] l=[8,8] hit_rate=1296/1296 (100.00%)
auto-selected 3-fold oversampling
[HKL stats] h=[-11,-11] k=[2,2] l=[7,7] hit_rate=1296/1296 (100.00%)
auto-selected 3-fold oversampling
[HKL stats] h=[14,14] k=[1,2] l=[6,6] hit_rate=1296/1296 (100.00%)
auto-selected 3-fold oversampling
[HKL stats] h=[-1,-1] k=[2,2] l=[0,0] hit_rate=1296/1296 (100.00%)
auto-selected 3-fold oversampling
[HKL stats] h=[7,8] k=[-2,-1] l=[2,2] hit_rate=1296/1296 (100.00%)
auto-selected 3-fold oversampling
[HKL stats] h=[-1,-1] k=[-2,-1] l=[0,0] hit_rate=1296/1296 (100.00%)
auto-selected 3-fold oversampling
[HKL stats] h=[12,12] k=[-2,-2] l=[6,6] hit_rate=1296/1296 (100.00%)
auto-selected 3-fold oversampling
[HKL stats] h=[3,4] k=[-2,-2] l=[1,1] hit_rate=1296/1296 (100.00%)
auto-selected 3-fold oversampling
[HKL stats] h=[-7,-7] k=[-2,-2] l=[2,2] hit_rate=1296/1296 (100.00%)
auto-selected 3-fold oversampling
[HKL stats] h=[-3,-3] k=[-2,-2] l=[0,0] hit_rate=1296/1296 (100.00%)
auto-selected 3-fold oversampling
[HKL stats] h=[11,11] k=[-3,-3] l=[5,5] hit_rate=1296/1296 (100.00%)
auto-selected 3-fold oversampling
[HKL stats] h=[2,2] k=[-4,-4] l=[1,1] hit_rate=1296/1296 (100.00%)
auto-selected 3-fold oversampling
[HKL stats] h=[4,4] k=[-4,-4] l=[1,1] hit_rate=1296/1296 (100.00%)
auto-selected 3-fold oversampling
[HKL stats] h=[-8,-8] k=[-4,-3] l=[3,3] hit_rate=1296/1296 (100.00%)
auto-selected 3-fold oversampling
[HKL stats] h=[-12,-12] k=[-3,-3] l=[7,7] hit_rate=1296/1296 (100.00%)
auto-selected 3-fold oversampling
[HKL stats] h=[-14,-14] k=[-3,-2] l=[11,11] hit_rate=1296/1296 (100.00%)
auto-selected 3-fold oversampling
[HKL stats] h=[-10,-10] k=[-5,-5] l=[4,5] hit_rate=1296/1296 (100.00%)
auto-selected 3-fold oversampling
[HKL stats] h=[-4,-3] k=[-6,-6] l=[1,1] hit_rate=1296/1296 (100.00%)
auto-selected 3-fold oversampling
[HKL stats] h=[-0,-0] k=[-6,-6] l=[1,1] hit_rate=1296/1296 (100.00%)
auto-selected 3-fold oversampling
[HKL stats] h=[-7,-7] k=[-6,-6] l=[2,3] hit_rate=1296/1296 (100.00%)
auto-selected 3-fold oversampling
[HKL stats] h=[11,11] k=[-6,-6] l=[7,7] hit_rate=1296/1296 (100.00%)
auto-selected 3-fold oversampling
[HKL stats] h=[-2,-2] k=[-7,-7] l=[1,1] hit_rate=1296/1296 (100.00%)
auto-selected 3-fold oversampling
[HKL stats] h=[-5,-5] k=[-7,-7] l=[2,2] hit_rate=1296/1296 (100.00%)
auto-selected 3-fold oversampling
[HKL stats] h=[-14,-14] k=[-6,-6] l=[9,9] hit_rate=1296/1296 (100.00%)
auto-selected 3-fold oversampling
[HKL stats] h=[-14,-14] k=[-6,-6] l=[9,9] hit_rate=1296/1296 (100.00%)
auto-selected 3-fold oversampling
[HKL stats] h=[-15,-14] k=[-6,-6] l=[10,10] hit_rate=1296/1296 (100.00%)
auto-selected 3-fold oversampling
[HKL stats] h=[-15,-15] k=[-6,-6] l=[11,11] hit_rate=1296/1296 (100.00%)
auto-selected 3-fold oversampling
[HKL stats] h=[10,10] k=[-8,-8] l=[7,7] hit_rate=1296/1296 (100.00%)
auto-selected 3-fold oversampling
[HKL stats] h=[-0,-0] k=[-9,-9] l=[2,3] hit_rate=1296/1296 (100.00%)
auto-selected 3-fold oversampling
[HKL stats] h=[-12,-12] k=[-8,-8] l=[7,7] hit_rate=1296/1296 (100.00%)
auto-selected 3-fold oversampling
[HKL stats] h=[6,7] k=[-9,-9] l=[5,6] hit_rate=1296/1296 (100.00%)
auto-selected 3-fold oversampling
[HKL stats] h=[-12,-12] k=[-9,-9] l=[7,7] hit_rate=1296/1296 (100.00%)
auto-selected 3-fold oversampling
[HKL stats] h=[-3,-3] k=[-11,-11] l=[4,4] hit_rate=1296/1296 (100.00%)
auto-selected 3-fold oversampling
[HKL stats] h=[4,4] k=[-11,-11] l=[5,5] hit_rate=1296/1296 (100.00%)
auto-selected 3-fold oversampling
[HKL stats] h=[4,4] k=[-12,-11] l=[6,6] hit_rate=1296/1296 (100.00%)
auto-selected 3-fold oversampling
[HKL stats] h=[4,4] k=[-12,-12] l=[7,7] hit_rate=1296/1296 (100.00%)
auto-selected 3-fold oversampling
[HKL stats] h=[4,4] k=[-13,-13] l=[7,7] hit_rate=1296/1296 (100.00%)
auto-selected 3-fold oversampling
[HKL stats] h=[-4,-4] k=[-15,-15] l=[7,7] hit_rate=1296/1296 (100.00%)
auto-selected 3-fold oversampling
[HKL stats] h=[-9,-9] k=[-15,-15] l=[9,9] hit_rate=1296/1296 (100.00%)
auto-selected 3-fold oversampling
[HKL stats] h=[-2,-2] k=[-16,-16] l=[8,8] hit_rate=1296/1296 (100.00%)
auto-selected 3-fold oversampling
[HKL stats] h=[11,11] k=[-14,-14] l=[15,15] hit_rate=1296/1296 (100.00%)
auto-selected 3-fold oversampling
[HKL stats] h=[-1,-1] k=[-16,-16] l=[9,9] hit_rate=1296/1296 (100.00%)
auto-selected 3-fold oversampling
[HKL stats] h=[4,5] k=[-16,-16] l=[11,11] hit_rate=1296/1296 (100.00%)
auto-selected 3-fold oversampling
[HKL stats] h=[-6,-6] k=[-17,-16] l=[9,9] hit_rate=1296/1296 (100.00%)
auto-selected 3-fold oversampling
[HKL stats] h=[-10,-10] k=[-17,-17] l=[11,11] hit_rate=1296/1296 (100.00%)
auto-selected 3-fold oversampling
[HKL stats] h=[5,5] k=[-17,-17] l=[12,13] hit_rate=1296/1296 (100.00%)
auto-selected 3-fold oversampling
[HKL stats] h=[9,9] k=[-16,-16] l=[15,15] hit_rate=1296/1296 (100.00%)
auto-selected 3-fold oversampling
[HKL stats] h=[-13,-12] k=[-17,-16] l=[13,13] hit_rate=1296/1296 (100.00%)
auto-selected 3-fold oversampling
[HKL stats] h=[6,6] k=[-18,-17] l=[15,15] hit_rate=1296/1296 (100.00%)
auto-selected 3-fold oversampling
[HKL stats] h=[-13,-13] k=[-17,-17] l=[15,15] hit_rate=0/1296 (0.00%)
auto-selected 3-fold oversampling
[HKL stats] h=[2,2] k=[-19,-19] l=[14,14] hit_rate=1296/1296 (100.00%)
auto-selected 3-fold oversampling
[HKL stats] h=[1,1] k=[21,21] l=[11,12] hit_rate=1296/1296 (100.00%)
auto-selected 3-fold oversampling
[HKL stats] h=[4,4] k=[16,16] l=[5,5] hit_rate=1296/1296 (100.00%)
auto-selected 3-fold oversampling
[HKL stats] h=[7,7] k=[11,11] l=[2,3] hit_rate=1296/1296 (100.00%)
auto-selected 3-fold oversampling
[HKL stats] h=[11,11] k=[10,10] l=[3,4] hit_rate=1296/1296 (100.00%)
auto-selected 3-fold oversampling
[HKL stats] h=[-5,-4] k=[5,6] l=[2,2] hit_rate=1296/1296 (100.00%)
auto-selected 3-fold oversampling
[HKL stats] h=[-8,-8] k=[3,3] l=[3,3] hit_rate=1296/1296 (100.00%)
auto-selected 3-fold oversampling
[HKL stats] h=[-12,-12] k=[3,3] l=[7,7] hit_rate=1296/1296 (100.00%)
auto-selected 3-fold oversampling
[HKL stats] h=[-1,-1] k=[2,2] l=[0,0] hit_rate=1296/1296 (100.00%)
auto-selected 3-fold oversampling
[HKL stats] h=[-13,-12] k=[-3,-3] l=[5,6] hit_rate=1296/1296 (100.00%)
auto-selected 3-fold oversampling
[HKL stats] h=[-15,-15] k=[-7,-7] l=[9,9] hit_rate=1296/1296 (100.00%)
auto-selected 3-fold oversampling
[HKL stats] h=[-12,-12] k=[-10,-10] l=[5,5] hit_rate=1296/1296 (100.00%)
auto-selected 3-fold oversampling
[HKL stats] h=[4,5] k=[-18,-18] l=[8,9] hit_rate=1296/1296 (100.00%)
auto-selected 3-fold oversampling
[HKL stats] h=[6,6] k=[-20,-20] l=[12,12] hit_rate=1296/1296 (100.00%)
auto-selected 3-fold oversampling
[HKL stats] h=[1,1] k=[21,22] l=[11,11] hit_rate=1296/1296 (100.00%)
auto-selected 3-fold oversampling
[HKL stats] h=[4,4] k=[16,16] l=[4,5] hit_rate=1296/1296 (100.00%)
auto-selected 3-fold oversampling
[HKL stats] h=[7,7] k=[11,12] l=[2,2] hit_rate=1296/1296 (100.00%)
auto-selected 3-fold oversampling
[HKL stats] h=[11,11] k=[10,10] l=[3,3] hit_rate=1296/1296 (100.00%)
auto-selected 3-fold oversampling
[HKL stats] h=[-5,-4] k=[6,6] l=[2,2] hit_rate=1296/1296 (100.00%)
auto-selected 3-fold oversampling
[HKL stats] h=[-8,-8] k=[3,3] l=[3,3] hit_rate=1296/1296 (100.00%)
auto-selected 3-fold oversampling
[HKL stats] h=[-12,-12] k=[3,3] l=[7,7] hit_rate=1296/1296 (100.00%)
auto-selected 3-fold oversampling
[HKL stats] h=[-1,-1] k=[2,2] l=[0,0] hit_rate=1296/1296 (100.00%)
auto-selected 3-fold oversampling
[HKL stats] h=[-13,-12] k=[-3,-3] l=[5,5] hit_rate=1296/1296 (100.00%)
auto-selected 3-fold oversampling
[HKL stats] h=[-15,-15] k=[-7,-7] l=[8,8] hit_rate=1296/1296 (100.00%)
auto-selected 3-fold oversampling
[HKL stats] h=[-12,-12] k=[-11,-10] l=[5,5] hit_rate=1296/1296 (100.00%)
auto-selected 3-fold oversampling
[HKL stats] h=[4,5] k=[-18,-18] l=[8,8] hit_rate=1296/1296 (100.00%)
auto-selected 3-fold oversampling
[HKL stats] h=[6,6] k=[-20,-20] l=[11,11] hit_rate=1296/1296 (100.00%)
auto-selected 3-fold oversampling
[HKL stats] h=[1,1] k=[21,22] l=[11,11] hit_rate=1296/1296 (100.00%)
auto-selected 3-fold oversampling
[HKL stats] h=[4,4] k=[16,16] l=[4,5] hit_rate=1296/1296 (100.00%)
auto-selected 3-fold oversampling
[HKL stats] h=[7,7] k=[11,12] l=[2,2] hit_rate=1296/1296 (100.00%)
auto-selected 3-fold oversampling
[HKL stats] h=[11,11] k=[10,10] l=[3,3] hit_rate=1296/1296 (100.00%)
auto-selected 3-fold oversampling
[HKL stats] h=[-5,-4] k=[5,6] l=[2,2] hit_rate=1296/1296 (100.00%)
auto-selected 3-fold oversampling
[HKL stats] h=[-8,-8] k=[3,3] l=[3,3] hit_rate=1296/1296 (100.00%)
auto-selected 3-fold oversampling
[HKL stats] h=[-12,-12] k=[3,3] l=[7,7] hit_rate=1296/1296 (100.00%)
auto-selected 3-fold oversampling
[HKL stats] h=[-1,-1] k=[2,2] l=[0,0] hit_rate=1296/1296 (100.00%)
auto-selected 3-fold oversampling
[HKL stats] h=[-13,-12] k=[-3,-3] l=[5,5] hit_rate=1296/1296 (100.00%)
auto-selected 3-fold oversampling
[HKL stats] h=[-15,-15] k=[-7,-7] l=[8,8] hit_rate=1296/1296 (100.00%)
auto-selected 3-fold oversampling
[HKL stats] h=[-12,-12] k=[-10,-10] l=[5,5] hit_rate=1296/1296 (100.00%)
auto-selected 3-fold oversampling
[HKL stats] h=[4,5] k=[-18,-18] l=[8,8] hit_rate=1296/1296 (100.00%)
auto-selected 3-fold oversampling
[HKL stats] h=[6,6] k=[-20,-20] l=[11,11] hit_rate=1296/1296 (100.00%)
auto-selected 3-fold oversampling
[HKL stats] h=[1,1] k=[21,22] l=[11,11] hit_rate=1296/1296 (100.00%)
auto-selected 3-fold oversampling
[HKL stats] h=[-0,-0] k=[21,21] l=[11,11] hit_rate=1296/1296 (100.00%)
auto-selected 3-fold oversampling
[HKL stats] h=[8,8] k=[22,22] l=[9,9] hit_rate=1296/1296 (100.00%)
auto-selected 3-fold oversampling
[HKL stats] h=[9,10] k=[21,22] l=[8,9] hit_rate=1296/1296 (100.00%)
auto-selected 3-fold oversampling
[HKL stats] h=[-6,-6] k=[16,16] l=[11,11] hit_rate=1296/1296 (100.00%)
auto-selected 3-fold oversampling
[HKL stats] h=[-1,-1] k=[16,17] l=[7,7] hit_rate=1296/1296 (100.00%)
auto-selected 3-fold oversampling
[HKL stats] h=[15,16] k=[16,16] l=[7,7] hit_rate=1296/1296 (100.00%)
auto-selected 3-fold oversampling
[HKL stats] h=[-3,-3] k=[16,16] l=[8,8] hit_rate=1296/1296 (100.00%)
auto-selected 3-fold oversampling
[HKL stats] h=[5,5] k=[17,17] l=[5,5] hit_rate=1296/1296 (100.00%)
auto-selected 3-fold oversampling
[HKL stats] h=[7,7] k=[16,17] l=[5,5] hit_rate=1296/1296 (100.00%)
auto-selected 3-fold oversampling
[HKL stats] h=[4,4] k=[16,16] l=[4,5] hit_rate=1296/1296 (100.00%)
auto-selected 3-fold oversampling
[HKL stats] h=[9,9] k=[15,16] l=[4,5] hit_rate=1296/1296 (100.00%)
auto-selected 3-fold oversampling
[HKL stats] h=[0,1] k=[15,15] l=[5,5] hit_rate=1296/1296 (100.00%)
auto-selected 3-fold oversampling
[HKL stats] h=[3,3] k=[15,15] l=[4,4] hit_rate=1296/1296 (100.00%)
auto-selected 3-fold oversampling
[HKL stats] h=[14,14] k=[14,14] l=[5,6] hit_rate=1296/1296 (100.00%)
auto-selected 3-fold oversampling
[HKL stats] h=[5,6] k=[13,14] l=[3,3] hit_rate=1296/1296 (100.00%)
auto-selected 3-fold oversampling
[HKL stats] h=[14,15] k=[12,12] l=[5,5] hit_rate=1296/1296 (100.00%)
auto-selected 3-fold oversampling
[HKL stats] h=[2,3] k=[13,13] l=[3,3] hit_rate=1296/1296 (100.00%)
auto-selected 3-fold oversampling
[HKL stats] h=[11,11] k=[12,12] l=[4,4] hit_rate=1296/1296 (100.00%)
auto-selected 3-fold oversampling
[HKL stats] h=[9,9] k=[12,12] l=[3,3] hit_rate=1296/1296 (100.00%)
auto-selected 3-fold oversampling
[HKL stats] h=[-9,-9] k=[10,11] l=[9,9] hit_rate=1296/1296 (100.00%)
auto-selected 3-fold oversampling
[HKL stats] h=[11,11] k=[11,11] l=[3,4] hit_rate=1296/1296 (100.00%)
auto-selected 3-fold oversampling
[HKL stats] h=[7,7] k=[11,12] l=[2,2] hit_rate=1296/1296 (100.00%)
auto-selected 3-fold oversampling
[HKL stats] h=[-0,-0] k=[11,11] l=[3,3] hit_rate=1296/1296 (100.00%)
auto-selected 3-fold oversampling
[HKL stats] h=[-4,-4] k=[11,11] l=[4,4] hit_rate=1296/1296 (100.00%)
auto-selected 3-fold oversampling
[HKL stats] h=[-7,-7] k=[10,10] l=[6,6] hit_rate=1296/1296 (100.00%)
auto-selected 3-fold oversampling
[HKL stats] h=[11,11] k=[10,10] l=[3,3] hit_rate=1296/1296 (100.00%)
auto-selected 3-fold oversampling
[HKL stats] h=[1,1] k=[10,10] l=[2,2] hit_rate=1296/1296 (100.00%)
auto-selected 3-fold oversampling
[HKL stats] h=[5,5] k=[8,9] l=[1,1] hit_rate=1296/1296 (100.00%)
auto-selected 3-fold oversampling
[HKL stats] h=[-7,-7] k=[8,8] l=[4,5] hit_rate=1296/1296 (100.00%)
auto-selected 3-fold oversampling
[HKL stats] h=[11,11] k=[7,7] l=[3,3] hit_rate=1296/1296 (100.00%)
auto-selected 3-fold oversampling
[HKL stats] h=[4,4] k=[6,7] l=[1,1] hit_rate=1296/1296 (100.00%)
auto-selected 3-fold oversampling
[HKL stats] h=[-1,-1] k=[6,6] l=[1,1] hit_rate=1296/1296 (100.00%)
auto-selected 3-fold oversampling
[HKL stats] h=[1,1] k=[6,6] l=[1,1] hit_rate=1296/1296 (100.00%)
auto-selected 3-fold oversampling
[HKL stats] h=[4,5] k=[5,6] l=[1,1] hit_rate=1296/1296 (100.00%)
auto-selected 3-fold oversampling
[HKL stats] h=[-5,-4] k=[5,6] l=[2,2] hit_rate=1296/1296 (100.00%)
auto-selected 3-fold oversampling
[HKL stats] h=[-12,-12] k=[5,5] l=[9,9] hit_rate=1296/1296 (100.00%)
auto-selected 3-fold oversampling
[HKL stats] h=[-2,-2] k=[5,5] l=[1,1] hit_rate=1296/1296 (100.00%)
auto-selected 3-fold oversampling
[HKL stats] h=[-4,-4] k=[4,5] l=[1,1] hit_rate=1296/1296 (100.00%)
auto-selected 3-fold oversampling
[HKL stats] h=[-8,-8] k=[3,3] l=[3,3] hit_rate=1296/1296 (100.00%)
auto-selected 3-fold oversampling
[HKL stats] h=[-12,-12] k=[3,3] l=[7,7] hit_rate=1296/1296 (100.00%)
auto-selected 3-fold oversampling
[HKL stats] h=[-11,-11] k=[3,3] l=[6,6] hit_rate=1296/1296 (100.00%)
auto-selected 3-fold oversampling
[HKL stats] h=[-11,-11] k=[2,3] l=[5,5] hit_rate=1296/1296 (100.00%)
auto-selected 3-fold oversampling
[HKL stats] h=[14,14] k=[2,2] l=[5,5] hit_rate=1296/1296 (100.00%)
auto-selected 3-fold oversampling
[HKL stats] h=[-1,-1] k=[2,2] l=[0,0] hit_rate=1296/1296 (100.00%)
auto-selected 3-fold oversampling
[HKL stats] h=[7,8] k=[-2,-2] l=[2,2] hit_rate=1296/1296 (100.00%)
auto-selected 3-fold oversampling
[HKL stats] h=[-1,-1] k=[-2,-2] l=[0,0] hit_rate=1296/1296 (100.00%)
auto-selected 3-fold oversampling
[HKL stats] h=[12,12] k=[-2,-2] l=[4,5] hit_rate=1296/1296 (100.00%)
auto-selected 3-fold oversampling
[HKL stats] h=[3,4] k=[-2,-2] l=[1,1] hit_rate=1296/1296 (100.00%)
auto-selected 3-fold oversampling
[HKL stats] h=[-7,-7] k=[-2,-2] l=[1,1] hit_rate=1296/1296 (100.00%)
auto-selected 3-fold oversampling
[HKL stats] h=[-3,-3] k=[-3,-3] l=[0,0] hit_rate=1296/1296 (100.00%)
auto-selected 3-fold oversampling
[HKL stats] h=[11,11] k=[-3,-3] l=[4,4] hit_rate=1296/1296 (100.00%)
auto-selected 3-fold oversampling
[HKL stats] h=[2,3] k=[-4,-4] l=[1,1] hit_rate=1296/1296 (100.00%)
auto-selected 3-fold oversampling
[HKL stats] h=[4,4] k=[-4,-4] l=[1,1] hit_rate=1296/1296 (100.00%)
auto-selected 3-fold oversampling
[HKL stats] h=[-9,-8] k=[-4,-4] l=[2,2] hit_rate=1296/1296 (100.00%)
auto-selected 3-fold oversampling
[HKL stats] h=[-13,-12] k=[-3,-3] l=[5,5] hit_rate=1296/1296 (100.00%)
auto-selected 3-fold oversampling
[HKL stats] h=[-15,-15] k=[-3,-3] l=[8,8] hit_rate=1296/1296 (100.00%)
auto-selected 3-fold oversampling
[HKL stats] h=[-11,-10] k=[-6,-5] l=[3,3] hit_rate=1296/1296 (100.00%)
auto-selected 3-fold oversampling
[HKL stats] h=[-4,-3] k=[-7,-6] l=[1,1] hit_rate=1296/1296 (100.00%)
auto-selected 3-fold oversampling
[HKL stats] h=[-0,-0] k=[-7,-7] l=[1,1] hit_rate=1296/1296 (100.00%)
auto-selected 3-fold oversampling
[HKL stats] h=[-8,-7] k=[-7,-7] l=[2,2] hit_rate=1296/1296 (100.00%)
auto-selected 3-fold oversampling
[HKL stats] h=[11,11] k=[-7,-7] l=[6,6] hit_rate=1296/1296 (100.00%)
auto-selected 3-fold oversampling
[HKL stats] h=[-2,-2] k=[-8,-8] l=[1,1] hit_rate=1296/1296 (100.00%)
auto-selected 3-fold oversampling
[HKL stats] h=[-5,-5] k=[-8,-8] l=[1,1] hit_rate=1296/1296 (100.00%)
auto-selected 3-fold oversampling
[HKL stats] h=[-14,-14] k=[-7,-7] l=[6,7] hit_rate=1296/1296 (100.00%)
auto-selected 3-fold oversampling
[HKL stats] h=[-14,-14] k=[-7,-7] l=[7,7] hit_rate=1296/1296 (100.00%)
auto-selected 3-fold oversampling
[HKL stats] h=[-15,-15] k=[-7,-7] l=[8,8] hit_rate=1296/1296 (100.00%)
auto-selected 3-fold oversampling
[HKL stats] h=[-15,-15] k=[-7,-7] l=[8,8] hit_rate=1296/1296 (100.00%)
auto-selected 3-fold oversampling
[HKL stats] h=[10,10] k=[-9,-9] l=[6,6] hit_rate=1296/1296 (100.00%)
auto-selected 3-fold oversampling
[HKL stats] h=[-0,-0] k=[-10,-10] l=[2,2] hit_rate=1296/1296 (100.00%)
auto-selected 3-fold oversampling
[HKL stats] h=[-12,-12] k=[-9,-9] l=[5,5] hit_rate=1296/1296 (100.00%)
auto-selected 3-fold oversampling
[HKL stats] h=[6,7] k=[-11,-10] l=[4,4] hit_rate=1296/1296 (100.00%)
auto-selected 3-fold oversampling
[HKL stats] h=[-12,-12] k=[-10,-10] l=[5,5] hit_rate=1296/1296 (100.00%)
auto-selected 3-fold oversampling
[HKL stats] h=[-3,-3] k=[-13,-12] l=[3,3] hit_rate=1296/1296 (100.00%)
auto-selected 3-fold oversampling
[HKL stats] h=[4,4] k=[-12,-12] l=[4,4] hit_rate=1296/1296 (100.00%)
auto-selected 3-fold oversampling
[HKL stats] h=[4,4] k=[-13,-13] l=[5,5] hit_rate=1296/1296 (100.00%)
auto-selected 3-fold oversampling
[HKL stats] h=[4,4] k=[-14,-14] l=[5,5] hit_rate=1296/1296 (100.00%)
auto-selected 3-fold oversampling
[HKL stats] h=[4,4] k=[-15,-15] l=[6,6] hit_rate=1296/1296 (100.00%)
auto-selected 3-fold oversampling
[HKL stats] h=[-4,-4] k=[-17,-17] l=[5,5] hit_rate=1296/1296 (100.00%)
auto-selected 3-fold oversampling
[HKL stats] h=[-10,-9] k=[-18,-17] l=[7,7] hit_rate=1296/1296 (100.00%)
auto-selected 3-fold oversampling
[HKL stats] h=[-3,-2] k=[-18,-18] l=[6,6] hit_rate=1296/1296 (100.00%)
auto-selected 3-fold oversampling
[HKL stats] h=[11,12] k=[-16,-16] l=[11,11] hit_rate=497/1296 (38.35%)
auto-selected 3-fold oversampling
[HKL stats] h=[-1,-1] k=[-19,-18] l=[7,7] hit_rate=1296/1296 (100.00%)
auto-selected 3-fold oversampling
[HKL stats] h=[4,5] k=[-18,-18] l=[8,8] hit_rate=1296/1296 (100.00%)
auto-selected 3-fold oversampling
[HKL stats] h=[-6,-6] k=[-19,-19] l=[7,7] hit_rate=1296/1296 (100.00%)
auto-selected 3-fold oversampling
[HKL stats] h=[-10,-10] k=[-19,-19] l=[8,8] hit_rate=1296/1296 (100.00%)
auto-selected 3-fold oversampling
[HKL stats] h=[5,5] k=[-19,-19] l=[10,10] hit_rate=1296/1296 (100.00%)
auto-selected 3-fold oversampling
[HKL stats] h=[9,9] k=[-18,-18] l=[12,12] hit_rate=1296/1296 (100.00%)
auto-selected 3-fold oversampling
[HKL stats] h=[-13,-13] k=[-19,-19] l=[10,10] hit_rate=1296/1296 (100.00%)
auto-selected 3-fold oversampling
[HKL stats] h=[6,6] k=[-20,-20] l=[11,11] hit_rate=1296/1296 (100.00%)
auto-selected 3-fold oversampling
[HKL stats] h=[-14,-14] k=[-20,-20] l=[11,12] hit_rate=1296/1296 (100.00%)
auto-selected 3-fold oversampling
[HKL stats] h=[2,2] k=[-22,-22] l=[11,11] hit_rate=1296/1296 (100.00%)
auto-selected 3-fold oversampling
[HKL stats] h=[-17,23] k=[-23,23] l=[0,14] hit_rate=54156177/56016009 (96.68%)
Reconstructing bragg_before/after from Stage A telemetry...
auto-selected 3-fold oversampling
[HKL stats] h=[-24,8] k=[-28,12] l=[-29,10] hit_rate=54926540/56016009 (98.06%)
auto-selected 3-fold oversampling
[HKL stats] h=[-17,23] k=[-23,23] l=[0,14] hit_rate=54156177/56016009 (96.68%)
Using mapping context bragg_zero_iter for parity comparison...
Mapping forward ROI CC median: -0.0399
Mapping forward scale ratio: 3.795e-03
Wrote: /home/ollie/Documents/diffbragg_example_2/diffbragg_example/plans/active/TOOLING-VIS-001/reports/2025-11-25T051235Z/parity_probe/parity_metrics.json

=== Stage A Parity Metrics ===
HKL source: scaled.mtz
log_scale_effective (init): 20.151154
log_scale_effective (final): 20.151163
chi²/pixel (init): 1.084e+05
chi²/pixel (final): 1.090e+05
ROI CC median (before): -0.0499
ROI CC median (after): -0.0507
Scale ratio (before): 4.102e-03
Scale ratio (after): 4.412e-03

=== Mapping Forward Parity ===
ROI CC median (mapping): -0.0399
Scale ratio (mapping): 3.795e-03

