/home/ollie/miniconda3/envs/simtbx/lib/python3.9/site-packages/dials/extensions/__init__.py:3: UserWarning: pkg_resources is deprecated as an API. See https://setuptools.pypa.io/en/latest/pkg_resources.html. The pkg_resources package is slated for removal as early as 2025-11-30. Refrain from using this package or pin to Setuptools<81.
  import pkg_resources
<frozen importlib._bootstrap>:228: RuntimeWarning: to-Python converter for scitbx::af::shared<scitbx::af::shared<scitbx::vec3<double> > > already registered; second conversion method ignored.
COMMANDLINE: libtbx.python -
DataLoad initialized successfully
Attempting CPU DiffBragg forward with devId=-1...
Warning, crystal system not determined, assuming triclinic
DEBUG:diffBragg.main:Added 0 pixels from 0 shoeboxes to the untrusted list (8700 / 8700 trusted pixels remain)
DEBUG:diffBragg.main:Hop=0 |it=50 | t/it=0.0566sF=   4341616 sigZ=  30.87778 (Fracs of F: LogLike: 100.0%; ), |g|=   8195221
DEBUG:diffBragg.main:RotXYZ0_xtal0_deg=-0.0022, RotXYZ1_xtal0_deg=-0.0018, RotXYZ2_xtal0_deg=-0.0014, G_xtal0=106746176171986576.0000, Nabc0=17.0101, Ndef0=6.6741, Nabc1=11.6989, Ndef1=-5.8042, Nabc2=17.2921, Ndef2=-16.1452, ucell0=27.4629, ucell1=32.2470, ucell2=34.5315, ucell3=1.5476, ucell4=1.2471, ucell5=1.1992, 
DEBUG:diffBragg.main:Hop=0 |it=51 | t/it=0.0566sF=   4326379 sigZ=  30.75206 (Fracs of F: LogLike: 100.0%; ), |g|=1.476809e+07
DEBUG:diffBragg.main:RotXYZ0_xtal0_deg=-0.0023, RotXYZ1_xtal0_deg=-0.0020, RotXYZ2_xtal0_deg=-0.0015, G_xtal0=106861989645477856.0000, Nabc0=16.8896, Ndef0=6.4631, Nabc1=11.3922, Ndef1=-5.2640, Nabc2=17.1666, Ndef2=-16.0191, ucell0=27.4664, ucell1=32.2539, ucell2=34.5272, ucell3=1.5477, ucell4=1.2471, ucell5=1.1995, 
DEBUG:diffBragg.main:Hop=0 |it=52 | t/it=0.0566sF=   4310025 sigZ=  30.63645 (Fracs of F: LogLike: 100.0%; ), |g|=1.413031e+07
DEBUG:diffBragg.main:RotXYZ0_xtal0_deg=-0.0028, RotXYZ1_xtal0_deg=-0.0026, RotXYZ2_xtal0_deg=-0.0019, G_xtal0=106892541626453680.0000, Nabc0=16.5240, Ndef0=5.1766, Nabc1=10.4220, Ndef1=-2.8175, Nabc2=16.7826, Ndef2=-15.5442, ucell0=27.4806, ucell1=32.2910, ucell2=34.5030, ucell3=1.5480, ucell4=1.2471, ucell5=1.2004, 
DEBUG:diffBragg.main:Hop=0 |it=53 | t/it=0.0566sF=   4269188 sigZ=  30.28808 (Fracs of F: LogLike: 100.0%; ), |g|=2.59257e+07
DEBUG:diffBragg.main:RotXYZ0_xtal0_deg=-0.0028, RotXYZ1_xtal0_deg=-0.0027, RotXYZ2_xtal0_deg=-0.0020, G_xtal0=106480027502185408.0000, Nabc0=16.6872, Ndef0=5.6213, Nabc1=10.4974, Ndef1=-3.2363, Nabc2=16.9366, Ndef2=-15.4439, ucell0=27.4733, ucell1=32.3048, ucell2=34.5061, ucell3=1.5479, ucell4=1.2470, ucell5=1.2002, 
DEBUG:diffBragg.main:Hop=0 |it=54 | t/it=0.0566sF=   4226836 sigZ=  30.20709 (Fracs of F: LogLike: 100.0%; ), |g|=1.647487e+07
DEBUG:diffBragg.main:RotXYZ0_xtal0_deg=-0.0030, RotXYZ1_xtal0_deg=-0.0030, RotXYZ2_xtal0_deg=-0.0022, G_xtal0=106217888770788672.0000, Nabc0=16.6113, Ndef0=5.1044, Nabc1=10.1994, Ndef1=-2.3741, Nabc2=16.8767, Ndef2=-15.1036, ucell0=27.4800, ucell1=32.3247, ucell2=34.4953, ucell3=1.5481, ucell4=1.2471, ucell5=1.2004, 
DEBUG:diffBragg.main:Hop=0 |it=55 | t/it=0.0566sF=   4196845 sigZ=  30.07758 (Fracs of F: LogLike: 100.0%; ), |g|=   9747508
DEBUG:diffBragg.main:RotXYZ0_xtal0_deg=-0.0032, RotXYZ1_xtal0_deg=-0.0032, RotXYZ2_xtal0_deg=-0.0023, G_xtal0=105874091535174160.0000, Nabc0=16.5923, Ndef0=4.7128, Nabc1=10.0705, Ndef1=-1.8989, Nabc2=16.9070, Ndef2=-14.9036, ucell0=27.4874, ucell1=32.3364, ucell2=34.4866, ucell3=1.5484, ucell4=1.2472, ucell5=1.2006, 
DEBUG:diffBragg.main:Hop=0 |it=56 | t/it=0.0566sF=   4178771 sigZ=  30.02874 (Fracs of F: LogLike: 100.0%; ), |g|=1.141758e+07
DEBUG:diffBragg.main:RotXYZ0_xtal0_deg=-0.0033, RotXYZ1_xtal0_deg=-0.0034, RotXYZ2_xtal0_deg=-0.0024, G_xtal0=105519294512227872.0000, Nabc0=16.5320, Ndef0=4.2436, Nabc1=9.9092, Ndef1=-1.0025, Nabc2=16.9066, Ndef2=-14.9023, ucell0=27.4943, ucell1=32.3504, ucell2=34.4725, ucell3=1.5486, ucell4=1.2472, ucell5=1.2009, 
DEBUG:diffBragg.main:Hop=0 |it=57 | t/it=0.0566sF=   4174751 sigZ=   29.9462 (Fracs of F: LogLike: 100.0%; ), |g|=1.911777e+07
DEBUG:diffBragg.main:RotXYZ0_xtal0_deg=-0.0032, RotXYZ1_xtal0_deg=-0.0033, RotXYZ2_xtal0_deg=-0.0023, G_xtal0=105220836626025520.0000, Nabc0=16.6301, Ndef0=4.4159, Nabc1=10.1482, Ndef1=-1.2788, Nabc2=17.0688, Ndef2=-15.1539, ucell0=27.4945, ucell1=32.3440, ucell2=34.4712, ucell3=1.5487, ucell4=1.2473, ucell5=1.2007, 
DEBUG:diffBragg.main:Hop=0 |it=58 | t/it=0.0566sF=   4151371 sigZ=  29.90228 (Fracs of F: LogLike: 100.0%; ), |g|=1.275407e+07
DEBUG:diffBragg.main:RotXYZ0_xtal0_deg=-0.0033, RotXYZ1_xtal0_deg=-0.0033, RotXYZ2_xtal0_deg=-0.0023, G_xtal0=104686315627202240.0000, Nabc0=16.7002, Ndef0=4.0928, Nabc1=10.3201, Ndef1=-0.9281, Nabc2=17.2712, Ndef2=-15.2867, ucell0=27.4981, ucell1=32.3397, ucell2=34.4633, ucell3=1.5490, ucell4=1.2473, ucell5=1.2009, 
DEBUG:diffBragg.main:Hop=0 |it=59 | t/it=0.0566sF=   4117560 sigZ=  29.82005 (Fracs of F: LogLike: 100.0%; ), |g|=1.34511e+07
DEBUG:diffBragg.main:RotXYZ0_xtal0_deg=-0.0036, RotXYZ1_xtal0_deg=-0.0037, RotXYZ2_xtal0_deg=-0.0023, G_xtal0=102322163513853536.0000, Nabc0=16.8463, Ndef0=2.2414, Nabc1=10.7536, Ndef1=1.7459, Nabc2=18.0541, Ndef2=-15.7131, ucell0=27.5231, ucell1=32.3287, ucell2=34.4196, ucell3=1.5508, ucell4=1.2477, ucell5=1.2019, 
DEBUG:diffBragg.main:Hop=0 |it=60 | t/it=0.0566sF=   4001141 sigZ=  29.41842 (Fracs of F: LogLike: 100.0%; ), |g|=2.101884e+07
DEBUG:diffBragg.main:RotXYZ0_xtal0_deg=-0.0053, RotXYZ1_xtal0_deg=-0.0061, RotXYZ2_xtal0_deg=-0.0029, G_xtal0=93198679527825808.0000, Nabc0=17.0863, Ndef0=-7.2278, Nabc1=11.4460, Ndef1=14.0488, Nabc2=20.8667, Ndef2=-17.5260, ucell0=27.6124, ucell1=32.3649, ucell2=34.2508, ucell3=1.5577, ucell4=1.2488, ucell5=1.2069, 
DEBUG:diffBragg.main:Hop=0 |it=61 | t/it=0.0566sF=4.424194e+07 sigZ=  100.7663 (Fracs of F: LogLike: 100.0%; ), |g|=5.787894e+09
DEBUG:diffBragg.main:RotXYZ0_xtal0_deg=-0.0040, RotXYZ1_xtal0_deg=-0.0043, RotXYZ2_xtal0_deg=-0.0024, G_xtal0=100035603264004528.0000, Nabc0=16.9052, Ndef0=-0.0910, Nabc1=10.9214, Ndef1=4.7782, Nabc2=18.7257, Ndef2=-16.1597, ucell0=27.5451, ucell1=32.3376, ucell2=34.3780, ucell3=1.5525, ucell4=1.2480, ucell5=1.2032, 
DEBUG:diffBragg.main:Hop=0 |it=62 | t/it=0.0566sF=   3960753 sigZ=  29.11709 (Fracs of F: LogLike: 100.0%; ), |g|=5.07855e+07
DEBUG:diffBragg.main:RotXYZ0_xtal0_deg=-0.0040, RotXYZ1_xtal0_deg=-0.0044, RotXYZ2_xtal0_deg=-0.0025, G_xtal0=99398014165117248.0000, Nabc0=17.1050, Ndef0=-0.1421, Nabc1=11.1524, Ndef1=5.2014, Nabc2=18.9913, Ndef2=-16.3279, ucell0=27.5342, ucell1=32.3438, ucell2=34.3794, ucell3=1.5525, ucell4=1.2478, ucell5=1.2031, 
DEBUG:diffBragg.main:Hop=0 |it=63 | t/it=0.0566sF=   3823804 sigZ=  28.63018 (Fracs of F: LogLike: 100.0%; ), |g|=1.955154e+07
DEBUG:diffBragg.main:RotXYZ0_xtal0_deg=-0.0042, RotXYZ1_xtal0_deg=-0.0047, RotXYZ2_xtal0_deg=-0.0025, G_xtal0=97405313509250928.0000, Nabc0=17.4202, Ndef0=-1.4241, Nabc1=11.5636, Ndef1=7.3432, Nabc2=19.7331, Ndef2=-16.6501, ucell0=27.5301, ucell1=32.3508, ucell2=34.3661, ucell3=1.5533, ucell4=1.2478, ucell5=1.2038, 
DEBUG:diffBragg.main:Hop=0 |it=64 | t/it=0.0566sF=   3734174 sigZ=   28.2786 (Fracs of F: LogLike: 100.0%; ), |g|=2.619156e+07
DEBUG:diffBragg.main:RotXYZ0_xtal0_deg=-0.0043, RotXYZ1_xtal0_deg=-0.0050, RotXYZ2_xtal0_deg=-0.0025, G_xtal0=95561380198050688.0000, Nabc0=17.8411, Ndef0=-2.2457, Nabc1=12.1241, Ndef1=8.5668, Nabc2=20.4827, Ndef2=-17.3228, ucell0=27.5170, ucell1=32.3616, ucell2=34.3666, ucell3=1.5538, ucell4=1.2478, ucell5=1.2043, 
DEBUG:diffBragg.main:Hop=0 |it=65 | t/it=0.0566sF=   3663471 sigZ=  28.05156 (Fracs of F: LogLike: 100.0%; ), |g|=2.94515e+07
DEBUG:diffBragg.main:RotXYZ0_xtal0_deg=-0.0051, RotXYZ1_xtal0_deg=-0.0063, RotXYZ2_xtal0_deg=-0.0028, G_xtal0=88406686418459840.0000, Nabc0=19.1315, Ndef0=-5.7237, Nabc1=13.8241, Ndef1=14.7012, Nabc2=23.3302, Ndef2=-18.8532, ucell0=27.5060, ucell1=32.4163, ucell2=34.3180, ucell3=1.5567, ucell4=1.2482, ucell5=1.2069, 
DEBUG:diffBragg.main:Hop=0 |it=66 | t/it=0.0566sF=   4276192 sigZ=  30.80017 (Fracs of F: LogLike: 100.0%; ), |g|=2.350774e+08
DEBUG:diffBragg.main:RotXYZ0_xtal0_deg=-0.0045, RotXYZ1_xtal0_deg=-0.0054, RotXYZ2_xtal0_deg=-0.0026, G_xtal0=93396581107162784.0000, Nabc0=18.2208, Ndef0=-3.2837, Nabc1=12.6168, Ndef1=10.3985, Nabc2=21.3115, Ndef2=-17.7796, ucell0=27.5137, ucell1=32.3779, ucell2=34.3521, ucell3=1.5547, ucell4=1.2479, ucell5=1.2051, 
DEBUG:diffBragg.main:Hop=0 |it=67 | t/it=0.0566sF=   3612701 sigZ=  27.88147 (Fracs of F: LogLike: 100.0%; ), |g|=2.480727e+07
DEBUG:diffBragg.main:RotXYZ0_xtal0_deg=-0.0049, RotXYZ1_xtal0_deg=-0.0061, RotXYZ2_xtal0_deg=-0.0026, G_xtal0=87813947509937088.0000, Nabc0=19.4507, Ndef0=-5.1097, Nabc1=14.6256, Ndef1=14.3907, Nabc2=23.8116, Ndef2=-19.4780, ucell0=27.5015, ucell1=32.3907, ucell2=34.3249, ucell3=1.5569, ucell4=1.2484, ucell5=1.2068, 
DEBUG:diffBragg.main:Hop=0 |it=68 | t/it=0.0566sF=   3760658 sigZ=  28.93671 (Fracs of F: LogLike: 100.0%; ), |g|=1.036823e+08
DEBUG:diffBragg.main:RotXYZ0_xtal0_deg=-0.0047, RotXYZ1_xtal0_deg=-0.0056, RotXYZ2_xtal0_deg=-0.0026, G_xtal0=91345415865368448.0000, Nabc0=18.6630, Ndef0=-3.9480, Nabc1=13.3263, Ndef1=11.8513, Nabc2=22.2037, Ndef2=-18.3976, ucell0=27.5093, ucell1=32.3826, ucell2=34.3422, ucell3=1.5555, ucell4=1.2481, ucell5=1.2057, 
DEBUG:diffBragg.main:Hop=0 |it=69 | t/it=0.0566sF=   3563802 sigZ=   27.8351 (Fracs of F: LogLike: 100.0%; ), |g|=1.543619e+07
DEBUG:diffBragg.main:RotXYZ0_xtal0_deg=-0.0047, RotXYZ1_xtal0_deg=-0.0058, RotXYZ2_xtal0_deg=-0.0025, G_xtal0=88682022599912528.0000, Nabc0=19.6264, Ndef0=-3.4584, Nabc1=14.6808, Ndef1=12.5834, Nabc2=23.5014, Ndef2=-18.7342, ucell0=27.4877, ucell1=32.4001, ucell2=34.3504, ucell3=1.5557, ucell4=1.2484, ucell5=1.2063, 
DEBUG:diffBragg.main:Hop=0 |it=70 | t/it=0.0566sF=   3450790 sigZ=  27.58563 (Fracs of F: LogLike: 100.0%; ), |g|=4.841697e+07
DEBUG:diffBragg.main:RotXYZ0_xtal0_deg=-0.0046, RotXYZ1_xtal0_deg=-0.0059, RotXYZ2_xtal0_deg=-0.0025, G_xtal0=86891280896738496.0000, Nabc0=20.3561, Ndef0=-2.6576, Nabc1=15.7298, Ndef1=12.8719, Nabc2=24.4294, Ndef2=-18.7722, ucell0=27.4753, ucell1=32.4138, ucell2=34.3478, ucell3=1.5559, ucell4=1.2487, ucell5=1.2064, 
DEBUG:diffBragg.main:Hop=0 |it=71 | t/it=0.0566sF=   3364587 sigZ=   27.3786 (Fracs of F: LogLike: 100.0%; ), |g|=2.972915e+07
DEBUG:diffBragg.main:RotXYZ0_xtal0_deg=-0.0047, RotXYZ1_xtal0_deg=-0.0061, RotXYZ2_xtal0_deg=-0.0025, G_xtal0=85635347217213136.0000, Nabc0=20.8390, Ndef0=-2.0256, Nabc1=16.3746, Ndef1=13.3779, Nabc2=25.0699, Ndef2=-18.3613, ucell0=27.4725, ucell1=32.4257, ucell2=34.3417, ucell3=1.5562, ucell4=1.2490, ucell5=1.2067, 
DEBUG:diffBragg.main:Hop=0 |it=72 | t/it=0.0566sF=   3296724 sigZ=  27.17321 (Fracs of F: LogLike: 100.0%; ), |g|=1.944224e+07
DEBUG:diffBragg.main:RotXYZ0_xtal0_deg=-0.0048, RotXYZ1_xtal0_deg=-0.0063, RotXYZ2_xtal0_deg=-0.0025, G_xtal0=84535254165547088.0000, Nabc0=21.2414, Ndef0=-1.4823, Nabc1=16.8649, Ndef1=14.0943, Nabc2=25.6158, Ndef2=-18.3472, ucell0=27.4656, ucell1=32.4435, ucell2=34.3404, ucell3=1.5565, ucell4=1.2491, ucell5=1.2071, 
DEBUG:diffBragg.main:Hop=0 |it=73 | t/it=0.0566sF=   3261147 sigZ=  27.07157 (Fracs of F: LogLike: 100.0%; ), |g|=3.382705e+07
DEBUG:diffBragg.main:RotXYZ0_xtal0_deg=-0.0048, RotXYZ1_xtal0_deg=-0.0065, RotXYZ2_xtal0_deg=-0.0026, G_xtal0=84037199881842944.0000, Nabc0=21.8478, Ndef0=1.4499, Nabc1=17.4532, Ndef1=13.9647, Nabc2=25.9989, Ndef2=-17.4127, ucell0=27.4535, ucell1=32.4747, ucell2=34.3519, ucell3=1.5564, ucell4=1.2495, ucell5=1.2073, 
DEBUG:diffBragg.main:Hop=0 |it=74 | t/it=0.0566sF=   3250958 sigZ=  27.13039 (Fracs of F: LogLike: 100.0%; ), |g|=6.671342e+07
DEBUG:diffBragg.main:RotXYZ0_xtal0_deg=-0.0048, RotXYZ1_xtal0_deg=-0.0064, RotXYZ2_xtal0_deg=-0.0026, G_xtal0=84304859752986784.0000, Nabc0=21.5205, Ndef0=-0.1270, Nabc1=17.1354, Ndef1=14.0344, Nabc2=25.7925, Ndef2=-17.9153, ucell0=27.4600, ucell1=32.4580, ucell2=34.3457, ucell3=1.5564, ucell4=1.2493, ucell5=1.2072, 
DEBUG:diffBragg.main:Hop=0 |it=75 | t/it=0.0566sF=   3217075 sigZ=  26.93348 (Fracs of F: LogLike: 100.0%; ), |g|=2.470613e+07
DEBUG:diffBragg.main:RotXYZ0_xtal0_deg=-0.0049, RotXYZ1_xtal0_deg=-0.0067, RotXYZ2_xtal0_deg=-0.0026, G_xtal0=82900387734846832.0000, Nabc0=22.2484, Ndef0=1.3251, Nabc1=18.0083, Ndef1=14.4800, Nabc2=26.6097, Ndef2=-17.3059, ucell0=27.4453, ucell1=32.4846, ucell2=34.3500, ucell3=1.5567, ucell4=1.2497, ucell5=1.2077, 
DEBUG:diffBragg.main:Hop=0 |it=76 | t/it=0.0565sF=   3193567 sigZ=  26.89242 (Fracs of F: LogLike: 100.0%; ), |g|=4.770808e+07
DEBUG:diffBragg.main:RotXYZ0_xtal0_deg=-0.0050, RotXYZ1_xtal0_deg=-0.0069, RotXYZ2_xtal0_deg=-0.0027, G_xtal0=83348759065628688.0000, Nabc0=22.3339, Ndef0=2.7065, Nabc1=17.8067, Ndef1=14.3116, Nabc2=26.4652, Ndef2=-16.0581, ucell0=27.4387, ucell1=32.5040, ucell2=34.3550, ucell3=1.5566, ucell4=1.2497, ucell5=1.2079, 
DEBUG:diffBragg.main:Hop=0 |it=77 | t/it=0.0565sF=   3086863 sigZ=  26.43028 (Fracs of F: LogLike: 100.0%; ), |g|=3.567239e+07
DEBUG:diffBragg.main:RotXYZ0_xtal0_deg=-0.0056, RotXYZ1_xtal0_deg=-0.0079, RotXYZ2_xtal0_deg=-0.0030, G_xtal0=82348589782781552.0000, Nabc0=23.1057, Ndef0=5.3414, Nabc1=18.1099, Ndef1=15.8275, Nabc2=27.2456, Ndef2=-12.8141, ucell0=27.4126, ucell1=32.5634, ucell2=34.3557, ucell3=1.5577, ucell4=1.2501, ucell5=1.2098, 
DEBUG:diffBragg.main:Hop=0 |it=78 | t/it=0.0565sF=   2817105 sigZ=  25.24943 (Fracs of F: LogLike: 100.0%; ), |g|=4.618046e+07
DEBUG:diffBragg.main:RotXYZ0_xtal0_deg=-0.0064, RotXYZ1_xtal0_deg=-0.0091, RotXYZ2_xtal0_deg=-0.0034, G_xtal0=84535759564336480.0000, Nabc0=22.6993, Ndef0=6.0640, Nabc1=16.5553, Ndef1=16.9023, Nabc2=26.5529, Ndef2=-7.5767, ucell0=27.4028, ucell1=32.6109, ucell2=34.3484, ucell3=1.5593, ucell4=1.2501, ucell5=1.2120, 
DEBUG:diffBragg.main:Hop=0 |it=79 | t/it=0.0565sF=   3384755 sigZ=    27.675 (Fracs of F: LogLike: 100.0%; ), |g|=2.224172e+08
DEBUG:diffBragg.main:RotXYZ0_xtal0_deg=-0.0059, RotXYZ1_xtal0_deg=-0.0083, RotXYZ2_xtal0_deg=-0.0031, G_xtal0=83036375969816496.0000, Nabc0=22.9769, Ndef0=5.5697, Nabc1=17.6100, Ndef1=16.1671, Nabc2=27.0258, Ndef2=-11.1602, ucell0=27.4095, ucell1=32.5784, ucell2=34.3534, ucell3=1.5582, ucell4=1.2501, ucell5=1.2105, 
DEBUG:diffBragg.main:Hop=0 |it=80 | t/it=0.0565sF=   2711415 sigZ=  24.72691 (Fracs of F: LogLike: 100.0%; ), |g|=2.51425e+07
DEBUG:diffBragg.main:RotXYZ0_xtal0_deg=-0.0064, RotXYZ1_xtal0_deg=-0.0093, RotXYZ2_xtal0_deg=-0.0035, G_xtal0=84203258517048048.0000, Nabc0=23.4792, Ndef0=9.5976, Nabc1=17.2309, Ndef1=16.0728, Nabc2=26.8915, Ndef2=-6.2294, ucell0=27.3832, ucell1=32.6467, ucell2=34.3646, ucell3=1.5587, ucell4=1.2506, ucell5=1.2121, 
DEBUG:diffBragg.main:Hop=0 |it=81 | t/it=0.0565sF=   2878885 sigZ=  25.49838 (Fracs of F: LogLike: 100.0%; ), |g|=1.411479e+08
DEBUG:diffBragg.main:RotXYZ0_xtal0_deg=-0.0061, RotXYZ1_xtal0_deg=-0.0087, RotXYZ2_xtal0_deg=-0.0032, G_xtal0=83476879430239872.0000, Nabc0=23.1662, Ndef0=7.0941, Nabc1=17.4660, Ndef1=16.1314, Nabc2=26.9749, Ndef2=-9.2952, ucell0=27.3995, ucell1=32.6043, ucell2=34.3576, ucell3=1.5584, ucell4=1.2503, ucell5=1.2111, 
DEBUG:diffBragg.main:Hop=0 |it=82 | t/it=0.0565sF=   2647539 sigZ=  24.42214 (Fracs of F: LogLike: 100.0%; ), |g|=3.34969e+07
DEBUG:diffBragg.main:RotXYZ0_xtal0_deg=-0.0062, RotXYZ1_xtal0_deg=-0.0089, RotXYZ2_xtal0_deg=-0.0033, G_xtal0=84190030871782032.0000, Nabc0=23.1609, Ndef0=7.8449, Nabc1=17.2028, Ndef1=16.0003, Nabc2=26.7344, Ndef2=-8.1278, ucell0=27.3946, ucell1=32.6207, ucell2=34.3614, ucell3=1.5584, ucell4=1.2504, ucell5=1.2114, 
DEBUG:diffBragg.main:Hop=0 |it=83 | t/it=0.0565sF=   2615601 sigZ=  24.25311 (Fracs of F: LogLike: 100.0%; ), |g|=3.09767e+07
DEBUG:diffBragg.main:RotXYZ0_xtal0_deg=-0.0062, RotXYZ1_xtal0_deg=-0.0088, RotXYZ2_xtal0_deg=-0.0034, G_xtal0=87512711743589488.0000, Nabc0=22.5155, Ndef0=8.7161, Nabc1=16.1073, Ndef1=14.4219, Nabc2=25.3328, Ndef2=-6.8232, ucell0=27.3988, ucell1=32.6247, ucell2=34.3701, ucell3=1.5576, ucell4=1.2503, ucell5=1.2111, 
DEBUG:diffBragg.main:Hop=0 |it=84 | t/it=0.0565sF=   2617336 sigZ=  24.17476 (Fracs of F: LogLike: 100.0%; ), |g|=7.544056e+07
DEBUG:diffBragg.main:RotXYZ0_xtal0_deg=-0.0062, RotXYZ1_xtal0_deg=-0.0088, RotXYZ2_xtal0_deg=-0.0034, G_xtal0=85824727859553392.0000, Nabc0=22.8405, Ndef0=8.2757, Nabc1=16.6558, Ndef1=15.2199, Nabc2=26.0364, Ndef2=-7.4827, ucell0=27.3967, ucell1=32.6227, ucell2=34.3657, ucell3=1.5580, ucell4=1.2504, ucell5=1.2113, 
DEBUG:diffBragg.main:Hop=0 |it=85 | t/it=0.0566sF=   2591810 sigZ=  24.09746 (Fracs of F: LogLike: 100.0%; ), |g|=4.851536e+07
DEBUG:diffBragg.main:RotXYZ0_xtal0_deg=-0.0063, RotXYZ1_xtal0_deg=-0.0090, RotXYZ2_xtal0_deg=-0.0034, G_xtal0=87477010684595952.0000, Nabc0=22.6498, Ndef0=8.6535, Nabc1=16.1905, Ndef1=14.9547, Nabc2=25.4543, Ndef2=-6.4197, ucell0=27.3932, ucell1=32.6369, ucell2=34.3705, ucell3=1.5578, ucell4=1.2504, ucell5=1.2115, 
DEBUG:diffBragg.main:Hop=0 |it=86 | t/it=0.0566sF=   2548371 sigZ=  23.83306 (Fracs of F: LogLike: 100.0%; ), |g|=   7902588
DEBUG:diffBragg.main:RotXYZ0_xtal0_deg=-0.0063, RotXYZ1_xtal0_deg=-0.0090, RotXYZ2_xtal0_deg=-0.0035, G_xtal0=88451215877212688.0000, Nabc0=22.5270, Ndef0=9.1320, Nabc1=15.8920, Ndef1=14.6754, Nabc2=25.1002, Ndef2=-5.7261, ucell0=27.3923, ucell1=32.6429, ucell2=34.3734, ucell3=1.5576, ucell4=1.2504, ucell5=1.2116, 
DEBUG:diffBragg.main:Hop=0 |it=87 | t/it=0.0566sF=   2542419 sigZ=  23.77348 (Fracs of F: LogLike: 100.0%; ), |g|=   9102796
DEBUG:diffBragg.main:RotXYZ0_xtal0_deg=-0.0063, RotXYZ1_xtal0_deg=-0.0090, RotXYZ2_xtal0_deg=-0.0035, G_xtal0=88927703187321616.0000, Nabc0=22.4591, Ndef0=9.1765, Nabc1=15.7921, Ndef1=14.5192, Nabc2=24.9425, Ndef2=-5.6742, ucell0=27.3934, ucell1=32.6407, ucell2=34.3736, ucell3=1.5576, ucell4=1.2505, ucell5=1.2115, 
DEBUG:diffBragg.main:Hop=0 |it=88 | t/it=0.0566sF=   2537728 sigZ=  23.73793 (Fracs of F: LogLike: 100.0%; ), |g|=   6717740
DEBUG:diffBragg.main:RotXYZ0_xtal0_deg=-0.0063, RotXYZ1_xtal0_deg=-0.0089, RotXYZ2_xtal0_deg=-0.0035, G_xtal0=90200289340298768.0000, Nabc0=22.3380, Ndef0=9.3337, Nabc1=15.6135, Ndef1=14.1059, Nabc2=24.5839, Ndef2=-5.6301, ucell0=27.3959, ucell1=32.6332, ucell2=34.3719, ucell3=1.5573, ucell4=1.2506, ucell5=1.2114, 
DEBUG:diffBragg.main:Hop=0 |it=89 | t/it=0.0566sF=   2527263 sigZ=  23.65967 (Fracs of F: LogLike: 100.0%; ), |g|=   6999988
DEBUG:diffBragg.main:RotXYZ0_xtal0_deg=-0.0062, RotXYZ1_xtal0_deg=-0.0088, RotXYZ2_xtal0_deg=-0.0034, G_xtal0=91197296019305024.0000, Nabc0=22.2947, Ndef0=9.4922, Nabc1=15.5497, Ndef1=13.7831, Nabc2=24.3544, Ndef2=-5.7217, ucell0=27.3978, ucell1=32.6248, ucell2=34.3689, ucell3=1.5571, ucell4=1.2507, ucell5=1.2113, 
DEBUG:diffBragg.main:Hop=0 |it=90 | t/it=0.0566sF=   2520186 sigZ=   23.6121 (Fracs of F: LogLike: 100.0%; ), |g|=   8952515
DEBUG:diffBragg.main:RotXYZ0_xtal0_deg=-0.0061, RotXYZ1_xtal0_deg=-0.0087, RotXYZ2_xtal0_deg=-0.0034, G_xtal0=92239138115673328.0000, Nabc0=22.3518, Ndef0=9.7186, Nabc1=15.5785, Ndef1=13.5440, Nabc2=24.2013, Ndef2=-5.8509, ucell0=27.3981, ucell1=32.6155, ucell2=34.3662, ucell3=1.5569, ucell4=1.2507, ucell5=1.2111, 
DEBUG:diffBragg.main:Hop=0 |it=91 | t/it=0.0565sF=   2512454 sigZ=  23.57187 (Fracs of F: LogLike: 100.0%; ), |g|=1.012372e+07
DEBUG:diffBragg.main:RotXYZ0_xtal0_deg=-0.0060, RotXYZ1_xtal0_deg=-0.0086, RotXYZ2_xtal0_deg=-0.0033, G_xtal0=93948894038244512.0000, Nabc0=22.5949, Ndef0=10.2004, Nabc1=15.7440, Ndef1=13.2197, Nabc2=24.0591, Ndef2=-5.9533, ucell0=27.3967, ucell1=32.6044, ucell2=34.3638, ucell3=1.5565, ucell4=1.2509, ucell5=1.2108, 
DEBUG:diffBragg.main:Hop=0 |it=92 | t/it=0.0566sF=   2499939 sigZ=  23.51693 (Fracs of F: LogLike: 100.0%; ), |g|=   8979118
DEBUG:diffBragg.main:RotXYZ0_xtal0_deg=-0.0058, RotXYZ1_xtal0_deg=-0.0086, RotXYZ2_xtal0_deg=-0.0033, G_xtal0=96577905381969088.0000, Nabc0=23.2976, Ndef0=11.0409, Nabc1=16.2827, Ndef1=13.1715, Nabc2=24.1454, Ndef2=-6.0285, ucell0=27.3919, ucell1=32.5940, ucell2=34.3632, ucell3=1.5561, ucell4=1.2510, ucell5=1.2104, 
DEBUG:diffBragg.main:Hop=0 |it=93 | t/it=0.0566sF=   2480380 sigZ=  23.46092 (Fracs of F: LogLike: 100.0%; ), |g|=1.400282e+07
DEBUG:diffBragg.main:RotXYZ0_xtal0_deg=-0.0057, RotXYZ1_xtal0_deg=-0.0089, RotXYZ2_xtal0_deg=-0.0032, G_xtal0=101086513144312784.0000, Nabc0=24.4301, Ndef0=12.5236, Nabc1=16.9834, Ndef1=13.1935, Nabc2=24.2218, Ndef2=-5.3746, ucell0=27.3819, ucell1=32.5963, ucell2=34.3635, ucell3=1.5556, ucell4=1.2512, ucell5=1.2100, 
DEBUG:diffBragg.main:Hop=0 |it=94 | t/it=0.0566sF=   2454782 sigZ=  23.36783 (Fracs of F: LogLike: 100.0%; ), |g|=1.326851e+07
DEBUG:diffBragg.main:RotXYZ0_xtal0_deg=-0.0055, RotXYZ1_xtal0_deg=-0.0091, RotXYZ2_xtal0_deg=-0.0031, G_xtal0=104035381786899792.0000, Nabc0=25.6150, Ndef0=13.2355, Nabc1=17.9811, Ndef1=13.4962, Nabc2=24.7020, Ndef2=-5.6426, ucell0=27.3768, ucell1=32.5930, ucell2=34.3637, ucell3=1.5554, ucell4=1.2513, ucell5=1.2095, 
DEBUG:diffBragg.main:Hop=0 |it=95 | t/it=0.0566sF=   2434112 sigZ=  23.32085 (Fracs of F: LogLike: 100.0%; ), |g|=   9492196
DEBUG:diffBragg.main:RotXYZ0_xtal0_deg=-0.0056, RotXYZ1_xtal0_deg=-0.0096, RotXYZ2_xtal0_deg=-0.0031, G_xtal0=105996928440903024.0000, Nabc0=27.0066, Ndef0=13.8577, Nabc1=19.1217, Ndef1=14.2127, Nabc2=25.5853, Ndef2=-5.3471, ucell0=27.3672, ucell1=32.6134, ucell2=34.3706, ucell3=1.5557, ucell4=1.2514, ucell5=1.2094, 
DEBUG:diffBragg.main:Hop=0 |it=96 | t/it=0.0566sF=   2444298 sigZ=  23.42417 (Fracs of F: LogLike: 100.0%; ), |g|=2.421029e+07
DEBUG:diffBragg.main:RotXYZ0_xtal0_deg=-0.0055, RotXYZ1_xtal0_deg=-0.0093, RotXYZ2_xtal0_deg=-0.0031, G_xtal0=104854852302443088.0000, Nabc0=26.1933, Ndef0=13.4961, Nabc1=18.4541, Ndef1=13.7963, Nabc2=25.0701, Ndef2=-5.5188, ucell0=27.3728, ucell1=32.6015, ucell2=34.3666, ucell3=1.5555, ucell4=1.2513, ucell5=1.2095, 
DEBUG:diffBragg.main:Hop=0 |it=97 | t/it=0.0566sF=   2424107 sigZ=  23.29209 (Fracs of F: LogLike: 100.0%; ), |g|=   9468802
DEBUG:diffBragg.main:RotXYZ0_xtal0_deg=-0.0055, RotXYZ1_xtal0_deg=-0.0094, RotXYZ2_xtal0_deg=-0.0031, G_xtal0=106112319122458992.0000, Nabc0=26.3692, Ndef0=13.5486, Nabc1=18.5260, Ndef1=13.7104, Nabc2=25.0721, Ndef2=-5.3405, ucell0=27.3735, ucell1=32.6023, ucell2=34.3664, ucell3=1.5556, ucell4=1.2514, ucell5=1.2094, 
DEBUG:diffBragg.main:Hop=0 |it=98 | t/it=0.0566sF=   2423267 sigZ=  23.28712 (Fracs of F: LogLike: 100.0%; ), |g|=2.407987e+07
DEBUG:diffBragg.main:RotXYZ0_xtal0_deg=-0.0055, RotXYZ1_xtal0_deg=-0.0094, RotXYZ2_xtal0_deg=-0.0031, G_xtal0=105502080621728944.0000, Nabc0=26.2839, Ndef0=13.5232, Nabc1=18.4911, Ndef1=13.7521, Nabc2=25.0711, Ndef2=-5.4269, ucell0=27.3731, ucell1=32.6019, ucell2=34.3665, ucell3=1.5556, ucell4=1.2514, ucell5=1.2094, 
DEBUG:diffBragg.main:Hop=0 |it=99 | t/it=0.0566sF=   2419156 sigZ=  23.26602 (Fracs of F: LogLike: 100.0%; ), |g|=1.22737e+07
DEBUG:diffBragg.main:RotXYZ0_xtal0_deg=-0.0056, RotXYZ1_xtal0_deg=-0.0095, RotXYZ2_xtal0_deg=-0.0031, G_xtal0=106042733310468112.0000, Nabc0=26.4184, Ndef0=13.5678, Nabc1=18.5556, Ndef1=13.8715, Nabc2=25.1206, Ndef2=-5.2599, ucell0=27.3725, ucell1=32.6057, ucell2=34.3656, ucell3=1.5557, ucell4=1.2514, ucell5=1.2095, 
DEBUG:diffBragg.main:Added 0 pixels from 0 shoeboxes to the untrusted list (8700 / 8700 trusted pixels remain)
DEBUG:diffBragg.main:Hop=0 |it=100 | t/it=0.0566sF=   2411644 sigZ=  23.22875 (Fracs of F: LogLike: 100.0%; ), |g|=1.041207e+07
DEBUG:diffBragg.main:RotXYZ0_xtal0_deg=-0.0058, RotXYZ1_xtal0_deg=-0.0105, RotXYZ2_xtal0_deg=-0.0032, G_xtal0=111374021264684048.0000, Nabc0=27.6403, Ndef0=14.1885, Nabc1=19.1055, Ndef1=15.0242, Nabc2=25.5058, Ndef2=-3.7891, ucell0=27.3651, ucell1=32.6361, ucell2=34.3599, ucell3=1.5564, ucell4=1.2517, ucell5=1.2098, 
DEBUG:diffBragg.main:Hop=0 |it=101 | t/it=0.0566sF=   2375801 sigZ=  23.05112 (Fracs of F: LogLike: 100.0%; ), |g|=1.055458e+07
DEBUG:diffBragg.main:RotXYZ0_xtal0_deg=-0.0058, RotXYZ1_xtal0_deg=-0.0109, RotXYZ2_xtal0_deg=-0.0032, G_xtal0=113589884788176128.0000, Nabc0=28.2362, Ndef0=14.4718, Nabc1=19.4931, Ndef1=15.4967, Nabc2=25.7682, Ndef2=-3.6427, ucell0=27.3623, ucell1=32.6439, ucell2=34.3578, ucell3=1.5567, ucell4=1.2517, ucell5=1.2098, 
DEBUG:diffBragg.main:Hop=0 |it=102 | t/it=0.0566sF=   2366011 sigZ=  23.01658 (Fracs of F: LogLike: 100.0%; ), |g|=   8488878
DEBUG:diffBragg.main:RotXYZ0_xtal0_deg=-0.0059, RotXYZ1_xtal0_deg=-0.0115, RotXYZ2_xtal0_deg=-0.0031, G_xtal0=118839289981005600.0000, Nabc0=29.5785, Ndef0=15.0211, Nabc1=20.4227, Ndef1=16.3515, Nabc2=26.3247, Ndef2=-3.6110, ucell0=27.3546, ucell1=32.6536, ucell2=34.3539, ucell3=1.5573, ucell4=1.2519, ucell5=1.2097, 
DEBUG:diffBragg.main:Hop=0 |it=103 | t/it=0.0566sF=   2350733 sigZ=  22.97285 (Fracs of F: LogLike: 100.0%; ), |g|=   8955891
DEBUG:diffBragg.main:RotXYZ0_xtal0_deg=-0.0059, RotXYZ1_xtal0_deg=-0.0118, RotXYZ2_xtal0_deg=-0.0031, G_xtal0=121273163771567968.0000, Nabc0=30.0624, Ndef0=15.0154, Nabc1=20.8079, Ndef1=16.6699, Nabc2=26.5380, Ndef2=-4.0134, ucell0=27.3523, ucell1=32.6547, ucell2=34.3511, ucell3=1.5575, ucell4=1.2520, ucell5=1.2096, 
DEBUG:diffBragg.main:Hop=0 |it=104 | t/it=0.0566sF=   2340182 sigZ=   22.9342 (Fracs of F: LogLike: 100.0%; ), |g|=1.335723e+07
DEBUG:diffBragg.main:RotXYZ0_xtal0_deg=-0.0058, RotXYZ1_xtal0_deg=-0.0128, RotXYZ2_xtal0_deg=-0.0029, G_xtal0=132420371825537488.0000, Nabc0=31.7927, Ndef0=14.7371, Nabc1=22.1607, Ndef1=17.5678, Nabc2=27.0920, Ndef2=-5.8216, ucell0=27.3429, ucell1=32.6546, ucell2=34.3395, ucell3=1.5584, ucell4=1.2522, ucell5=1.2092, 
DEBUG:diffBragg.main:Hop=0 |it=105 | t/it=0.0566sF=   2302788 sigZ=  22.78414 (Fracs of F: LogLike: 100.0%; ), |g|=3.06257e+07
DEBUG:diffBragg.main:RotXYZ0_xtal0_deg=-0.0058, RotXYZ1_xtal0_deg=-0.0133, RotXYZ2_xtal0_deg=-0.0027, G_xtal0=141550144680736016.0000, Nabc0=32.4995, Ndef0=14.3405, Nabc1=22.6145, Ndef1=17.5292, Nabc2=26.8985, Ndef2=-7.1092, ucell0=27.3390, ucell1=32.6473, ucell2=34.3319, ucell3=1.5587, ucell4=1.2524, ucell5=1.2089, 
DEBUG:diffBragg.main:Hop=0 |it=106 | t/it=0.0566sF=   2253774 sigZ=  22.53404 (Fracs of F: LogLike: 100.0%; ), |g|=2.158097e+07
DEBUG:diffBragg.main:RotXYZ0_xtal0_deg=-0.0057, RotXYZ1_xtal0_deg=-0.0144, RotXYZ2_xtal0_deg=-0.0024, G_xtal0=163660974821475296.0000, Nabc0=33.2594, Ndef0=12.6616, Nabc1=22.9407, Ndef1=16.8565, Nabc2=25.9244, Ndef2=-10.3847, ucell0=27.3360, ucell1=32.6273, ucell2=34.3145, ucell3=1.5594, ucell4=1.2527, ucell5=1.2082, 
DEBUG:diffBragg.main:Hop=0 |it=107 | t/it=0.0566sF=   2179795 sigZ=  22.13009 (Fracs of F: LogLike: 100.0%; ), |g|=1.979489e+07
DEBUG:diffBragg.main:RotXYZ0_xtal0_deg=-0.0058, RotXYZ1_xtal0_deg=-0.0162, RotXYZ2_xtal0_deg=-0.0022, G_xtal0=187004461411558048.0000, Nabc0=35.3331, Ndef0=11.7377, Nabc1=23.9687, Ndef1=17.5628, Nabc2=25.6179, Ndef2=-10.9680, ucell0=27.3176, ucell1=32.6416, ucell2=34.3050, ucell3=1.5603, ucell4=1.2530, ucell5=1.2079, 
DEBUG:diffBragg.main:Hop=0 |it=108 | t/it=0.0566sF=   2182576 sigZ=  22.10995 (Fracs of F: LogLike: 100.0%; ), |g|=3.884376e+07
DEBUG:diffBragg.main:RotXYZ0_xtal0_deg=-0.0057, RotXYZ1_xtal0_deg=-0.0153, RotXYZ2_xtal0_deg=-0.0023, G_xtal0=174924974014908704.0000, Nabc0=34.2671, Ndef0=12.2093, Nabc1=23.4410, Ndef1=17.2023, Nabc2=25.7741, Ndef2=-10.6703, ucell0=27.3270, ucell1=32.6343, ucell2=34.3099, ucell3=1.5598, ucell4=1.2529, ucell5=1.2080, 
DEBUG:diffBragg.main:Hop=0 |it=109 | t/it=0.0567sF=   2151216 sigZ=  21.95893 (Fracs of F: LogLike: 100.0%; ), |g|=1.52111e+07
DEBUG:diffBragg.main:RotXYZ0_xtal0_deg=-0.0058, RotXYZ1_xtal0_deg=-0.0166, RotXYZ2_xtal0_deg=-0.0022, G_xtal0=192450337338765408.0000, Nabc0=35.9794, Ndef0=11.6681, Nabc1=24.4676, Ndef1=17.8380, Nabc2=25.7928, Ndef2=-11.7836, ucell0=27.3194, ucell1=32.6410, ucell2=34.3018, ucell3=1.5608, ucell4=1.2532, ucell5=1.2077, 
DEBUG:diffBragg.main:Hop=0 |it=110 | t/it=0.0567sF=   2129458 sigZ=  21.85429 (Fracs of F: LogLike: 100.0%; ), |g|=1.230961e+07
DEBUG:diffBragg.main:RotXYZ0_xtal0_deg=-0.0059, RotXYZ1_xtal0_deg=-0.0173, RotXYZ2_xtal0_deg=-0.0021, G_xtal0=202649393700581760.0000, Nabc0=36.4713, Ndef0=11.2878, Nabc1=24.5325, Ndef1=17.9798, Nabc2=25.4193, Ndef2=-11.9150, ucell0=27.3196, ucell1=32.6488, ucell2=34.3007, ucell3=1.5612, ucell4=1.2534, ucell5=1.2076, 
DEBUG:diffBragg.main:Hop=0 |it=111 | t/it=0.0567sF=   2143146 sigZ=  21.90727 (Fracs of F: LogLike: 100.0%; ), |g|=3.48557e+07
DEBUG:diffBragg.main:RotXYZ0_xtal0_deg=-0.0058, RotXYZ1_xtal0_deg=-0.0168, RotXYZ2_xtal0_deg=-0.0021, G_xtal0=195945479941126784.0000, Nabc0=36.1488, Ndef0=11.5369, Nabc1=24.4900, Ndef1=17.8870, Nabc2=25.6636, Ndef2=-11.8290, ucell0=27.3195, ucell1=32.6437, ucell2=34.3014, ucell3=1.5609, ucell4=1.2533, ucell5=1.2077, 
DEBUG:diffBragg.main:Hop=0 |it=112 | t/it=0.0567sF=   2123570 sigZ=  21.81606 (Fracs of F: LogLike: 100.0%; ), |g|=   6159580
DEBUG:diffBragg.main:RotXYZ0_xtal0_deg=-0.0059, RotXYZ1_xtal0_deg=-0.0175, RotXYZ2_xtal0_deg=-0.0021, G_xtal0=204483396137289664.0000, Nabc0=36.8362, Ndef0=11.2071, Nabc1=24.8369, Ndef1=18.2155, Nabc2=25.5937, Ndef2=-12.2027, ucell0=27.3159, ucell1=32.6500, ucell2=34.2968, ucell3=1.5614, ucell4=1.2534, ucell5=1.2076, 
DEBUG:diffBragg.main:Hop=0 |it=113 | t/it=0.0567sF=   2118837 sigZ=  21.79364 (Fracs of F: LogLike: 100.0%; ), |g|=   4777967
DEBUG:diffBragg.main:RotXYZ0_xtal0_deg=-0.0060, RotXYZ1_xtal0_deg=-0.0182, RotXYZ2_xtal0_deg=-0.0020, G_xtal0=215241298810008704.0000, Nabc0=37.1528, Ndef0=10.4089, Nabc1=24.8870, Ndef1=18.4694, Nabc2=25.2053, Ndef2=-12.8682, ucell0=27.3128, ucell1=32.6528, ucell2=34.2918, ucell3=1.5620, ucell4=1.2535, ucell5=1.2075, 
DEBUG:diffBragg.main:Hop=0 |it=114 | t/it=0.0567sF=   2111286 sigZ=   21.7545 (Fracs of F: LogLike: 100.0%; ), |g|=   5765257
DEBUG:diffBragg.main:RotXYZ0_xtal0_deg=-0.0060, RotXYZ1_xtal0_deg=-0.0184, RotXYZ2_xtal0_deg=-0.0020, G_xtal0=218816567418648896.0000, Nabc0=36.8057, Ndef0=9.8995, Nabc1=24.5529, Ndef1=18.5359, Nabc2=24.8189, Ndef2=-12.9215, ucell0=27.3133, ucell1=32.6558, ucell2=34.2899, ucell3=1.5623, ucell4=1.2535, ucell5=1.2076, 
DEBUG:diffBragg.main:Hop=0 |it=115 | t/it=0.0567sF=   2105823 sigZ=  21.72451 (Fracs of F: LogLike: 100.0%; ), |g|=   5485133
DEBUG:diffBragg.main:RotXYZ0_xtal0_deg=-0.0060, RotXYZ1_xtal0_deg=-0.0181, RotXYZ2_xtal0_deg=-0.0020, G_xtal0=214710280938321856.0000, Nabc0=36.1200, Ndef0=9.9034, Nabc1=24.1284, Ndef1=18.2051, Nabc2=24.6362, Ndef2=-12.6308, ucell0=27.3161, ucell1=32.6538, ucell2=34.2919, ucell3=1.5621, ucell4=1.2534, ucell5=1.2077, 
DEBUG:diffBragg.main:Hop=0 |it=116 | t/it=0.0567sF=   2103565 sigZ=  21.68694 (Fracs of F: LogLike: 100.0%; ), |g|=1.021165e+07
DEBUG:diffBragg.main:RotXYZ0_xtal0_deg=-0.0061, RotXYZ1_xtal0_deg=-0.0181, RotXYZ2_xtal0_deg=-0.0020, G_xtal0=213120129683810880.0000, Nabc0=35.8375, Ndef0=9.8942, Nabc1=23.9845, Ndef1=18.2035, Nabc2=24.5858, Ndef2=-12.4896, ucell0=27.3175, ucell1=32.6550, ucell2=34.2922, ucell3=1.5622, ucell4=1.2534, ucell5=1.2078, 
DEBUG:diffBragg.main:Hop=0 |it=117 | t/it=0.0567sF=   2100623 sigZ=  21.67304 (Fracs of F: LogLike: 100.0%; ), |g|=   5416480
DEBUG:diffBragg.main:RotXYZ0_xtal0_deg=-0.0061, RotXYZ1_xtal0_deg=-0.0180, RotXYZ2_xtal0_deg=-0.0021, G_xtal0=208981666860256672.0000, Nabc0=35.4942, Ndef0=10.1196, Nabc1=23.8710, Ndef1=18.3410, Nabc2=24.6572, Ndef2=-11.8919, ucell0=27.3187, ucell1=32.6612, ucell2=34.2941, ucell3=1.5622, ucell4=1.2533, ucell5=1.2080, 
DEBUG:diffBragg.main:Hop=0 |it=118 | t/it=0.0567sF=   2097938 sigZ=  21.65747 (Fracs of F: LogLike: 100.0%; ), |g|=   4910368
DEBUG:diffBragg.main:RotXYZ0_xtal0_deg=-0.0062, RotXYZ1_xtal0_deg=-0.0180, RotXYZ2_xtal0_deg=-0.0021, G_xtal0=209196968060623104.0000, Nabc0=35.3944, Ndef0=10.0877, Nabc1=23.8509, Ndef1=18.3486, Nabc2=24.5937, Ndef2=-11.8472, ucell0=27.3186, ucell1=32.6631, ucell2=34.2943, ucell3=1.5623, ucell4=1.2533, ucell5=1.2081, 
DEBUG:diffBragg.main:Hop=0 |it=119 | t/it=0.0567sF=   2096342 sigZ=  21.64854 (Fracs of F: LogLike: 100.0%; ), |g|=   3872233
DEBUG:diffBragg.main:RotXYZ0_xtal0_deg=-0.0062, RotXYZ1_xtal0_deg=-0.0182, RotXYZ2_xtal0_deg=-0.0021, G_xtal0=210646688697369728.0000, Nabc0=35.4040, Ndef0=10.0293, Nabc1=23.9101, Ndef1=18.4188, Nabc2=24.5183, Ndef2=-11.7841, ucell0=27.3177, ucell1=32.6661, ucell2=34.2944, ucell3=1.5624, ucell4=1.2533, ucell5=1.2081, 
DEBUG:diffBragg.main:Hop=0 |it=120 | t/it=0.0567sF=   2094669 sigZ=   21.6365 (Fracs of F: LogLike: 100.0%; ), |g|=   3792148
DEBUG:diffBragg.main:RotXYZ0_xtal0_deg=-0.0062, RotXYZ1_xtal0_deg=-0.0185, RotXYZ2_xtal0_deg=-0.0021, G_xtal0=212789504000498528.0000, Nabc0=35.3963, Ndef0=9.9408, Nabc1=24.1025, Ndef1=18.5773, Nabc2=24.3929, Ndef2=-11.6428, ucell0=27.3165, ucell1=32.6703, ucell2=34.2946, ucell3=1.5626, ucell4=1.2533, ucell5=1.2081, 
DEBUG:diffBragg.main:Hop=0 |it=121 | t/it=0.0567sF=   2090945 sigZ=  21.61065 (Fracs of F: LogLike: 100.0%; ), |g|=   4762935
DEBUG:diffBragg.main:RotXYZ0_xtal0_deg=-0.0063, RotXYZ1_xtal0_deg=-0.0189, RotXYZ2_xtal0_deg=-0.0021, G_xtal0=215251658740062016.0000, Nabc0=35.2836, Ndef0=9.8251, Nabc1=24.5884, Ndef1=18.9089, Nabc2=24.1874, Ndef2=-11.3678, ucell0=27.3149, ucell1=32.6751, ucell2=34.2942, ucell3=1.5629, ucell4=1.2534, ucell5=1.2081, 
DEBUG:diffBragg.main:Hop=0 |it=122 | t/it=0.0567sF=   2083297 sigZ=  21.56443 (Fracs of F: LogLike: 100.0%; ), |g|=   7571814
DEBUG:diffBragg.main:RotXYZ0_xtal0_deg=-0.0064, RotXYZ1_xtal0_deg=-0.0196, RotXYZ2_xtal0_deg=-0.0020, G_xtal0=219214487007151456.0000, Nabc0=35.0421, Ndef0=9.6574, Nabc1=25.8066, Ndef1=19.6322, Nabc2=23.8289, Ndef2=-10.8648, ucell0=27.3132, ucell1=32.6796, ucell2=34.2932, ucell3=1.5635, ucell4=1.2534, ucell5=1.2081, 
DEBUG:diffBragg.main:Hop=0 |it=123 | t/it=0.0567sF=   2068217 sigZ=  21.48018 (Fracs of F: LogLike: 100.0%; ), |g|=1.171183e+07
DEBUG:diffBragg.main:RotXYZ0_xtal0_deg=-0.0064, RotXYZ1_xtal0_deg=-0.0205, RotXYZ2_xtal0_deg=-0.0019, G_xtal0=222879112380670080.0000, Nabc0=34.3373, Ndef0=9.4377, Nabc1=27.8931, Ndef1=20.4055, Nabc2=23.1657, Ndef2=-10.3747, ucell0=27.3119, ucell1=32.6716, ucell2=34.2868, ucell3=1.5642, ucell4=1.2534, ucell5=1.2079, 
DEBUG:diffBragg.main:Hop=0 |it=124 | t/it=0.0567sF=   2047466 sigZ=  21.35476 (Fracs of F: LogLike: 100.0%; ), |g|=1.773924e+07
DEBUG:diffBragg.main:RotXYZ0_xtal0_deg=-0.0065, RotXYZ1_xtal0_deg=-0.0213, RotXYZ2_xtal0_deg=-0.0018, G_xtal0=220636387208948608.0000, Nabc0=33.5245, Ndef0=9.7258, Nabc1=30.8981, Ndef1=21.7827, Nabc2=22.8014, Ndef2=-9.4271, ucell0=27.3128, ucell1=32.6590, ucell2=34.2825, ucell3=1.5648, ucell4=1.2534, ucell5=1.2078, 
DEBUG:diffBragg.main:Hop=0 |it=125 | t/it=0.0567sF=   2024072 sigZ=  21.25462 (Fracs of F: LogLike: 100.0%; ), |g|=1.662799e+07
DEBUG:diffBragg.main:RotXYZ0_xtal0_deg=-0.0063, RotXYZ1_xtal0_deg=-0.0210, RotXYZ2_xtal0_deg=-0.0018, G_xtal0=218247142412057248.0000, Nabc0=33.5492, Ndef0=9.8220, Nabc1=30.9758, Ndef1=21.5683, Nabc2=22.9270, Ndef2=-9.9282, ucell0=27.3154, ucell1=32.6461, ucell2=34.2772, ucell3=1.5645, ucell4=1.2535, ucell5=1.2077, 
DEBUG:diffBragg.main:Hop=0 |it=126 | t/it=0.0567sF=   2007469 sigZ=  21.18505 (Fracs of F: LogLike: 100.0%; ), |g|=   8313787
DEBUG:diffBragg.main:RotXYZ0_xtal0_deg=-0.0063, RotXYZ1_xtal0_deg=-0.0203, RotXYZ2_xtal0_deg=-0.0019, G_xtal0=208174987291506592.0000, Nabc0=32.7007, Ndef0=10.0433, Nabc1=30.3604, Ndef1=21.3480, Nabc2=23.0252, Ndef2=-9.5322, ucell0=27.3226, ucell1=32.6423, ucell2=34.2735, ucell3=1.5641, ucell4=1.2533, ucell5=1.2079, 
DEBUG:diffBragg.main:Hop=0 |it=127 | t/it=0.0567sF=   2007435 sigZ=  21.18747 (Fracs of F: LogLike: 100.0%; ), |g|=1.148394e+07
DEBUG:diffBragg.main:RotXYZ0_xtal0_deg=-0.0063, RotXYZ1_xtal0_deg=-0.0207, RotXYZ2_xtal0_deg=-0.0019, G_xtal0=213200999322958752.0000, Nabc0=33.1247, Ndef0=9.9324, Nabc1=30.6681, Ndef1=21.4584, Nabc2=22.9759, Ndef2=-9.7307, ucell0=27.3190, ucell1=32.6442, ucell2=34.2754, ucell3=1.5643, ucell4=1.2534, ucell5=1.2078, 
DEBUG:diffBragg.main:Hop=0 |it=128 | t/it=0.0567sF=   2002488 sigZ=  21.15863 (Fracs of F: LogLike: 100.0%; ), |g|=   4349804
DEBUG:diffBragg.main:RotXYZ0_xtal0_deg=-0.0063, RotXYZ1_xtal0_deg=-0.0206, RotXYZ2_xtal0_deg=-0.0018, G_xtal0=212124289399879584.0000, Nabc0=32.9802, Ndef0=9.9664, Nabc1=30.9612, Ndef1=21.5014, Nabc2=22.9401, Ndef2=-9.6898, ucell0=27.3196, ucell1=32.6392, ucell2=34.2737, ucell3=1.5643, ucell4=1.2534, ucell5=1.2078, 
DEBUG:diffBragg.main:Hop=0 |it=129 | t/it=0.0567sF=   2001659 sigZ=  21.15212 (Fracs of F: LogLike: 100.0%; ), |g|=   1114702
DEBUG:diffBragg.main:RotXYZ0_xtal0_deg=-0.0063, RotXYZ1_xtal0_deg=-0.0207, RotXYZ2_xtal0_deg=-0.0018, G_xtal0=212684279941524352.0000, Nabc0=33.0042, Ndef0=9.9497, Nabc1=30.9060, Ndef1=21.4924, Nabc2=22.9187, Ndef2=-9.6937, ucell0=27.3193, ucell1=32.6401, ucell2=34.2737, ucell3=1.5643, ucell4=1.2534, ucell5=1.2078, 
DEBUG:diffBragg.main:Hop=0 |it=130 | t/it=0.0567sF=   2001457 sigZ=  21.15092 (Fracs of F: LogLike: 100.0%; ), |g|=  983693.2
DEBUG:diffBragg.main:RotXYZ0_xtal0_deg=-0.0064, RotXYZ1_xtal0_deg=-0.0208, RotXYZ2_xtal0_deg=-0.0018, G_xtal0=215115122593360928.0000, Nabc0=33.1003, Ndef0=9.8877, Nabc1=30.7755, Ndef1=21.4242, Nabc2=22.8068, Ndef2=-9.7567, ucell0=27.3186, ucell1=32.6415, ucell2=34.2733, ucell3=1.5644, ucell4=1.2534, ucell5=1.2078, 
DEBUG:diffBragg.main:Hop=0 |it=131 | t/it=0.0567sF=   2000861 sigZ=   21.1458 (Fracs of F: LogLike: 100.0%; ), |g|=   2158196
DEBUG:diffBragg.main:RotXYZ0_xtal0_deg=-0.0064, RotXYZ1_xtal0_deg=-0.0211, RotXYZ2_xtal0_deg=-0.0018, G_xtal0=218220774051106720.0000, Nabc0=33.1750, Ndef0=9.8310, Nabc1=30.6913, Ndef1=21.3620, Nabc2=22.6291, Ndef2=-9.8010, ucell0=27.3179, ucell1=32.6424, ucell2=34.2721, ucell3=1.5645, ucell4=1.2535, ucell5=1.2077, 
DEBUG:diffBragg.main:Hop=0 |it=132 | t/it=0.0567sF=   2000248 sigZ=  21.14135 (Fracs of F: LogLike: 100.0%; ), |g|=   2058461
DEBUG:diffBragg.main:RotXYZ0_xtal0_deg=-0.0064, RotXYZ1_xtal0_deg=-0.0213, RotXYZ2_xtal0_deg=-0.0018, G_xtal0=221949162742363712.0000, Nabc0=33.2441, Ndef0=9.7887, Nabc1=30.6621, Ndef1=21.2227, Nabc2=22.3888, Ndef2=-9.8742, ucell0=27.3174, ucell1=32.6417, ucell2=34.2702, ucell3=1.5646, ucell4=1.2535, ucell5=1.2077, 
DEBUG:diffBragg.main:Hop=0 |it=133 | t/it=0.0567sF=   1999704 sigZ=  21.13198 (Fracs of F: LogLike: 100.0%; ), |g|=   2996998
DEBUG:diffBragg.main:RotXYZ0_xtal0_deg=-0.0064, RotXYZ1_xtal0_deg=-0.0214, RotXYZ2_xtal0_deg=-0.0018, G_xtal0=222377566141075552.0000, Nabc0=33.2057, Ndef0=9.8280, Nabc1=30.7726, Ndef1=21.2542, Nabc2=22.3211, Ndef2=-9.8060, ucell0=27.3177, ucell1=32.6413, ucell2=34.2697, ucell3=1.5647, ucell4=1.2535, ucell5=1.2077, 
DEBUG:diffBragg.main:Hop=0 |it=134 | t/it=0.0567sF=   1999311 sigZ=  21.12984 (Fracs of F: LogLike: 100.0%; ), |g|=  950380.2
DEBUG:diffBragg.main:RotXYZ0_xtal0_deg=-0.0064, RotXYZ1_xtal0_deg=-0.0215, RotXYZ2_xtal0_deg=-0.0018, G_xtal0=222102673647063360.0000, Nabc0=33.1739, Ndef0=9.8820, Nabc1=30.8706, Ndef1=21.2788, Nabc2=22.3055, Ndef2=-9.7518, ucell0=27.3180, ucell1=32.6407, ucell2=34.2694, ucell3=1.5647, ucell4=1.2535, ucell5=1.2077, 
DEBUG:diffBragg.main:Hop=0 |it=135 | t/it=0.0567sF=   1999142 sigZ=  21.12909 (Fracs of F: LogLike: 100.0%; ), |g|=   1373713
DEBUG:diffBragg.main:RotXYZ0_xtal0_deg=-0.0064, RotXYZ1_xtal0_deg=-0.0215, RotXYZ2_xtal0_deg=-0.0018, G_xtal0=222096389559263328.0000, Nabc0=33.1568, Ndef0=9.9332, Nabc1=30.9814, Ndef1=21.3059, Nabc2=22.2778, Ndef2=-9.6999, ucell0=27.3181, ucell1=32.6402, ucell2=34.2691, ucell3=1.5647, ucell4=1.2535, ucell5=1.2077, 
DEBUG:diffBragg.main:Hop=0 |it=136 | t/it=0.0567sF=   1998972 sigZ=  21.12842 (Fracs of F: LogLike: 100.0%; ), |g|=   1731439
DEBUG:diffBragg.main:RotXYZ0_xtal0_deg=-0.0064, RotXYZ1_xtal0_deg=-0.0217, RotXYZ2_xtal0_deg=-0.0018, G_xtal0=222488910671883392.0000, Nabc0=33.1590, Ndef0=10.0658, Nabc1=31.2250, Ndef1=21.3551, Nabc2=22.1966, Ndef2=-9.5835, ucell0=27.3180, ucell1=32.6394, ucell2=34.2684, ucell3=1.5647, ucell4=1.2535, ucell5=1.2077, 
DEBUG:diffBragg.main:Hop=0 |it=137 | t/it=0.0567sF=   1998526 sigZ=  21.12679 (Fracs of F: LogLike: 100.0%; ), |g|=   1955506
DEBUG:diffBragg.main:RotXYZ0_xtal0_deg=-0.0065, RotXYZ1_xtal0_deg=-0.0220, RotXYZ2_xtal0_deg=-0.0018, G_xtal0=222634192989130400.0000, Nabc0=33.2315, Ndef0=10.4937, Nabc1=31.1348, Ndef1=21.2114, Nabc2=22.0569, Ndef2=-9.3600, ucell0=27.3181, ucell1=32.6402, ucell2=34.2690, ucell3=1.5647, ucell4=1.2535, ucell5=1.2077, 
DEBUG:diffBragg.main:Hop=0 |it=138 | t/it=0.0567sF=   1998738 sigZ=   21.1339 (Fracs of F: LogLike: 100.0%; ), |g|=   9432881
DEBUG:diffBragg.main:RotXYZ0_xtal0_deg=-0.0064, RotXYZ1_xtal0_deg=-0.0218, RotXYZ2_xtal0_deg=-0.0018, G_xtal0=222553598490593056.0000, Nabc0=33.1913, Ndef0=10.2563, Nabc1=31.1848, Ndef1=21.2911, Nabc2=22.1343, Ndef2=-9.4840, ucell0=27.3181, ucell1=32.6398, ucell2=34.2687, ucell3=1.5647, ucell4=1.2535, ucell5=1.2077, 
DEBUG:diffBragg.main:Hop=0 |it=139 | t/it=0.0567sF=   1998157 sigZ=  21.12739 (Fracs of F: LogLike: 100.0%; ), |g|=   4842563
DEBUG:diffBragg.main:RotXYZ0_xtal0_deg=-0.0065, RotXYZ1_xtal0_deg=-0.0221, RotXYZ2_xtal0_deg=-0.0018, G_xtal0=222647219576182208.0000, Nabc0=33.2339, Ndef0=10.5052, Nabc1=31.3525, Ndef1=21.2824, Nabc2=22.0364, Ndef2=-9.2929, ucell0=27.3180, ucell1=32.6391, ucell2=34.2684, ucell3=1.5647, ucell4=1.2535, ucell5=1.2077, 
DEBUG:diffBragg.main:Hop=0 |it=140 | t/it=0.0567sF=   1997323 sigZ=   21.1219 (Fracs of F: LogLike: 100.0%; ), |g|=   3000930
DEBUG:diffBragg.main:RotXYZ0_xtal0_deg=-0.0065, RotXYZ1_xtal0_deg=-0.0223, RotXYZ2_xtal0_deg=-0.0018, G_xtal0=223160503465824704.0000, Nabc0=33.3709, Ndef0=10.7780, Nabc1=31.2890, Ndef1=21.1649, Nabc2=21.9326, Ndef2=-9.1410, ucell0=27.3176, ucell1=32.6392, ucell2=34.2690, ucell3=1.5646, ucell4=1.2535, ucell5=1.2077, 
DEBUG:diffBragg.main:Hop=0 |it=141 | t/it=0.0567sF=   1996367 sigZ=  21.11462 (Fracs of F: LogLike: 100.0%; ), |g|=   1530959
DEBUG:diffBragg.main:RotXYZ0_xtal0_deg=-0.0065, RotXYZ1_xtal0_deg=-0.0224, RotXYZ2_xtal0_deg=-0.0018, G_xtal0=223216581007011360.0000, Nabc0=33.5190, Ndef0=10.9596, Nabc1=31.0637, Ndef1=21.0295, Nabc2=21.9000, Ndef2=-9.0938, ucell0=27.3173, ucell1=32.6396, ucell2=34.2706, ucell3=1.5645, ucell4=1.2535, ucell5=1.2077, 
DEBUG:diffBragg.main:Hop=0 |it=142 | t/it=0.0567sF=   1995821 sigZ=  21.11239 (Fracs of F: LogLike: 100.0%; ), |g|=   1649364
DEBUG:diffBragg.main:RotXYZ0_xtal0_deg=-0.0065, RotXYZ1_xtal0_deg=-0.0224, RotXYZ2_xtal0_deg=-0.0018, G_xtal0=223526512068570656.0000, Nabc0=33.6436, Ndef0=10.9884, Nabc1=30.8264, Ndef1=20.8840, Nabc2=21.9067, Ndef2=-9.1742, ucell0=27.3170, ucell1=32.6397, ucell2=34.2714, ucell3=1.5644, ucell4=1.2535, ucell5=1.2077, 
DEBUG:diffBragg.main:Hop=0 |it=143 | t/it=0.0567sF=   1995607 sigZ=   21.1088 (Fracs of F: LogLike: 100.0%; ), |g|=   1616978
DEBUG:diffBragg.main:RotXYZ0_xtal0_deg=-0.0065, RotXYZ1_xtal0_deg=-0.0224, RotXYZ2_xtal0_deg=-0.0018, G_xtal0=223951541592868608.0000, Nabc0=33.6778, Ndef0=10.9641, Nabc1=30.7908, Ndef1=20.8604, Nabc2=21.8903, Ndef2=-9.2383, ucell0=27.3171, ucell1=32.6391, ucell2=34.2713, ucell3=1.5644, ucell4=1.2535, ucell5=1.2077, 
DEBUG:diffBragg.main:Hop=0 |it=144 | t/it=0.0567sF=   1995442 sigZ=  21.11035 (Fracs of F: LogLike: 100.0%; ), |g|=  933989.9
DEBUG:diffBragg.main:RotXYZ0_xtal0_deg=-0.0065, RotXYZ1_xtal0_deg=-0.0224, RotXYZ2_xtal0_deg=-0.0018, G_xtal0=224239699014770144.0000, Nabc0=33.7118, Ndef0=10.9456, Nabc1=30.8038, Ndef1=20.8403, Nabc2=21.8822, Ndef2=-9.3073, ucell0=27.3172, ucell1=32.6380, ucell2=34.2711, ucell3=1.5644, ucell4=1.2535, ucell5=1.2077, 
DEBUG:diffBragg.main:Hop=0 |it=145 | t/it=0.0567sF=   1995317 sigZ=  21.11107 (Fracs of F: LogLike: 100.0%; ), |g|=  612580.9
DEBUG:diffBragg.main:RotXYZ0_xtal0_deg=-0.0065, RotXYZ1_xtal0_deg=-0.0225, RotXYZ2_xtal0_deg=-0.0018, G_xtal0=224346292655639040.0000, Nabc0=33.7374, Ndef0=10.9418, Nabc1=30.8237, Ndef1=20.8171, Nabc2=21.8763, Ndef2=-9.3581, ucell0=27.3173, ucell1=32.6370, ucell2=34.2709, ucell3=1.5644, ucell4=1.2535, ucell5=1.2077, 
DEBUG:diffBragg.main:Hop=0 |it=146 | t/it=0.0567sF=   1995250 sigZ=  21.11127 (Fracs of F: LogLike: 100.0%; ), |g|=  624182.3
DEBUG:diffBragg.main:RotXYZ0_xtal0_deg=-0.0064, RotXYZ1_xtal0_deg=-0.0226, RotXYZ2_xtal0_deg=-0.0018, G_xtal0=224331980857581920.0000, Nabc0=33.7888, Ndef0=11.0120, Nabc1=30.9387, Ndef1=20.8022, Nabc2=21.8458, Ndef2=-9.3786, ucell0=27.3174, ucell1=32.6345, ucell2=34.2702, ucell3=1.5643, ucell4=1.2535, ucell5=1.2076, 
DEBUG:diffBragg.main:Hop=0 |it=147 | t/it=0.0567sF=   1995334 sigZ=   21.1138 (Fracs of F: LogLike: 100.0%; ), |g|=   3111913
DEBUG:diffBragg.main:RotXYZ0_xtal0_deg=-0.0065, RotXYZ1_xtal0_deg=-0.0225, RotXYZ2_xtal0_deg=-0.0018, G_xtal0=224341135223158240.0000, Nabc0=33.7559, Ndef0=10.9671, Nabc1=30.8651, Ndef1=20.8117, Nabc2=21.8653, Ndef2=-9.3655, ucell0=27.3173, ucell1=32.6361, ucell2=34.2707, ucell3=1.5644, ucell4=1.2535, ucell5=1.2077, 
DEBUG:diffBragg.main:Hop=0 |it=148 | t/it=0.0567sF=   1995215 sigZ=  21.11182 (Fracs of F: LogLike: 100.0%; ), |g|=   1148475
DEBUG:diffBragg.main:RotXYZ0_xtal0_deg=-0.0064, RotXYZ1_xtal0_deg=-0.0225, RotXYZ2_xtal0_deg=-0.0018, G_xtal0=224207370176407264.0000, Nabc0=33.7678, Ndef0=10.9817, Nabc1=30.8754, Ndef1=20.7946, Nabc2=21.8648, Ndef2=-9.3809, ucell0=27.3174, ucell1=32.6355, ucell2=34.2705, ucell3=1.5643, ucell4=1.2535, ucell5=1.2077, 
DEBUG:diffBragg.main:Hop=0 |it=149 | t/it=0.0567sF=   1995157 sigZ=  21.11168 (Fracs of F: LogLike: 100.0%; ), |g|=  632781.4
DEBUG:diffBragg.main:RotXYZ0_xtal0_deg=-0.0064, RotXYZ1_xtal0_deg=-0.0226, RotXYZ2_xtal0_deg=-0.0018, G_xtal0=223849689978051168.0000, Nabc0=33.7735, Ndef0=11.0119, Nabc1=30.8817, Ndef1=20.7774, Nabc2=21.8679, Ndef2=-9.3777, ucell0=27.3175, ucell1=32.6348, ucell2=34.2705, ucell3=1.5643, ucell4=1.2535, ucell5=1.2077, 
DEBUG:diffBragg.main:Added 0 pixels from 0 shoeboxes to the untrusted list (8700 / 8700 trusted pixels remain)
DEBUG:diffBragg.main:Hop=0 |it=150 | t/it=0.0567sF=   1995100 sigZ=  21.11145 (Fracs of F: LogLike: 100.0%; ), |g|=  522784.1
DEBUG:diffBragg.main:RotXYZ0_xtal0_deg=-0.0065, RotXYZ1_xtal0_deg=-0.0226, RotXYZ2_xtal0_deg=-0.0018, G_xtal0=223376862277303904.0000, Nabc0=33.7660, Ndef0=11.0160, Nabc1=30.8773, Ndef1=20.7712, Nabc2=21.8827, Ndef2=-9.3782, ucell0=27.3177, ucell1=32.6344, ucell2=34.2705, ucell3=1.5643, ucell4=1.2535, ucell5=1.2077, 
DEBUG:diffBragg.main:Hop=0 |it=151 | t/it=0.0567sF=   1995047 sigZ=  21.11099 (Fracs of F: LogLike: 100.0%; ), |g|=   1024907
DEBUG:diffBragg.main:RotXYZ0_xtal0_deg=-0.0065, RotXYZ1_xtal0_deg=-0.0226, RotXYZ2_xtal0_deg=-0.0018, G_xtal0=222340167444191296.0000, Nabc0=33.7445, Ndef0=11.0398, Nabc1=30.8602, Ndef1=20.7641, Nabc2=21.9116, Ndef2=-9.3614, ucell0=27.3180, ucell1=32.6339, ucell2=34.2707, ucell3=1.5643, ucell4=1.2535, ucell5=1.2077, 
DEBUG:diffBragg.main:Hop=0 |it=152 | t/it=0.0567sF=   1994923 sigZ=  21.11095 (Fracs of F: LogLike: 100.0%; ), |g|=   1600654
DEBUG:diffBragg.main:RotXYZ0_xtal0_deg=-0.0065, RotXYZ1_xtal0_deg=-0.0228, RotXYZ2_xtal0_deg=-0.0018, G_xtal0=220157836999721376.0000, Nabc0=33.6946, Ndef0=11.0585, Nabc1=30.8181, Ndef1=20.7483, Nabc2=21.9749, Ndef2=-9.3351, ucell0=27.3190, ucell1=32.6328, ucell2=34.2715, ucell3=1.5642, ucell4=1.2534, ucell5=1.2077, 
DEBUG:diffBragg.main:Hop=0 |it=153 | t/it=0.0567sF=   1994656 sigZ=  21.10903 (Fracs of F: LogLike: 100.0%; ), |g|=   2655009
DEBUG:diffBragg.main:RotXYZ0_xtal0_deg=-0.0065, RotXYZ1_xtal0_deg=-0.0230, RotXYZ2_xtal0_deg=-0.0019, G_xtal0=216143309573994176.0000, Nabc0=33.5817, Ndef0=11.0929, Nabc1=30.7402, Ndef1=20.7325, Nabc2=22.0930, Ndef2=-9.2962, ucell0=27.3206, ucell1=32.6315, ucell2=34.2730, ucell3=1.5641, ucell4=1.2534, ucell5=1.2078, 
DEBUG:diffBragg.main:Hop=0 |it=154 | t/it=0.0567sF=   1994275 sigZ=  21.10955 (Fracs of F: LogLike: 100.0%; ), |g|=   2106711
DEBUG:diffBragg.main:RotXYZ0_xtal0_deg=-0.0065, RotXYZ1_xtal0_deg=-0.0233, RotXYZ2_xtal0_deg=-0.0019, G_xtal0=212161142475318784.0000, Nabc0=33.4854, Ndef0=11.0416, Nabc1=30.6325, Ndef1=20.7202, Nabc2=22.1991, Ndef2=-9.3105, ucell0=27.3225, ucell1=32.6295, ucell2=34.2753, ucell3=1.5640, ucell4=1.2533, ucell5=1.2079, 
DEBUG:diffBragg.main:Hop=0 |it=155 | t/it=0.0567sF=   1993816 sigZ=  21.10947 (Fracs of F: LogLike: 100.0%; ), |g|=   2966497
DEBUG:diffBragg.main:RotXYZ0_xtal0_deg=-0.0065, RotXYZ1_xtal0_deg=-0.0233, RotXYZ2_xtal0_deg=-0.0019, G_xtal0=211599461700969952.0000, Nabc0=33.4574, Ndef0=10.9827, Nabc1=30.5820, Ndef1=20.7078, Nabc2=22.2156, Ndef2=-9.3439, ucell0=27.3227, ucell1=32.6298, ucell2=34.2762, ucell3=1.5640, ucell4=1.2532, ucell5=1.2079, 
DEBUG:diffBragg.main:Hop=0 |it=156 | t/it=0.0567sF=   1993407 sigZ=  21.10632 (Fracs of F: LogLike: 100.0%; ), |g|=   1313597
DEBUG:diffBragg.main:RotXYZ0_xtal0_deg=-0.0065, RotXYZ1_xtal0_deg=-0.0234, RotXYZ2_xtal0_deg=-0.0019, G_xtal0=211963860214591104.0000, Nabc0=33.4742, Ndef0=10.9130, Nabc1=30.5624, Ndef1=20.6898, Nabc2=22.1933, Ndef2=-9.4282, ucell0=27.3226, ucell1=32.6294, ucell2=34.2766, ucell3=1.5640, ucell4=1.2532, ucell5=1.2078, 
DEBUG:diffBragg.main:Hop=0 |it=157 | t/it=0.0567sF=   1993144 sigZ=  21.10576 (Fracs of F: LogLike: 100.0%; ), |g|=   1293779
DEBUG:diffBragg.main:RotXYZ0_xtal0_deg=-0.0065, RotXYZ1_xtal0_deg=-0.0235, RotXYZ2_xtal0_deg=-0.0019, G_xtal0=212056236179963872.0000, Nabc0=33.4813, Ndef0=10.8880, Nabc1=30.5616, Ndef1=20.6848, Nabc2=22.1800, Ndef2=-9.4576, ucell0=27.3226, ucell1=32.6292, ucell2=34.2767, ucell3=1.5640, ucell4=1.2532, ucell5=1.2078, 
DEBUG:diffBragg.main:Hop=0 |it=158 | t/it=0.0567sF=   1993060 sigZ=  21.10596 (Fracs of F: LogLike: 100.0%; ), |g|=   1439249
DEBUG:diffBragg.main:RotXYZ0_xtal0_deg=-0.0066, RotXYZ1_xtal0_deg=-0.0238, RotXYZ2_xtal0_deg=-0.0019, G_xtal0=212052154911291296.0000, Nabc0=33.4907, Ndef0=10.7940, Nabc1=30.5502, Ndef1=20.6527, Nabc2=22.1305, Ndef2=-9.5555, ucell0=27.3227, ucell1=32.6281, ucell2=34.2772, ucell3=1.5640, ucell4=1.2532, ucell5=1.2078, 
DEBUG:diffBragg.main:Hop=0 |it=159 | t/it=0.0567sF=   1992678 sigZ=  21.10465 (Fracs of F: LogLike: 100.0%; ), |g|=   1837960
DEBUG:diffBragg.main:RotXYZ0_xtal0_deg=-0.0066, RotXYZ1_xtal0_deg=-0.0246, RotXYZ2_xtal0_deg=-0.0019, G_xtal0=211575356112376896.0000, Nabc0=33.5271, Ndef0=10.6600, Nabc1=30.5461, Ndef1=20.5637, Nabc2=22.0182, Ndef2=-9.7257, ucell0=27.3234, ucell1=32.6243, ucell2=34.2773, ucell3=1.5640, ucell4=1.2531, ucell5=1.2078, 
DEBUG:diffBragg.main:Hop=0 |it=160 | t/it=0.0567sF=   1992071 sigZ=  21.10294 (Fracs of F: LogLike: 100.0%; ), |g|=   3808502
DEBUG:diffBragg.main:RotXYZ0_xtal0_deg=-0.0067, RotXYZ1_xtal0_deg=-0.0257, RotXYZ2_xtal0_deg=-0.0019, G_xtal0=209950329534351488.0000, Nabc0=33.5164, Ndef0=10.5411, Nabc1=30.5176, Ndef1=20.4494, Nabc2=21.9089, Ndef2=-9.8557, ucell0=27.3250, ucell1=32.6207, ucell2=34.2780, ucell3=1.5640, ucell4=1.2530, ucell5=1.2079, 
DEBUG:diffBragg.main:Hop=0 |it=161 | t/it=0.0567sF=   1990935 sigZ=  21.09705 (Fracs of F: LogLike: 100.0%; ), |g|=   2983763
DEBUG:diffBragg.main:RotXYZ0_xtal0_deg=-0.0069, RotXYZ1_xtal0_deg=-0.0277, RotXYZ2_xtal0_deg=-0.0019, G_xtal0=207457683571718432.0000, Nabc0=33.5249, Ndef0=10.4075, Nabc1=30.5009, Ndef1=20.2155, Nabc2=21.6524, Ndef2=-10.0440, ucell0=27.3281, ucell1=32.6130, ucell2=34.2782, ucell3=1.5640, ucell4=1.2529, ucell5=1.2080, 
DEBUG:diffBragg.main:Hop=0 |it=162 | t/it=0.0567sF=   1988660 sigZ=  21.08488 (Fracs of F: LogLike: 100.0%; ), |g|=   4825128
DEBUG:diffBragg.main:RotXYZ0_xtal0_deg=-0.0072, RotXYZ1_xtal0_deg=-0.0308, RotXYZ2_xtal0_deg=-0.0019, G_xtal0=204201869133709920.0000, Nabc0=33.5350, Ndef0=10.2817, Nabc1=30.4869, Ndef1=19.8718, Nabc2=21.2535, Ndef2=-10.2487, ucell0=27.3332, ucell1=32.6019, ucell2=34.2777, ucell3=1.5640, ucell4=1.2527, ucell5=1.2082, 
DEBUG:diffBragg.main:Hop=0 |it=163 | t/it=0.0567sF=   1985877 sigZ=   21.0692 (Fracs of F: LogLike: 100.0%; ), |g|=   6021275
DEBUG:diffBragg.main:RotXYZ0_xtal0_deg=-0.0073, RotXYZ1_xtal0_deg=-0.0326, RotXYZ2_xtal0_deg=-0.0019, G_xtal0=202908911593199296.0000, Nabc0=33.4922, Ndef0=10.1911, Nabc1=30.4395, Ndef1=19.7084, Nabc2=21.0116, Ndef2=-10.2706, ucell0=27.3365, ucell1=32.5982, ucell2=34.2772, ucell3=1.5641, ucell4=1.2526, ucell5=1.2083, 
DEBUG:diffBragg.main:Hop=0 |it=164 | t/it=0.0567sF=   1984000 sigZ=  21.05473 (Fracs of F: LogLike: 100.0%; ), |g|=   5145989
DEBUG:diffBragg.main:RotXYZ0_xtal0_deg=-0.0075, RotXYZ1_xtal0_deg=-0.0347, RotXYZ2_xtal0_deg=-0.0020, G_xtal0=199994971869496160.0000, Nabc0=33.3829, Ndef0=10.1259, Nabc1=30.3590, Ndef1=19.6036, Nabc2=20.7937, Ndef2=-10.2916, ucell0=27.3399, ucell1=32.5934, ucell2=34.2779, ucell3=1.5642, ucell4=1.2525, ucell5=1.2085, 
DEBUG:diffBragg.main:Hop=0 |it=165 | t/it=0.0567sF=   1983127 sigZ=   21.0576 (Fracs of F: LogLike: 100.0%; ), |g|=   3872320
DEBUG:diffBragg.main:RotXYZ0_xtal0_deg=-0.0075, RotXYZ1_xtal0_deg=-0.0345, RotXYZ2_xtal0_deg=-0.0020, G_xtal0=199823111564766592.0000, Nabc0=33.3383, Ndef0=10.0638, Nabc1=30.3030, Ndef1=19.6218, Nabc2=20.8476, Ndef2=-10.2485, ucell0=27.3397, ucell1=32.5954, ucell2=34.2787, ucell3=1.5642, ucell4=1.2525, ucell5=1.2085, 
DEBUG:diffBragg.main:Hop=0 |it=166 | t/it=0.0567sF=   1982438 sigZ=  21.04686 (Fracs of F: LogLike: 100.0%; ), |g|=   1667989
DEBUG:diffBragg.main:RotXYZ0_xtal0_deg=-0.0076, RotXYZ1_xtal0_deg=-0.0347, RotXYZ2_xtal0_deg=-0.0020, G_xtal0=199060978490996800.0000, Nabc0=33.2862, Ndef0=10.0054, Nabc1=30.2553, Ndef1=19.6143, Nabc2=20.8426, Ndef2=-10.2321, ucell0=27.3400, ucell1=32.5958, ucell2=34.2795, ucell3=1.5642, ucell4=1.2524, ucell5=1.2085, 
DEBUG:diffBragg.main:Hop=0 |it=167 | t/it=0.0567sF=   1982140 sigZ=  21.04265 (Fracs of F: LogLike: 100.0%; ), |g|=   1234135
DEBUG:diffBragg.main:RotXYZ0_xtal0_deg=-0.0076, RotXYZ1_xtal0_deg=-0.0354, RotXYZ2_xtal0_deg=-0.0020, G_xtal0=197852567991998176.0000, Nabc0=33.1856, Ndef0=9.9167, Nabc1=30.1755, Ndef1=19.6361, Nabc2=20.8002, Ndef2=-10.1449, ucell0=27.3405, ucell1=32.5963, ucell2=34.2807, ucell3=1.5643, ucell4=1.2524, ucell5=1.2086, 
DEBUG:diffBragg.main:Hop=0 |it=168 | t/it=0.0567sF=   1982070 sigZ=  21.03901 (Fracs of F: LogLike: 100.0%; ), |g|=   3377895
DEBUG:diffBragg.main:RotXYZ0_xtal0_deg=-0.0076, RotXYZ1_xtal0_deg=-0.0355, RotXYZ2_xtal0_deg=-0.0020, G_xtal0=197595228813098752.0000, Nabc0=33.1775, Ndef0=9.9221, Nabc1=30.1745, Ndef1=19.6121, Nabc2=20.7890, Ndef2=-10.1710, ucell0=27.3406, ucell1=32.5960, ucell2=34.2808, ucell3=1.5643, ucell4=1.2524, ucell5=1.2086, 
DEBUG:diffBragg.main:Hop=0 |it=169 | t/it=0.0567sF=   1981799 sigZ=  21.03904 (Fracs of F: LogLike: 100.0%; ), |g|=    637554
DEBUG:diffBragg.main:RotXYZ0_xtal0_deg=-0.0076, RotXYZ1_xtal0_deg=-0.0354, RotXYZ2_xtal0_deg=-0.0020, G_xtal0=197834373264574016.0000, Nabc0=33.1805, Ndef0=9.9442, Nabc1=30.1837, Ndef1=19.6239, Nabc2=20.7928, Ndef2=-10.1581, ucell0=27.3404, ucell1=32.5963, ucell2=34.2807, ucell3=1.5643, ucell4=1.2524, ucell5=1.2086, 
DEBUG:diffBragg.main:Hop=0 |it=170 | t/it=0.0567sF=   1981757 sigZ=  21.03957 (Fracs of F: LogLike: 100.0%; ), |g|=  543916.8
DEBUG:diffBragg.main:RotXYZ0_xtal0_deg=-0.0076, RotXYZ1_xtal0_deg=-0.0353, RotXYZ2_xtal0_deg=-0.0020, G_xtal0=198591360619543072.0000, Nabc0=33.1798, Ndef0=10.0076, Nabc1=30.2073, Ndef1=19.6586, Nabc2=20.7932, Ndef2=-10.1024, ucell0=27.3399, ucell1=32.5974, ucell2=34.2804, ucell3=1.5643, ucell4=1.2524, ucell5=1.2086, 
DEBUG:diffBragg.main:Hop=0 |it=171 | t/it=0.0567sF=   1981647 sigZ=  21.04024 (Fracs of F: LogLike: 100.0%; ), |g|=  988764.9
DEBUG:diffBragg.main:RotXYZ0_xtal0_deg=-0.0076, RotXYZ1_xtal0_deg=-0.0352, RotXYZ2_xtal0_deg=-0.0020, G_xtal0=199351128215030528.0000, Nabc0=33.1794, Ndef0=10.0610, Nabc1=30.2295, Ndef1=19.6822, Nabc2=20.7855, Ndef2=-10.0499, ucell0=27.3393, ucell1=32.5982, ucell2=34.2802, ucell3=1.5643, ucell4=1.2524, ucell5=1.2086, 
DEBUG:diffBragg.main:Hop=0 |it=172 | t/it=0.0567sF=   1981528 sigZ=  21.03948 (Fracs of F: LogLike: 100.0%; ), |g|=   1359279
DEBUG:diffBragg.main:RotXYZ0_xtal0_deg=-0.0076, RotXYZ1_xtal0_deg=-0.0354, RotXYZ2_xtal0_deg=-0.0020, G_xtal0=201409916978039200.0000, Nabc0=33.1710, Ndef0=10.1963, Nabc1=30.2922, Ndef1=19.7012, Nabc2=20.6935, Ndef2=-9.9138, ucell0=27.3386, ucell1=32.5995, ucell2=34.2800, ucell3=1.5644, ucell4=1.2525, ucell5=1.2086, 
DEBUG:diffBragg.main:Hop=0 |it=173 | t/it=0.0567sF=   1981254 sigZ=  21.03666 (Fracs of F: LogLike: 100.0%; ), |g|=   1964812
DEBUG:diffBragg.main:RotXYZ0_xtal0_deg=-0.0076, RotXYZ1_xtal0_deg=-0.0351, RotXYZ2_xtal0_deg=-0.0020, G_xtal0=203628874549160544.0000, Nabc0=33.1927, Ndef0=10.3242, Nabc1=30.3646, Ndef1=19.7322, Nabc2=20.6623, Ndef2=-9.8099, ucell0=27.3372, ucell1=32.6009, ucell2=34.2797, ucell3=1.5644, ucell4=1.2525, ucell5=1.2085, 
DEBUG:diffBragg.main:Hop=0 |it=174 | t/it=0.0567sF=   1980986 sigZ=  21.03256 (Fracs of F: LogLike: 100.0%; ), |g|=   1280717
DEBUG:diffBragg.main:RotXYZ0_xtal0_deg=-0.0076, RotXYZ1_xtal0_deg=-0.0354, RotXYZ2_xtal0_deg=-0.0020, G_xtal0=203810964260543424.0000, Nabc0=33.2055, Ndef0=10.3269, Nabc1=30.3832, Ndef1=19.6894, Nabc2=20.6162, Ndef2=-9.8293, ucell0=27.3375, ucell1=32.5997, ucell2=34.2798, ucell3=1.5643, ucell4=1.2525, ucell5=1.2085, 
DEBUG:diffBragg.main:Hop=0 |it=175 | t/it=0.0567sF=   1980799 sigZ=  21.02963 (Fracs of F: LogLike: 100.0%; ), |g|=  583422.7
DEBUG:diffBragg.main:RotXYZ0_xtal0_deg=-0.0077, RotXYZ1_xtal0_deg=-0.0360, RotXYZ2_xtal0_deg=-0.0020, G_xtal0=203787224457964768.0000, Nabc0=33.2222, Ndef0=10.3193, Nabc1=30.4097, Ndef1=19.6079, Nabc2=20.5241, Ndef2=-9.8810, ucell0=27.3384, ucell1=32.5971, ucell2=34.2798, ucell3=1.5643, ucell4=1.2525, ucell5=1.2085, 
DEBUG:diffBragg.main:Hop=0 |it=176 | t/it=0.0567sF=   1980619 sigZ=  21.02722 (Fracs of F: LogLike: 100.0%; ), |g|=   1322021
DEBUG:diffBragg.main:RotXYZ0_xtal0_deg=-0.0077, RotXYZ1_xtal0_deg=-0.0367, RotXYZ2_xtal0_deg=-0.0020, G_xtal0=203395966872438624.0000, Nabc0=33.2120, Ndef0=10.2918, Nabc1=30.4071, Ndef1=19.5503, Nabc2=20.4479, Ndef2=-9.9199, ucell0=27.3392, ucell1=32.5951, ucell2=34.2802, ucell3=1.5643, ucell4=1.2524, ucell5=1.2085, 
DEBUG:diffBragg.main:Hop=0 |it=177 | t/it=0.0567sF=   1980514 sigZ=  21.02666 (Fracs of F: LogLike: 100.0%; ), |g|=   1329345
DEBUG:diffBragg.main:RotXYZ0_xtal0_deg=-0.0078, RotXYZ1_xtal0_deg=-0.0377, RotXYZ2_xtal0_deg=-0.0020, G_xtal0=204312452323593760.0000, Nabc0=33.2559, Ndef0=10.3445, Nabc1=30.5014, Ndef1=19.4171, Nabc2=20.2915, Ndef2=-10.0415, ucell0=27.3401, ucell1=32.5894, ucell2=34.2792, ucell3=1.5642, ucell4=1.2524, ucell5=1.2085, 
DEBUG:diffBragg.main:Hop=0 |it=178 | t/it=0.0567sF=   1980530 sigZ=  21.02992 (Fracs of F: LogLike: 100.0%; ), |g|=   2992674
DEBUG:diffBragg.main:RotXYZ0_xtal0_deg=-0.0078, RotXYZ1_xtal0_deg=-0.0372, RotXYZ2_xtal0_deg=-0.0020, G_xtal0=203842188130303392.0000, Nabc0=33.2334, Ndef0=10.3174, Nabc1=30.4530, Ndef1=19.4854, Nabc2=20.3716, Ndef2=-9.9791, ucell0=27.3396, ucell1=32.5923, ucell2=34.2797, ucell3=1.5643, ucell4=1.2524, ucell5=1.2085, 
DEBUG:diffBragg.main:Hop=0 |it=179 | t/it=0.0567sF=   1980377 sigZ=  21.02744 (Fracs of F: LogLike: 100.0%; ), |g|=   1901440
DEBUG:diffBragg.main:RotXYZ0_xtal0_deg=-0.0078, RotXYZ1_xtal0_deg=-0.0378, RotXYZ2_xtal0_deg=-0.0020, G_xtal0=203856810602217824.0000, Nabc0=33.2217, Ndef0=10.3231, Nabc1=30.4653, Ndef1=19.4261, Nabc2=20.2931, Ndef2=-10.0191, ucell0=27.3404, ucell1=32.5897, ucell2=34.2798, ucell3=1.5643, ucell4=1.2524, ucell5=1.2085, 
DEBUG:diffBragg.main:Hop=0 |it=180 | t/it=0.0567sF=   1980186 sigZ=  21.02742 (Fracs of F: LogLike: 100.0%; ), |g|=  580220.4
DEBUG:diffBragg.main:RotXYZ0_xtal0_deg=-0.0078, RotXYZ1_xtal0_deg=-0.0379, RotXYZ2_xtal0_deg=-0.0020, G_xtal0=204108470736932352.0000, Nabc0=33.2106, Ndef0=10.3442, Nabc1=30.4711, Ndef1=19.4251, Nabc2=20.2885, Ndef2=-10.0210, ucell0=27.3405, ucell1=32.5891, ucell2=34.2797, ucell3=1.5643, ucell4=1.2524, ucell5=1.2085, 
DEBUG:diffBragg.main:Hop=0 |it=181 | t/it=0.0567sF=   1980082 sigZ=  21.02816 (Fracs of F: LogLike: 100.0%; ), |g|=   1118425
DEBUG:diffBragg.main:RotXYZ0_xtal0_deg=-0.0078, RotXYZ1_xtal0_deg=-0.0379, RotXYZ2_xtal0_deg=-0.0020, G_xtal0=204355265123742400.0000, Nabc0=33.1922, Ndef0=10.3623, Nabc1=30.4716, Ndef1=19.4358, Nabc2=20.3037, Ndef2=-10.0161, ucell0=27.3404, ucell1=32.5889, ucell2=34.2795, ucell3=1.5642, ucell4=1.2524, ucell5=1.2085, 
DEBUG:diffBragg.main:Hop=0 |it=182 | t/it=0.0567sF=   1979969 sigZ=  21.02848 (Fracs of F: LogLike: 100.0%; ), |g|=   1959545
DEBUG:diffBragg.main:RotXYZ0_xtal0_deg=-0.0078, RotXYZ1_xtal0_deg=-0.0381, RotXYZ2_xtal0_deg=-0.0020, G_xtal0=204608816811212128.0000, Nabc0=33.1358, Ndef0=10.3777, Nabc1=30.4605, Ndef1=19.4438, Nabc2=20.3287, Ndef2=-10.0115, ucell0=27.3406, ucell1=32.5881, ucell2=34.2795, ucell3=1.5642, ucell4=1.2524, ucell5=1.2086, 
DEBUG:diffBragg.main:Hop=0 |it=183 | t/it=0.0568sF=   1979691 sigZ=  21.02752 (Fracs of F: LogLike: 100.0%; ), |g|=   3027427
DEBUG:diffBragg.main:RotXYZ0_xtal0_deg=-0.0079, RotXYZ1_xtal0_deg=-0.0389, RotXYZ2_xtal0_deg=-0.0020, G_xtal0=204839630342471616.0000, Nabc0=32.9585, Ndef0=10.3798, Nabc1=30.4136, Ndef1=19.4333, Nabc2=20.3690, Ndef2=-10.0171, ucell0=27.3417, ucell1=32.5850, ucell2=34.2798, ucell3=1.5641, ucell4=1.2523, ucell5=1.2086, 
DEBUG:diffBragg.main:Hop=0 |it=184 | t/it=0.0568sF=   1978933 sigZ=  21.02306 (Fracs of F: LogLike: 100.0%; ), |g|=   4749446
DEBUG:diffBragg.main:RotXYZ0_xtal0_deg=-0.0081, RotXYZ1_xtal0_deg=-0.0412, RotXYZ2_xtal0_deg=-0.0021, G_xtal0=205892634066360864.0000, Nabc0=32.5324, Ndef0=10.3984, Nabc1=30.3208, Ndef1=19.3957, Nabc2=20.4109, Ndef2=-9.9936, ucell0=27.3443, ucell1=32.5781, ucell2=34.2813, ucell3=1.5639, ucell4=1.2522, ucell5=1.2087, 
DEBUG:diffBragg.main:Hop=0 |it=185 | t/it=0.0568sF=   1977284 sigZ=  21.01092 (Fracs of F: LogLike: 100.0%; ), |g|=   6351869
DEBUG:diffBragg.main:RotXYZ0_xtal0_deg=-0.0084, RotXYZ1_xtal0_deg=-0.0446, RotXYZ2_xtal0_deg=-0.0022, G_xtal0=209499247919776320.0000, Nabc0=31.7807, Ndef0=10.5368, Nabc1=30.2109, Ndef1=19.3330, Nabc2=20.5801, Ndef2=-9.9298, ucell0=27.3479, ucell1=32.5676, ucell2=34.2839, ucell3=1.5634, ucell4=1.2521, ucell5=1.2088, 
DEBUG:diffBragg.main:Hop=0 |it=186 | t/it=0.0567sF=   1975679 sigZ=  20.99125 (Fracs of F: LogLike: 100.0%; ), |g|=1.306664e+07
DEBUG:diffBragg.main:RotXYZ0_xtal0_deg=-0.0086, RotXYZ1_xtal0_deg=-0.0479, RotXYZ2_xtal0_deg=-0.0023, G_xtal0=211064152403887104.0000, Nabc0=31.2766, Ndef0=10.5405, Nabc1=30.1244, Ndef1=19.2354, Nabc2=20.5516, Ndef2=-9.9100, ucell0=27.3518, ucell1=32.5580, ucell2=34.2870, ucell3=1.5631, ucell4=1.2520, ucell5=1.2089, 
DEBUG:diffBragg.main:Hop=0 |it=187 | t/it=0.0567sF=   1972502 sigZ=  20.96568 (Fracs of F: LogLike: 100.0%; ), |g|=   7002670
DEBUG:diffBragg.main:RotXYZ0_xtal0_deg=-0.0088, RotXYZ1_xtal0_deg=-0.0502, RotXYZ2_xtal0_deg=-0.0023, G_xtal0=212982756771002080.0000, Nabc0=30.8347, Ndef0=10.5582, Nabc1=30.0528, Ndef1=19.2053, Nabc2=20.6146, Ndef2=-9.8444, ucell0=27.3544, ucell1=32.5525, ucell2=34.2904, ucell3=1.5629, ucell4=1.2519, ucell5=1.2089, 
DEBUG:diffBragg.main:Hop=0 |it=188 | t/it=0.0567sF=   1969909 sigZ=  20.94013 (Fracs of F: LogLike: 100.0%; ), |g|=   2587943
DEBUG:diffBragg.main:RotXYZ0_xtal0_deg=-0.0090, RotXYZ1_xtal0_deg=-0.0531, RotXYZ2_xtal0_deg=-0.0024, G_xtal0=215509288769145632.0000, Nabc0=30.4378, Ndef0=10.6223, Nabc1=30.0504, Ndef1=19.0744, Nabc2=20.5702, Ndef2=-9.8804, ucell0=27.3577, ucell1=32.5429, ucell2=34.2933, ucell3=1.5625, ucell4=1.2518, ucell5=1.2089, 
DEBUG:diffBragg.main:Hop=0 |it=189 | t/it=0.0567sF=   1968408 sigZ=  20.92477 (Fracs of F: LogLike: 100.0%; ), |g|=   3158902
DEBUG:diffBragg.main:RotXYZ0_xtal0_deg=-0.0091, RotXYZ1_xtal0_deg=-0.0539, RotXYZ2_xtal0_deg=-0.0024, G_xtal0=217370092485724352.0000, Nabc0=30.1856, Ndef0=10.7009, Nabc1=30.0360, Ndef1=19.1047, Nabc2=20.7233, Ndef2=-9.8890, ucell0=27.3587, ucell1=32.5408, ucell2=34.2961, ucell3=1.5623, ucell4=1.2517, ucell5=1.2089, 
DEBUG:diffBragg.main:Hop=0 |it=190 | t/it=0.0567sF=   1967487 sigZ=  20.92206 (Fracs of F: LogLike: 100.0%; ), |g|=   3849102
DEBUG:diffBragg.main:RotXYZ0_xtal0_deg=-0.0092, RotXYZ1_xtal0_deg=-0.0549, RotXYZ2_xtal0_deg=-0.0025, G_xtal0=217946354422564928.0000, Nabc0=30.0148, Ndef0=10.7063, Nabc1=30.0098, Ndef1=19.0844, Nabc2=20.7913, Ndef2=-9.8930, ucell0=27.3600, ucell1=32.5369, ucell2=34.2982, ucell3=1.5621, ucell4=1.2517, ucell5=1.2089, 
DEBUG:diffBragg.main:Hop=0 |it=191 | t/it=0.0567sF=   1966831 sigZ=  20.91113 (Fracs of F: LogLike: 100.0%; ), |g|=   2549870
DEBUG:diffBragg.main:RotXYZ0_xtal0_deg=-0.0092, RotXYZ1_xtal0_deg=-0.0551, RotXYZ2_xtal0_deg=-0.0025, G_xtal0=218168781345852064.0000, Nabc0=29.9498, Ndef0=10.7226, Nabc1=30.0000, Ndef1=19.0819, Nabc2=20.8395, Ndef2=-9.9194, ucell0=27.3603, ucell1=32.5355, ucell2=34.2983, ucell3=1.5621, ucell4=1.2517, ucell5=1.2089, 
DEBUG:diffBragg.main:Hop=0 |it=192 | t/it=0.0567sF=   1966301 sigZ=  20.91045 (Fracs of F: LogLike: 100.0%; ), |g|=   1810165
DEBUG:diffBragg.main:RotXYZ0_xtal0_deg=-0.0091, RotXYZ1_xtal0_deg=-0.0549, RotXYZ2_xtal0_deg=-0.0025, G_xtal0=218543364843293120.0000, Nabc0=29.8384, Ndef0=10.7865, Nabc1=29.9960, Ndef1=19.1020, Nabc2=21.1593, Ndef2=-10.0809, ucell0=27.3605, ucell1=32.5317, ucell2=34.2984, ucell3=1.5618, ucell4=1.2517, ucell5=1.2088, 
DEBUG:diffBragg.main:Hop=0 |it=193 | t/it=0.0567sF=   1964331 sigZ=  20.90652 (Fracs of F: LogLike: 100.0%; ), |g|=   3107824
DEBUG:diffBragg.main:RotXYZ0_xtal0_deg=-0.0091, RotXYZ1_xtal0_deg=-0.0547, RotXYZ2_xtal0_deg=-0.0026, G_xtal0=218489767872084864.0000, Nabc0=29.7384, Ndef0=10.8275, Nabc1=29.9831, Ndef1=19.1376, Nabc2=21.4958, Ndef2=-10.2389, ucell0=27.3613, ucell1=32.5278, ucell2=34.2993, ucell3=1.5615, ucell4=1.2517, ucell5=1.2087, 
DEBUG:diffBragg.main:Hop=0 |it=194 | t/it=0.0567sF=   1962996 sigZ=  20.90568 (Fracs of F: LogLike: 100.0%; ), |g|=   3306806
DEBUG:diffBragg.main:RotXYZ0_xtal0_deg=-0.0091, RotXYZ1_xtal0_deg=-0.0548, RotXYZ2_xtal0_deg=-0.0026, G_xtal0=216580809811553376.0000, Nabc0=29.7489, Ndef0=10.8708, Nabc1=29.9868, Ndef1=19.0014, Nabc2=21.8467, Ndef2=-10.5157, ucell0=27.3632, ucell1=32.5212, ucell2=34.3012, ucell3=1.5612, ucell4=1.2517, ucell5=1.2087, 
DEBUG:diffBragg.main:Hop=0 |it=195 | t/it=0.0567sF=   1962426 sigZ=  20.89797 (Fracs of F: LogLike: 100.0%; ), |g|=   5014086
DEBUG:diffBragg.main:RotXYZ0_xtal0_deg=-0.0092, RotXYZ1_xtal0_deg=-0.0559, RotXYZ2_xtal0_deg=-0.0026, G_xtal0=216881396614610240.0000, Nabc0=29.5630, Ndef0=10.8828, Nabc1=29.9388, Ndef1=19.0275, Nabc2=21.8969, Ndef2=-10.5054, ucell0=27.3651, ucell1=32.5180, ucell2=34.3029, ucell3=1.5610, ucell4=1.2516, ucell5=1.2087, 
DEBUG:diffBragg.main:Hop=0 |it=196 | t/it=0.0567sF=   1961089 sigZ=  20.89571 (Fracs of F: LogLike: 100.0%; ), |g|=   2628159
DEBUG:diffBragg.main:RotXYZ0_xtal0_deg=-0.0092, RotXYZ1_xtal0_deg=-0.0563, RotXYZ2_xtal0_deg=-0.0026, G_xtal0=215881065287020256.0000, Nabc0=29.5459, Ndef0=10.8636, Nabc1=29.8901, Ndef1=19.0509, Nabc2=21.8598, Ndef2=-10.4363, ucell0=27.3661, ucell1=32.5190, ucell2=34.3033, ucell3=1.5611, ucell4=1.2516, ucell5=1.2088, 
DEBUG:diffBragg.main:Hop=0 |it=197 | t/it=0.0567sF=   1959931 sigZ=  20.89054 (Fracs of F: LogLike: 100.0%; ), |g|=   2449313
DEBUG:diffBragg.main:RotXYZ0_xtal0_deg=-0.0095, RotXYZ1_xtal0_deg=-0.0590, RotXYZ2_xtal0_deg=-0.0027, G_xtal0=213873510796528960.0000, Nabc0=29.2415, Ndef0=10.8948, Nabc1=29.7571, Ndef1=18.9631, Nabc2=22.0126, Ndef2=-10.4603, ucell0=27.3713, ucell1=32.5117, ucell2=34.3070, ucell3=1.5608, ucell4=1.2514, ucell5=1.2089, 
DEBUG:diffBragg.main:Hop=0 |it=198 | t/it=0.0567sF=   1957690 sigZ=  20.87819 (Fracs of F: LogLike: 100.0%; ), |g|=   4225532
DEBUG:diffBragg.main:RotXYZ0_xtal0_deg=-0.0102, RotXYZ1_xtal0_deg=-0.0677, RotXYZ2_xtal0_deg=-0.0030, G_xtal0=206888226480946784.0000, Nabc0=28.3888, Ndef0=11.0161, Nabc1=29.3689, Ndef1=18.5812, Nabc2=22.3856, Ndef2=-10.5865, ucell0=27.3876, ucell1=32.4873, ucell2=34.3184, ucell3=1.5600, ucell4=1.2509, ucell5=1.2093, 
DEBUG:diffBragg.main:Hop=0 |it=199 | t/it=0.0567sF=   1952129 sigZ=  20.84964 (Fracs of F: LogLike: 100.0%; ), |g|=   7705094
DEBUG:diffBragg.main:RotXYZ0_xtal0_deg=-0.0111, RotXYZ1_xtal0_deg=-0.0780, RotXYZ2_xtal0_deg=-0.0032, G_xtal0=196815555789680448.0000, Nabc0=27.5974, Ndef0=11.1889, Nabc1=28.9312, Ndef1=18.0272, Nabc2=22.6788, Ndef2=-10.7330, ucell0=27.4073, ucell1=32.4603, ucell2=34.3310, ucell3=1.5593, ucell4=1.2503, ucell5=1.2099, 
DEBUG:diffBragg.main:Added 0 pixels from 0 shoeboxes to the untrusted list (8700 / 8700 trusted pixels remain)
DEBUG:diffBragg.main:Hop=0 |it=200 | t/it=0.0567sF=   1946766 sigZ=  20.82681 (Fracs of F: LogLike: 100.0%; ), |g|=   8144913
DEBUG:diffBragg.main:RotXYZ0_xtal0_deg=-0.0118, RotXYZ1_xtal0_deg=-0.0845, RotXYZ2_xtal0_deg=-0.0034, G_xtal0=191938890534767776.0000, Nabc0=27.1713, Ndef0=11.2301, Nabc1=28.7325, Ndef1=17.5643, Nabc2=22.5392, Ndef2=-10.6703, ucell0=27.4197, ucell1=32.4466, ucell2=34.3349, ucell3=1.5590, ucell4=1.2500, ucell5=1.2103, 
DEBUG:diffBragg.main:Hop=0 |it=201 | t/it=0.0568sF=   1949597 sigZ=  20.82464 (Fracs of F: LogLike: 100.0%; ), |g|=1.499148e+07
DEBUG:diffBragg.main:RotXYZ0_xtal0_deg=-0.0114, RotXYZ1_xtal0_deg=-0.0802, RotXYZ2_xtal0_deg=-0.0033, G_xtal0=195147663335481760.0000, Nabc0=27.4518, Ndef0=11.2029, Nabc1=28.8634, Ndef1=17.8694, Nabc2=22.6312, Ndef2=-10.7116, ucell0=27.4115, ucell1=32.4556, ucell2=34.3324, ucell3=1.5592, ucell4=1.2502, ucell5=1.2100, 
DEBUG:diffBragg.main:Hop=0 |it=202 | t/it=0.0568sF=   1945579 sigZ=  20.81373 (Fracs of F: LogLike: 100.0%; ), |g|=   6150007
DEBUG:diffBragg.main:RotXYZ0_xtal0_deg=-0.0115, RotXYZ1_xtal0_deg=-0.0823, RotXYZ2_xtal0_deg=-0.0033, G_xtal0=191281061322720000.0000, Nabc0=27.4442, Ndef0=11.2750, Nabc1=28.7900, Ndef1=17.6443, Nabc2=22.6637, Ndef2=-10.8033, ucell0=27.4163, ucell1=32.4501, ucell2=34.3350, ucell3=1.5591, ucell4=1.2500, ucell5=1.2102, 
DEBUG:diffBragg.main:Hop=0 |it=203 | t/it=0.0568sF=   1943859 sigZ=  20.80623 (Fracs of F: LogLike: 100.0%; ), |g|=   1963347
DEBUG:diffBragg.main:RotXYZ0_xtal0_deg=-0.0117, RotXYZ1_xtal0_deg=-0.0847, RotXYZ2_xtal0_deg=-0.0034, G_xtal0=188639233002690688.0000, Nabc0=27.2322, Ndef0=11.4199, Nabc1=28.7333, Ndef1=17.3966, Nabc2=23.0931, Ndef2=-11.1269, ucell0=27.4225, ucell1=32.4374, ucell2=34.3388, ucell3=1.5586, ucell4=1.2499, ucell5=1.2102, 
DEBUG:diffBragg.main:Hop=0 |it=204 | t/it=0.0568sF=   1944193 sigZ=   20.8211 (Fracs of F: LogLike: 100.0%; ), |g|=   4397390
DEBUG:diffBragg.main:RotXYZ0_xtal0_deg=-0.0116, RotXYZ1_xtal0_deg=-0.0834, RotXYZ2_xtal0_deg=-0.0034, G_xtal0=190079485004133792.0000, Nabc0=27.3478, Ndef0=11.3408, Nabc1=28.7643, Ndef1=17.5319, Nabc2=22.8582, Ndef2=-10.9502, ucell0=27.4191, ucell1=32.4443, ucell2=34.3367, ucell3=1.5589, ucell4=1.2500, ucell5=1.2102, 
DEBUG:diffBragg.main:Hop=0 |it=205 | t/it=0.0568sF=   1943242 sigZ=  20.80855 (Fracs of F: LogLike: 100.0%; ), |g|=   2177595
DEBUG:diffBragg.main:RotXYZ0_xtal0_deg=-0.0115, RotXYZ1_xtal0_deg=-0.0816, RotXYZ2_xtal0_deg=-0.0033, G_xtal0=191557458753526784.0000, Nabc0=27.4717, Ndef0=11.3875, Nabc1=28.8620, Ndef1=17.5760, Nabc2=22.9707, Ndef2=-11.0401, ucell0=27.4169, ucell1=32.4471, ucell2=34.3354, ucell3=1.5589, ucell4=1.2501, ucell5=1.2101, 
DEBUG:diffBragg.main:Hop=0 |it=206 | t/it=0.0568sF=   1942740 sigZ=  20.80964 (Fracs of F: LogLike: 100.0%; ), |g|=   2544392
DEBUG:diffBragg.main:RotXYZ0_xtal0_deg=-0.0115, RotXYZ1_xtal0_deg=-0.0824, RotXYZ2_xtal0_deg=-0.0034, G_xtal0=192094649562076576.0000, Nabc0=27.3587, Ndef0=11.4350, Nabc1=28.8624, Ndef1=17.5064, Nabc2=23.0013, Ndef2=-11.0274, ucell0=27.4182, ucell1=32.4446, ucell2=34.3360, ucell3=1.5588, ucell4=1.2501, ucell5=1.2101, 
DEBUG:diffBragg.main:Hop=0 |it=207 | t/it=0.0568sF=   1942224 sigZ=  20.80129 (Fracs of F: LogLike: 100.0%; ), |g|=   1428974
DEBUG:diffBragg.main:RotXYZ0_xtal0_deg=-0.0117, RotXYZ1_xtal0_deg=-0.0849, RotXYZ2_xtal0_deg=-0.0034, G_xtal0=192159729733739808.0000, Nabc0=27.0544, Ndef0=11.5504, Nabc1=28.8157, Ndef1=17.3503, Nabc2=23.1027, Ndef2=-11.0199, ucell0=27.4228, ucell1=32.4374, ucell2=34.3391, ucell3=1.5585, ucell4=1.2500, ucell5=1.2101, 
DEBUG:diffBragg.main:Hop=0 |it=208 | t/it=0.0568sF=   1941537 sigZ=   20.7928 (Fracs of F: LogLike: 100.0%; ), |g|=   2152870
DEBUG:diffBragg.main:RotXYZ0_xtal0_deg=-0.0121, RotXYZ1_xtal0_deg=-0.0899, RotXYZ2_xtal0_deg=-0.0036, G_xtal0=193360918668412960.0000, Nabc0=26.4301, Ndef0=11.8497, Nabc1=28.7604, Ndef1=17.0604, Nabc2=23.2882, Ndef2=-10.9842, ucell0=27.4321, ucell1=32.4234, ucell2=34.3444, ucell3=1.5580, ucell4=1.2498, ucell5=1.2103, 
DEBUG:diffBragg.main:Hop=0 |it=209 | t/it=0.0568sF=   1940339 sigZ=  20.78242 (Fracs of F: LogLike: 100.0%; ), |g|=   3258564
DEBUG:diffBragg.main:RotXYZ0_xtal0_deg=-0.0124, RotXYZ1_xtal0_deg=-0.0929, RotXYZ2_xtal0_deg=-0.0037, G_xtal0=195633240686550336.0000, Nabc0=26.0190, Ndef0=12.1764, Nabc1=28.8134, Ndef1=16.8590, Nabc2=23.4956, Ndef2=-10.9274, ucell0=27.4387, ucell1=32.4129, ucell2=34.3478, ucell3=1.5576, ucell4=1.2498, ucell5=1.2103, 
DEBUG:diffBragg.main:Hop=0 |it=210 | t/it=0.0568sF=   1939670 sigZ=  20.77411 (Fracs of F: LogLike: 100.0%; ), |g|=   4242292
DEBUG:diffBragg.main:RotXYZ0_xtal0_deg=-0.0125, RotXYZ1_xtal0_deg=-0.0942, RotXYZ2_xtal0_deg=-0.0037, G_xtal0=196790179357027264.0000, Nabc0=25.8539, Ndef0=12.3143, Nabc1=28.8328, Ndef1=16.8105, Nabc2=23.4835, Ndef2=-10.8668, ucell0=27.4410, ucell1=32.4114, ucell2=34.3484, ucell3=1.5576, ucell4=1.2498, ucell5=1.2103, 
DEBUG:diffBragg.main:Hop=0 |it=211 | t/it=0.0568sF=   1938571 sigZ=  20.77194 (Fracs of F: LogLike: 100.0%; ), |g|=   2071374
DEBUG:diffBragg.main:RotXYZ0_xtal0_deg=-0.0127, RotXYZ1_xtal0_deg=-0.0962, RotXYZ2_xtal0_deg=-0.0038, G_xtal0=195808544246597280.0000, Nabc0=25.6818, Ndef0=12.4594, Nabc1=28.8123, Ndef1=16.6797, Nabc2=23.6084, Ndef2=-10.9057, ucell0=27.4458, ucell1=32.4058, ucell2=34.3509, ucell3=1.5574, ucell4=1.2497, ucell5=1.2104, 
DEBUG:diffBragg.main:Hop=0 |it=212 | t/it=0.0568sF=   1938208 sigZ=  20.77787 (Fracs of F: LogLike: 100.0%; ), |g|=   1838416
DEBUG:diffBragg.main:RotXYZ0_xtal0_deg=-0.0127, RotXYZ1_xtal0_deg=-0.0966, RotXYZ2_xtal0_deg=-0.0038, G_xtal0=194786408082803936.0000, Nabc0=25.7257, Ndef0=12.5072, Nabc1=28.8280, Ndef1=16.6538, Nabc2=23.6328, Ndef2=-10.8993, ucell0=27.4470, ucell1=32.4056, ucell2=34.3515, ucell3=1.5574, ucell4=1.2497, ucell5=1.2105, 
DEBUG:diffBragg.main:Hop=0 |it=213 | t/it=0.0568sF=   1937887 sigZ=  20.77819 (Fracs of F: LogLike: 100.0%; ), |g|=   2152349
DEBUG:diffBragg.main:RotXYZ0_xtal0_deg=-0.0129, RotXYZ1_xtal0_deg=-0.0990, RotXYZ2_xtal0_deg=-0.0038, G_xtal0=194217688113317376.0000, Nabc0=25.5235, Ndef0=12.6528, Nabc1=28.8173, Ndef1=16.5088, Nabc2=23.7139, Ndef2=-10.8579, ucell0=27.4517, ucell1=32.3998, ucell2=34.3542, ucell3=1.5572, ucell4=1.2496, ucell5=1.2106, 
DEBUG:diffBragg.main:Hop=0 |it=214 | t/it=0.0568sF=   1937522 sigZ=  20.77476 (Fracs of F: LogLike: 100.0%; ), |g|=   1676436
DEBUG:diffBragg.main:RotXYZ0_xtal0_deg=-0.0133, RotXYZ1_xtal0_deg=-0.1030, RotXYZ2_xtal0_deg=-0.0040, G_xtal0=193198700731885344.0000, Nabc0=25.2355, Ndef0=13.1008, Nabc1=28.9291, Ndef1=16.2435, Nabc2=24.1540, Ndef2=-10.8594, ucell0=27.4617, ucell1=32.3880, ucell2=34.3594, ucell3=1.5567, ucell4=1.2495, ucell5=1.2107, 
DEBUG:diffBragg.main:Hop=0 |it=215 | t/it=0.0568sF=   1937862 sigZ=  20.78466 (Fracs of F: LogLike: 100.0%; ), |g|=   5651855
DEBUG:diffBragg.main:RotXYZ0_xtal0_deg=-0.0131, RotXYZ1_xtal0_deg=-0.1006, RotXYZ2_xtal0_deg=-0.0039, G_xtal0=193793793209191616.0000, Nabc0=25.4036, Ndef0=12.8391, Nabc1=28.8638, Ndef1=16.3985, Nabc2=23.8963, Ndef2=-10.8585, ucell0=27.4559, ucell1=32.3949, ucell2=34.3563, ucell3=1.5570, ucell4=1.2496, ucell5=1.2106, 
DEBUG:diffBragg.main:Hop=0 |it=216 | t/it=0.0568sF=   1937203 sigZ=    20.776 (Fracs of F: LogLike: 100.0%; ), |g|=   2280897
DEBUG:diffBragg.main:RotXYZ0_xtal0_deg=-0.0132, RotXYZ1_xtal0_deg=-0.1019, RotXYZ2_xtal0_deg=-0.0039, G_xtal0=193508495280972672.0000, Nabc0=25.3264, Ndef0=12.9395, Nabc1=28.9040, Ndef1=16.3250, Nabc2=23.9761, Ndef2=-10.8141, ucell0=27.4583, ucell1=32.3921, ucell2=34.3576, ucell3=1.5569, ucell4=1.2495, ucell5=1.2107, 
DEBUG:diffBragg.main:Hop=0 |it=217 | t/it=0.0568sF=   1936741 sigZ=  20.77037 (Fracs of F: LogLike: 100.0%; ), |g|=   1654979
DEBUG:diffBragg.main:RotXYZ0_xtal0_deg=-0.0132, RotXYZ1_xtal0_deg=-0.1026, RotXYZ2_xtal0_deg=-0.0039, G_xtal0=193363268541972320.0000, Nabc0=25.3370, Ndef0=13.0673, Nabc1=29.0078, Ndef1=16.3055, Nabc2=24.0930, Ndef2=-10.7694, ucell0=27.4593, ucell1=32.3907, ucell2=34.3584, ucell3=1.5569, ucell4=1.2495, ucell5=1.2107, 
DEBUG:diffBragg.main:Hop=0 |it=218 | t/it=0.0568sF=   1936084 sigZ=  20.76643 (Fracs of F: LogLike: 100.0%; ), |g|=   2138545
DEBUG:diffBragg.main:RotXYZ0_xtal0_deg=-0.0133, RotXYZ1_xtal0_deg=-0.1036, RotXYZ2_xtal0_deg=-0.0040, G_xtal0=194707703819529408.0000, Nabc0=25.3366, Ndef0=13.3582, Nabc1=29.2983, Ndef1=16.3429, Nabc2=24.4426, Ndef2=-10.7018, ucell0=27.4604, ucell1=32.3879, ucell2=34.3595, ucell3=1.5567, ucell4=1.2496, ucell5=1.2107, 
DEBUG:diffBragg.main:Hop=0 |it=219 | t/it=0.0567sF=   1934851 sigZ=  20.76276 (Fracs of F: LogLike: 100.0%; ), |g|=   3443331
DEBUG:diffBragg.main:RotXYZ0_xtal0_deg=-0.0133, RotXYZ1_xtal0_deg=-0.1035, RotXYZ2_xtal0_deg=-0.0040, G_xtal0=197111025311124224.0000, Nabc0=25.4180, Ndef0=13.6077, Nabc1=29.6388, Ndef1=16.5255, Nabc2=24.7248, Ndef2=-10.5914, ucell0=27.4584, ucell1=32.3887, ucell2=34.3592, ucell3=1.5566, ucell4=1.2497, ucell5=1.2106, 
DEBUG:diffBragg.main:Hop=0 |it=220 | t/it=0.0567sF=   1933459 sigZ=  20.75979 (Fracs of F: LogLike: 100.0%; ), |g|=   3638822
DEBUG:diffBragg.main:RotXYZ0_xtal0_deg=-0.0133, RotXYZ1_xtal0_deg=-0.1037, RotXYZ2_xtal0_deg=-0.0040, G_xtal0=202106906755847584.0000, Nabc0=25.4563, Ndef0=13.9086, Nabc1=30.1716, Ndef1=16.9506, Nabc2=25.1076, Ndef2=-10.3676, ucell0=27.4545, ucell1=32.3901, ucell2=34.3592, ucell3=1.5566, ucell4=1.2498, ucell5=1.2106, 
DEBUG:diffBragg.main:Hop=0 |it=221 | t/it=0.0567sF=   1931240 sigZ=   20.7538 (Fracs of F: LogLike: 100.0%; ), |g|=   4437503
DEBUG:diffBragg.main:RotXYZ0_xtal0_deg=-0.0130, RotXYZ1_xtal0_deg=-0.1007, RotXYZ2_xtal0_deg=-0.0040, G_xtal0=207048919981551968.0000, Nabc0=25.7694, Ndef0=13.8906, Nabc1=30.6606, Ndef1=17.6472, Nabc2=25.2831, Ndef2=-10.2242, ucell0=27.4439, ucell1=32.4009, ucell2=34.3547, ucell3=1.5568, ucell4=1.2500, ucell5=1.2104, 
DEBUG:diffBragg.main:Hop=0 |it=222 | t/it=0.0567sF=   1929316 sigZ=  20.75403 (Fracs of F: LogLike: 100.0%; ), |g|=   3329017
DEBUG:diffBragg.main:RotXYZ0_xtal0_deg=-0.0129, RotXYZ1_xtal0_deg=-0.0992, RotXYZ2_xtal0_deg=-0.0039, G_xtal0=208791473146739072.0000, Nabc0=25.8278, Ndef0=13.6783, Nabc1=30.6554, Ndef1=17.9003, Nabc2=25.1349, Ndef2=-10.2196, ucell0=27.4393, ucell1=32.4052, ucell2=34.3530, ucell3=1.5570, ucell4=1.2500, ucell5=1.2103, 
DEBUG:diffBragg.main:Hop=0 |it=223 | t/it=0.0567sF=   1928501 sigZ=  20.75099 (Fracs of F: LogLike: 100.0%; ), |g|=   2009124
DEBUG:diffBragg.main:RotXYZ0_xtal0_deg=-0.0130, RotXYZ1_xtal0_deg=-0.1003, RotXYZ2_xtal0_deg=-0.0040, G_xtal0=208012592407349280.0000, Nabc0=25.7140, Ndef0=13.7113, Nabc1=30.5855, Ndef1=17.7693, Nabc2=25.1442, Ndef2=-10.2565, ucell0=27.4423, ucell1=32.4020, ucell2=34.3544, ucell3=1.5569, ucell4=1.2500, ucell5=1.2104, 
DEBUG:diffBragg.main:Hop=0 |it=224 | t/it=0.0567sF=   1928329 sigZ=  20.75062 (Fracs of F: LogLike: 100.0%; ), |g|=   1052008
DEBUG:diffBragg.main:RotXYZ0_xtal0_deg=-0.0130, RotXYZ1_xtal0_deg=-0.1002, RotXYZ2_xtal0_deg=-0.0040, G_xtal0=207804791663754944.0000, Nabc0=25.7121, Ndef0=13.6570, Nabc1=30.5456, Ndef1=17.7501, Nabc2=25.1044, Ndef2=-10.2916, ucell0=27.4424, ucell1=32.4023, ucell2=34.3542, ucell3=1.5569, ucell4=1.2500, ucell5=1.2103, 
DEBUG:diffBragg.main:Hop=0 |it=225 | t/it=0.0567sF=   1928212 sigZ=  20.74965 (Fracs of F: LogLike: 100.0%; ), |g|=   1164074
DEBUG:diffBragg.main:RotXYZ0_xtal0_deg=-0.0130, RotXYZ1_xtal0_deg=-0.1002, RotXYZ2_xtal0_deg=-0.0040, G_xtal0=207686691682445408.0000, Nabc0=25.6836, Ndef0=13.5444, Nabc1=30.4949, Ndef1=17.7121, Nabc2=25.0570, Ndef2=-10.3761, ucell0=27.4428, ucell1=32.4022, ucell2=34.3540, ucell3=1.5570, ucell4=1.2500, ucell5=1.2103, 
DEBUG:diffBragg.main:Hop=0 |it=226 | t/it=0.0567sF=   1927892 sigZ=  20.74637 (Fracs of F: LogLike: 100.0%; ), |g|=   1692535
DEBUG:diffBragg.main:RotXYZ0_xtal0_deg=-0.0131, RotXYZ1_xtal0_deg=-0.1013, RotXYZ2_xtal0_deg=-0.0040, G_xtal0=207849546353804128.0000, Nabc0=25.5353, Ndef0=13.4296, Nabc1=30.4719, Ndef1=17.6233, Nabc2=25.0786, Ndef2=-10.5169, ucell0=27.4456, ucell1=32.3988, ucell2=34.3546, ucell3=1.5569, ucell4=1.2499, ucell5=1.2103, 
DEBUG:diffBragg.main:Hop=0 |it=227 | t/it=0.0567sF=   1927281 sigZ=  20.74154 (Fracs of F: LogLike: 100.0%; ), |g|=   2132124
DEBUG:diffBragg.main:RotXYZ0_xtal0_deg=-0.0133, RotXYZ1_xtal0_deg=-0.1041, RotXYZ2_xtal0_deg=-0.0041, G_xtal0=210860232616237120.0000, Nabc0=25.2539, Ndef0=13.1924, Nabc1=30.7491, Ndef1=17.7114, Nabc2=25.3112, Ndef2=-10.8588, ucell0=27.4492, ucell1=32.3923, ucell2=34.3546, ucell3=1.5568, ucell4=1.2499, ucell5=1.2103, 
DEBUG:diffBragg.main:Hop=0 |it=228 | t/it=0.0567sF=   1926533 sigZ=  20.74491 (Fracs of F: LogLike: 100.0%; ), |g|=   5729917
DEBUG:diffBragg.main:RotXYZ0_xtal0_deg=-0.0138, RotXYZ1_xtal0_deg=-0.1093, RotXYZ2_xtal0_deg=-0.0042, G_xtal0=211386064457795136.0000, Nabc0=24.7932, Ndef0=13.2936, Nabc1=30.8795, Ndef1=17.4463, Nabc2=25.6600, Ndef2=-11.0184, ucell0=27.4599, ucell1=32.3780, ucell2=34.3587, ucell3=1.5565, ucell4=1.2498, ucell5=1.2104, 
DEBUG:diffBragg.main:Hop=0 |it=229 | t/it=0.0567sF=   1924897 sigZ=  20.73325 (Fracs of F: LogLike: 100.0%; ), |g|=   2896196
DEBUG:diffBragg.main:RotXYZ0_xtal0_deg=-0.0141, RotXYZ1_xtal0_deg=-0.1126, RotXYZ2_xtal0_deg=-0.0043, G_xtal0=213335593746888768.0000, Nabc0=24.5598, Ndef0=13.4585, Nabc1=31.2024, Ndef1=17.4699, Nabc2=26.0499, Ndef2=-11.0636, ucell0=27.4651, ucell1=32.3702, ucell2=34.3609, ucell3=1.5562, ucell4=1.2497, ucell5=1.2105, 
DEBUG:diffBragg.main:Hop=0 |it=230 | t/it=0.0567sF=   1924282 sigZ=  20.73427 (Fracs of F: LogLike: 100.0%; ), |g|=  981245.9
DEBUG:diffBragg.main:RotXYZ0_xtal0_deg=-0.0140, RotXYZ1_xtal0_deg=-0.1121, RotXYZ2_xtal0_deg=-0.0043, G_xtal0=214641201057998368.0000, Nabc0=24.6436, Ndef0=13.4719, Nabc1=31.3647, Ndef1=17.6445, Nabc2=26.1267, Ndef2=-11.0164, ucell0=27.4626, ucell1=32.3726, ucell2=34.3599, ucell3=1.5563, ucell4=1.2498, ucell5=1.2104, 
DEBUG:diffBragg.main:Hop=0 |it=231 | t/it=0.0567sF=   1924169 sigZ=  20.73461 (Fracs of F: LogLike: 100.0%; ), |g|=  917545.4
DEBUG:diffBragg.main:RotXYZ0_xtal0_deg=-0.0142, RotXYZ1_xtal0_deg=-0.1141, RotXYZ2_xtal0_deg=-0.0044, G_xtal0=214437402883233024.0000, Nabc0=24.4839, Ndef0=13.5496, Nabc1=31.4020, Ndef1=17.5395, Nabc2=26.2375, Ndef2=-11.0577, ucell0=27.4665, ucell1=32.3676, ucell2=34.3620, ucell3=1.5562, ucell4=1.2497, ucell5=1.2105, 
DEBUG:diffBragg.main:Hop=0 |it=232 | t/it=0.0567sF=   1924101 sigZ=  20.73681 (Fracs of F: LogLike: 100.0%; ), |g|=   2211407
DEBUG:diffBragg.main:RotXYZ0_xtal0_deg=-0.0142, RotXYZ1_xtal0_deg=-0.1138, RotXYZ2_xtal0_deg=-0.0044, G_xtal0=214586136883140384.0000, Nabc0=24.5106, Ndef0=13.5314, Nabc1=31.4044, Ndef1=17.5791, Nabc2=26.2196, Ndef2=-11.0371, ucell0=27.4657, ucell1=32.3686, ucell2=34.3616, ucell3=1.5562, ucell4=1.2497, ucell5=1.2105, 
DEBUG:diffBragg.main:Hop=0 |it=233 | t/it=0.0567sF=   1923962 sigZ=  20.73543 (Fracs of F: LogLike: 100.0%; ), |g|=   1000883
DEBUG:diffBragg.main:RotXYZ0_xtal0_deg=-0.0142, RotXYZ1_xtal0_deg=-0.1140, RotXYZ2_xtal0_deg=-0.0044, G_xtal0=214390499037286176.0000, Nabc0=24.5008, Ndef0=13.5356, Nabc1=31.3878, Ndef1=17.5809, Nabc2=26.2062, Ndef2=-11.0086, ucell0=27.4661, ucell1=32.3687, ucell2=34.3618, ucell3=1.5562, ucell4=1.2497, ucell5=1.2105, 
DEBUG:diffBragg.main:Hop=0 |it=234 | t/it=0.0567sF=   1923814 sigZ=  20.73418 (Fracs of F: LogLike: 100.0%; ), |g|=  591939.5
DEBUG:diffBragg.main:RotXYZ0_xtal0_deg=-0.0143, RotXYZ1_xtal0_deg=-0.1153, RotXYZ2_xtal0_deg=-0.0044, G_xtal0=213897835283622176.0000, Nabc0=24.4074, Ndef0=13.5272, Nabc1=31.3534, Ndef1=17.5338, Nabc2=26.2053, Ndef2=-10.9987, ucell0=27.4685, ucell1=32.3667, ucell2=34.3628, ucell3=1.5562, ucell4=1.2497, ucell5=1.2106, 
DEBUG:diffBragg.main:Hop=0 |it=235 | t/it=0.0567sF=   1923577 sigZ=   20.7323 (Fracs of F: LogLike: 100.0%; ), |g|=   1174984
DEBUG:diffBragg.main:RotXYZ0_xtal0_deg=-0.0146, RotXYZ1_xtal0_deg=-0.1184, RotXYZ2_xtal0_deg=-0.0045, G_xtal0=213417969387036672.0000, Nabc0=24.1591, Ndef0=13.5066, Nabc1=31.3520, Ndef1=17.4113, Nabc2=26.2871, Ndef2=-11.0437, ucell0=27.4745, ucell1=32.3604, ucell2=34.3652, ucell3=1.5561, ucell4=1.2496, ucell5=1.2107, 
DEBUG:diffBragg.main:Hop=0 |it=236 | t/it=0.0567sF=   1923307 sigZ=  20.72972 (Fracs of F: LogLike: 100.0%; ), |g|=   1703377
DEBUG:diffBragg.main:RotXYZ0_xtal0_deg=-0.0147, RotXYZ1_xtal0_deg=-0.1189, RotXYZ2_xtal0_deg=-0.0045, G_xtal0=210441857871135072.0000, Nabc0=24.0198, Ndef0=13.0302, Nabc1=30.8295, Ndef1=17.1999, Nabc2=25.7732, Ndef2=-11.1844, ucell0=27.4770, ucell1=32.3613, ucell2=34.3642, ucell3=1.5563, ucell4=1.2494, ucell5=1.2108, 
DEBUG:diffBragg.main:Hop=0 |it=237 | t/it=0.0567sF=   1924930 sigZ=  20.72974 (Fracs of F: LogLike: 100.0%; ), |g|=   5320757
DEBUG:diffBragg.main:RotXYZ0_xtal0_deg=-0.0146, RotXYZ1_xtal0_deg=-0.1185, RotXYZ2_xtal0_deg=-0.0045, G_xtal0=212981717637463232.0000, Nabc0=24.1387, Ndef0=13.4369, Nabc1=31.2753, Ndef1=17.3804, Nabc2=26.2116, Ndef2=-11.0643, ucell0=27.4748, ucell1=32.3606, ucell2=34.3651, ucell3=1.5561, ucell4=1.2496, ucell5=1.2107, 
DEBUG:diffBragg.main:Hop=0 |it=238 | t/it=0.0567sF=   1923255 sigZ=  20.72809 (Fracs of F: LogLike: 100.0%; ), |g|=   1107332
DEBUG:diffBragg.main:RotXYZ0_xtal0_deg=-0.0148, RotXYZ1_xtal0_deg=-0.1206, RotXYZ2_xtal0_deg=-0.0046, G_xtal0=212895566179238720.0000, Nabc0=23.9744, Ndef0=13.4379, Nabc1=31.3060, Ndef1=17.2988, Nabc2=26.2972, Ndef2=-11.1112, ucell0=27.4788, ucell1=32.3560, ucell2=34.3666, ucell3=1.5560, ucell4=1.2495, ucell5=1.2108, 
DEBUG:diffBragg.main:Hop=0 |it=239 | t/it=0.0567sF=   1923170 sigZ=  20.72761 (Fracs of F: LogLike: 100.0%; ), |g|=  401075.8
DEBUG:diffBragg.main:RotXYZ0_xtal0_deg=-0.0148, RotXYZ1_xtal0_deg=-0.1205, RotXYZ2_xtal0_deg=-0.0046, G_xtal0=212913431904499648.0000, Nabc0=23.9901, Ndef0=13.4311, Nabc1=31.3085, Ndef1=17.3083, Nabc2=26.2878, Ndef2=-11.1065, ucell0=27.4784, ucell1=32.3563, ucell2=34.3665, ucell3=1.5560, ucell4=1.2495, ucell5=1.2107, 
DEBUG:diffBragg.main:Hop=0 |it=240 | t/it=0.0567sF=   1923159 sigZ=  20.72695 (Fracs of F: LogLike: 100.0%; ), |g|=  396571.2
DEBUG:diffBragg.main:RotXYZ0_xtal0_deg=-0.0148, RotXYZ1_xtal0_deg=-0.1205, RotXYZ2_xtal0_deg=-0.0046, G_xtal0=212936761551566944.0000, Nabc0=23.9913, Ndef0=13.4339, Nabc1=31.3128, Ndef1=17.3056, Nabc2=26.2912, Ndef2=-11.1113, ucell0=27.4784, ucell1=32.3563, ucell2=34.3664, ucell3=1.5560, ucell4=1.2495, ucell5=1.2107, 
DEBUG:diffBragg.main:Hop=0 |it=241 | t/it=0.0567sF=   1923151 sigZ=  20.72713 (Fracs of F: LogLike: 100.0%; ), |g|=  260032.1
DEBUG:diffBragg.main:RotXYZ0_xtal0_deg=-0.0148, RotXYZ1_xtal0_deg=-0.1204, RotXYZ2_xtal0_deg=-0.0046, G_xtal0=212933764128715712.0000, Nabc0=24.0032, Ndef0=13.4366, Nabc1=31.3145, Ndef1=17.3049, Nabc2=26.2868, Ndef2=-11.1141, ucell0=27.4781, ucell1=32.3565, ucell2=34.3663, ucell3=1.5560, ucell4=1.2495, ucell5=1.2107, 
DEBUG:diffBragg.main:Hop=0 |it=242 | t/it=0.0567sF=   1923143 sigZ=  20.72728 (Fracs of F: LogLike: 100.0%; ), |g|=  311781.6
DEBUG:diffBragg.main:RotXYZ0_xtal0_deg=-0.0148, RotXYZ1_xtal0_deg=-0.1202, RotXYZ2_xtal0_deg=-0.0046, G_xtal0=212888848127068768.0000, Nabc0=24.0215, Ndef0=13.4408, Nabc1=31.3169, Ndef1=17.3030, Nabc2=26.2769, Ndef2=-11.1169, ucell0=27.4778, ucell1=32.3567, ucell2=34.3660, ucell3=1.5560, ucell4=1.2495, ucell5=1.2107, 
DEBUG:diffBragg.main:Hop=0 |it=243 | t/it=0.0567sF=   1923128 sigZ=  20.72752 (Fracs of F: LogLike: 100.0%; ), |g|=  449193.5
DEBUG:diffBragg.main:RotXYZ0_xtal0_deg=-0.0148, RotXYZ1_xtal0_deg=-0.1201, RotXYZ2_xtal0_deg=-0.0046, G_xtal0=212711814095116512.0000, Nabc0=24.0511, Ndef0=13.4469, Nabc1=31.3184, Ndef1=17.2908, Nabc2=26.2534, Ndef2=-11.1237, ucell0=27.4775, ucell1=32.3570, ucell2=34.3656, ucell3=1.5560, ucell4=1.2495, ucell5=1.2107, 
DEBUG:diffBragg.main:Hop=0 |it=244 | t/it=0.0567sF=   1923097 sigZ=  20.72782 (Fracs of F: LogLike: 100.0%; ), |g|=  582950.5
DEBUG:diffBragg.main:RotXYZ0_xtal0_deg=-0.0148, RotXYZ1_xtal0_deg=-0.1201, RotXYZ2_xtal0_deg=-0.0046, G_xtal0=212461924588245632.0000, Nabc0=24.1141, Ndef0=13.4964, Nabc1=31.3600, Ndef1=17.2749, Nabc2=26.2406, Ndef2=-11.1210, ucell0=27.4770, ucell1=32.3571, ucell2=34.3652, ucell3=1.5560, ucell4=1.2495, ucell5=1.2107, 
DEBUG:diffBragg.main:Hop=0 |it=245 | t/it=0.0567sF=   1923057 sigZ=  20.72883 (Fracs of F: LogLike: 100.0%; ), |g|=   1408243
DEBUG:diffBragg.main:RotXYZ0_xtal0_deg=-0.0148, RotXYZ1_xtal0_deg=-0.1205, RotXYZ2_xtal0_deg=-0.0046, G_xtal0=211994187679729056.0000, Nabc0=24.1168, Ndef0=13.4789, Nabc1=31.3488, Ndef1=17.2241, Nabc2=26.1967, Ndef2=-11.1536, ucell0=27.4776, ucell1=32.3564, ucell2=34.3651, ucell3=1.5561, ucell4=1.2495, ucell5=1.2107, 
DEBUG:diffBragg.main:Hop=0 |it=246 | t/it=0.0567sF=   1922988 sigZ=  20.72863 (Fracs of F: LogLike: 100.0%; ), |g|=    763720
DEBUG:diffBragg.main:RotXYZ0_xtal0_deg=-0.0149, RotXYZ1_xtal0_deg=-0.1208, RotXYZ2_xtal0_deg=-0.0046, G_xtal0=211605676458922016.0000, Nabc0=24.1279, Ndef0=13.4708, Nabc1=31.3493, Ndef1=17.1876, Nabc2=26.1616, Ndef2=-11.1760, ucell0=27.4779, ucell1=32.3560, ucell2=34.3652, ucell3=1.5561, ucell4=1.2495, ucell5=1.2107, 
DEBUG:diffBragg.main:Hop=0 |it=247 | t/it=0.0567sF=   1922924 sigZ=  20.72842 (Fracs of F: LogLike: 100.0%; ), |g|=    540035
DEBUG:diffBragg.main:RotXYZ0_xtal0_deg=-0.0149, RotXYZ1_xtal0_deg=-0.1211, RotXYZ2_xtal0_deg=-0.0046, G_xtal0=211264439971421280.0000, Nabc0=24.1458, Ndef0=13.4723, Nabc1=31.3592, Ndef1=17.1584, Nabc2=26.1335, Ndef2=-11.1943, ucell0=27.4781, ucell1=32.3556, ucell2=34.3655, ucell3=1.5561, ucell4=1.2495, ucell5=1.2107, 
DEBUG:diffBragg.main:Hop=0 |it=248 | t/it=0.0567sF=   1922872 sigZ=   20.7285 (Fracs of F: LogLike: 100.0%; ), |g|=  633740.2
DEBUG:diffBragg.main:RotXYZ0_xtal0_deg=-0.0149, RotXYZ1_xtal0_deg=-0.1210, RotXYZ2_xtal0_deg=-0.0046, G_xtal0=211055543828016928.0000, Nabc0=24.1906, Ndef0=13.4773, Nabc1=31.3710, Ndef1=17.1524, Nabc2=26.1041, Ndef2=-11.2019, ucell0=27.4774, ucell1=32.3560, ucell2=34.3654, ucell3=1.5561, ucell4=1.2495, ucell5=1.2107, 
DEBUG:diffBragg.main:Hop=0 |it=249 | t/it=0.0567sF=   1922832 sigZ=  20.72859 (Fracs of F: LogLike: 100.0%; ), |g|=    678764
DEBUG:diffBragg.main:RotXYZ0_xtal0_deg=-0.0149, RotXYZ1_xtal0_deg=-0.1207, RotXYZ2_xtal0_deg=-0.0046, G_xtal0=210222112951348160.0000, Nabc0=24.2505, Ndef0=13.3789, Nabc1=31.2964, Ndef1=17.1299, Nabc2=25.9509, Ndef2=-11.2431, ucell0=27.4760, ucell1=32.3573, ucell2=34.3650, ucell3=1.5561, ucell4=1.2495, ucell5=1.2107, 
DEBUG:diffBragg.main:Added 0 pixels from 0 shoeboxes to the untrusted list (8700 / 8700 trusted pixels remain)
DEBUG:diffBragg.main:Hop=0 |it=250 | t/it=0.0567sF=   1922832 sigZ=   20.7278 (Fracs of F: LogLike: 100.0%; ), |g|=   1427033
DEBUG:diffBragg.main:RotXYZ0_xtal0_deg=-0.0149, RotXYZ1_xtal0_deg=-0.1208, RotXYZ2_xtal0_deg=-0.0046, G_xtal0=210639537705680928.0000, Nabc0=24.2205, Ndef0=13.4282, Nabc1=31.3338, Ndef1=17.1412, Nabc2=26.0276, Ndef2=-11.2224, ucell0=27.4767, ucell1=32.3566, ucell2=34.3652, ucell3=1.5561, ucell4=1.2495, ucell5=1.2107, 
DEBUG:diffBragg.main:Hop=0 |it=251 | t/it=0.0567sF=   1922802 sigZ=  20.72802 (Fracs of F: LogLike: 100.0%; ), |g|=  704914.2
DEBUG:diffBragg.main:RotXYZ0_xtal0_deg=-0.0148, RotXYZ1_xtal0_deg=-0.1205, RotXYZ2_xtal0_deg=-0.0046, G_xtal0=210451734341676224.0000, Nabc0=24.2775, Ndef0=13.4202, Nabc1=31.3371, Ndef1=17.1496, Nabc2=25.9863, Ndef2=-11.2267, ucell0=27.4755, ucell1=32.3575, ucell2=34.3648, ucell3=1.5561, ucell4=1.2495, ucell5=1.2107, 
DEBUG:diffBragg.main:Hop=0 |it=252 | t/it=0.0567sF=   1922767 sigZ=  20.72803 (Fracs of F: LogLike: 100.0%; ), |g|=  373584.4
DEBUG:diffBragg.main:RotXYZ0_xtal0_deg=-0.0148, RotXYZ1_xtal0_deg=-0.1201, RotXYZ2_xtal0_deg=-0.0046, G_xtal0=210305287429533888.0000, Nabc0=24.3077, Ndef0=13.3884, Nabc1=31.3180, Ndef1=17.1607, Nabc2=25.9433, Ndef2=-11.2328, ucell0=27.4746, ucell1=32.3582, ucell2=34.3644, ucell3=1.5562, ucell4=1.2495, ucell5=1.2107, 
DEBUG:diffBragg.main:Hop=0 |it=253 | t/it=0.0567sF=   1922749 sigZ=  20.72765 (Fracs of F: LogLike: 100.0%; ), |g|=  228961.9
DEBUG:diffBragg.main:RotXYZ0_xtal0_deg=-0.0148, RotXYZ1_xtal0_deg=-0.1199, RotXYZ2_xtal0_deg=-0.0046, G_xtal0=210191424472800896.0000, Nabc0=24.3285, Ndef0=13.3580, Nabc1=31.3006, Ndef1=17.1703, Nabc2=25.9079, Ndef2=-11.2358, ucell0=27.4740, ucell1=32.3588, ucell2=34.3641, ucell3=1.5562, ucell4=1.2495, ucell5=1.2107, 
DEBUG:diffBragg.main:Hop=0 |it=254 | t/it=0.0567sF=   1922740 sigZ=  20.72715 (Fracs of F: LogLike: 100.0%; ), |g|=  272053.5
DEBUG:diffBragg.main:RotXYZ0_xtal0_deg=-0.0148, RotXYZ1_xtal0_deg=-0.1196, RotXYZ2_xtal0_deg=-0.0046, G_xtal0=210152481465901728.0000, Nabc0=24.3487, Ndef0=13.3451, Nabc1=31.2928, Ndef1=17.1823, Nabc2=25.8876, Ndef2=-11.2336, ucell0=27.4734, ucell1=32.3594, ucell2=34.3637, ucell3=1.5562, ucell4=1.2495, ucell5=1.2106, 
DEBUG:diffBragg.main:Hop=0 |it=255 | t/it=0.0567sF=   1922733 sigZ=  20.72699 (Fracs of F: LogLike: 100.0%; ), |g|=  243910.5
DEBUG:diffBragg.main:RotXYZ0_xtal0_deg=-0.0147, RotXYZ1_xtal0_deg=-0.1189, RotXYZ2_xtal0_deg=-0.0046, G_xtal0=210088412772825344.0000, Nabc0=24.4156, Ndef0=13.3329, Nabc1=31.2925, Ndef1=17.2161, Nabc2=25.8452, Ndef2=-11.2232, ucell0=27.4718, ucell1=32.3610, ucell2=34.3630, ucell3=1.5562, ucell4=1.2496, ucell5=1.2106, 
DEBUG:diffBragg.main:Hop=0 |it=256 | t/it=0.0567sF=   1922719 sigZ=  20.72713 (Fracs of F: LogLike: 100.0%; ), |g|=  189427.1
DEBUG:diffBragg.main:RotXYZ0_xtal0_deg=-0.0146, RotXYZ1_xtal0_deg=-0.1173, RotXYZ2_xtal0_deg=-0.0045, G_xtal0=210485022138991776.0000, Nabc0=24.5072, Ndef0=13.2737, Nabc1=31.2675, Ndef1=17.3474, Nabc2=25.7974, Ndef2=-11.1661, ucell0=27.4683, ucell1=32.3649, ucell2=34.3621, ucell3=1.5563, ucell4=1.2496, ucell5=1.2106, 
DEBUG:diffBragg.main:Hop=0 |it=257 | t/it=0.0567sF=   1922775 sigZ=  20.72572 (Fracs of F: LogLike: 100.0%; ), |g|=  906685.7
DEBUG:diffBragg.main:RotXYZ0_xtal0_deg=-0.0147, RotXYZ1_xtal0_deg=-0.1186, RotXYZ2_xtal0_deg=-0.0046, G_xtal0=210162722603279584.0000, Nabc0=24.4327, Ndef0=13.3218, Nabc1=31.2878, Ndef1=17.2407, Nabc2=25.8363, Ndef2=-11.2125, ucell0=27.4711, ucell1=32.3618, ucell2=34.3628, ucell3=1.5563, ucell4=1.2496, ucell5=1.2106, 
DEBUG:diffBragg.main:Hop=0 |it=258 | t/it=0.0567sF=   1922715 sigZ=  20.72678 (Fracs of F: LogLike: 100.0%; ), |g|=  138998.5
DEBUG:diffBragg.main:RotXYZ0_xtal0_deg=-0.0146, RotXYZ1_xtal0_deg=-0.1183, RotXYZ2_xtal0_deg=-0.0046, G_xtal0=210162527281209088.0000, Nabc0=24.4764, Ndef0=13.3279, Nabc1=31.3015, Ndef1=17.2626, Nabc2=25.8218, Ndef2=-11.2020, ucell0=27.4701, ucell1=32.3627, ucell2=34.3624, ucell3=1.5563, ucell4=1.2496, ucell5=1.2106, 
DEBUG:diffBragg.main:Hop=0 |it=259 | t/it=0.0567sF=   1922709 sigZ=  20.72702 (Fracs of F: LogLike: 100.0%; ), |g|=    120730
DEBUG:diffBragg.main:RotXYZ0_xtal0_deg=-0.0146, RotXYZ1_xtal0_deg=-0.1180, RotXYZ2_xtal0_deg=-0.0046, G_xtal0=210044263203006688.0000, Nabc0=24.5171, Ndef0=13.3251, Nabc1=31.3124, Ndef1=17.2741, Nabc2=25.7951, Ndef2=-11.2032, ucell0=27.4692, ucell1=32.3635, ucell2=34.3621, ucell3=1.5563, ucell4=1.2496, ucell5=1.2106, 
DEBUG:diffBragg.main:Hop=0 |it=260 | t/it=0.0567sF=   1922710 sigZ=  20.72761 (Fracs of F: LogLike: 100.0%; ), |g|=  505743.7
DEBUG:diffBragg.main:RotXYZ0_xtal0_deg=-0.0146, RotXYZ1_xtal0_deg=-0.1181, RotXYZ2_xtal0_deg=-0.0046, G_xtal0=210104778511364608.0000, Nabc0=24.4963, Ndef0=13.3265, Nabc1=31.3068, Ndef1=17.2682, Nabc2=25.8088, Ndef2=-11.2026, ucell0=27.4697, ucell1=32.3631, ucell2=34.3622, ucell3=1.5563, ucell4=1.2496, ucell5=1.2106, 
DEBUG:diffBragg.main:Hop=0 |it=261 | t/it=0.0567sF=   1922707 sigZ=  20.72729 (Fracs of F: LogLike: 100.0%; ), |g|=  218772.3
DEBUG:diffBragg.main:RotXYZ0_xtal0_deg=-0.0146, RotXYZ1_xtal0_deg=-0.1180, RotXYZ2_xtal0_deg=-0.0046, G_xtal0=210124002080237600.0000, Nabc0=24.5115, Ndef0=13.3309, Nabc1=31.3170, Ndef1=17.2786, Nabc2=25.8076, Ndef2=-11.1977, ucell0=27.4693, ucell1=32.3634, ucell2=34.3621, ucell3=1.5563, ucell4=1.2496, ucell5=1.2106, 
DEBUG:diffBragg.main:Hop=0 |it=262 | t/it=0.0567sF=   1922703 sigZ=  20.72741 (Fracs of F: LogLike: 100.0%; ), |g|=  162145.2
DEBUG:diffBragg.main:RotXYZ0_xtal0_deg=-0.0146, RotXYZ1_xtal0_deg=-0.1179, RotXYZ2_xtal0_deg=-0.0046, G_xtal0=210195733090266048.0000, Nabc0=24.5345, Ndef0=13.3413, Nabc1=31.3472, Ndef1=17.3028, Nabc2=25.8145, Ndef2=-11.1882, ucell0=27.4686, ucell1=32.3639, ucell2=34.3619, ucell3=1.5563, ucell4=1.2496, ucell5=1.2106, 
DEBUG:diffBragg.main:Hop=0 |it=263 | t/it=0.0567sF=   1922691 sigZ=  20.72775 (Fracs of F: LogLike: 100.0%; ), |g|=  196801.1
DEBUG:diffBragg.main:RotXYZ0_xtal0_deg=-0.0146, RotXYZ1_xtal0_deg=-0.1180, RotXYZ2_xtal0_deg=-0.0046, G_xtal0=210309180653601088.0000, Nabc0=24.5437, Ndef0=13.3518, Nabc1=31.3943, Ndef1=17.3323, Nabc2=25.8354, Ndef2=-11.1798, ucell0=27.4679, ucell1=32.3641, ucell2=34.3617, ucell3=1.5563, ucell4=1.2496, ucell5=1.2105, 
DEBUG:diffBragg.main:Hop=0 |it=264 | t/it=0.0567sF=   1922671 sigZ=  20.72821 (Fracs of F: LogLike: 100.0%; ), |g|=  282377.5
DEBUG:diffBragg.main:RotXYZ0_xtal0_deg=-0.0146, RotXYZ1_xtal0_deg=-0.1180, RotXYZ2_xtal0_deg=-0.0046, G_xtal0=210148099083684896.0000, Nabc0=24.5633, Ndef0=13.2738, Nabc1=31.4300, Ndef1=17.3969, Nabc2=25.7851, Ndef2=-11.2008, ucell0=27.4657, ucell1=32.3651, ucell2=34.3612, ucell3=1.5564, ucell4=1.2497, ucell5=1.2105, 
DEBUG:diffBragg.main:Hop=0 |it=265 | t/it=0.0567sF=   1922733 sigZ=  20.72946 (Fracs of F: LogLike: 100.0%; ), |g|=   2136311
DEBUG:diffBragg.main:RotXYZ0_xtal0_deg=-0.0146, RotXYZ1_xtal0_deg=-0.1180, RotXYZ2_xtal0_deg=-0.0046, G_xtal0=210266637499819616.0000, Nabc0=24.5489, Ndef0=13.3312, Nabc1=31.4037, Ndef1=17.3494, Nabc2=25.8221, Ndef2=-11.1853, ucell0=27.4674, ucell1=32.3643, ucell2=34.3616, ucell3=1.5563, ucell4=1.2496, ucell5=1.2105, 
DEBUG:diffBragg.main:Hop=0 |it=266 | t/it=0.0567sF=   1922661 sigZ=  20.72839 (Fracs of F: LogLike: 100.0%; ), |g|=    696243
DEBUG:diffBragg.main:RotXYZ0_xtal0_deg=-0.0147, RotXYZ1_xtal0_deg=-0.1185, RotXYZ2_xtal0_deg=-0.0046, G_xtal0=210343889980837664.0000, Nabc0=24.5278, Ndef0=13.3310, Nabc1=31.4585, Ndef1=17.3694, Nabc2=25.8523, Ndef2=-11.1886, ucell0=27.4673, ucell1=32.3637, ucell2=34.3616, ucell3=1.5563, ucell4=1.2497, ucell5=1.2105, 
DEBUG:diffBragg.main:Hop=0 |it=267 | t/it=0.0567sF=   1922632 sigZ=  20.72878 (Fracs of F: LogLike: 100.0%; ), |g|=  475235.5
DEBUG:diffBragg.main:RotXYZ0_xtal0_deg=-0.0148, RotXYZ1_xtal0_deg=-0.1193, RotXYZ2_xtal0_deg=-0.0047, G_xtal0=210341029024382368.0000, Nabc0=24.4687, Ndef0=13.3125, Nabc1=31.4920, Ndef1=17.3628, Nabc2=25.8802, Ndef2=-11.2092, ucell0=27.4680, ucell1=32.3623, ucell2=34.3618, ucell3=1.5563, ucell4=1.2497, ucell5=1.2105, 
DEBUG:diffBragg.main:Hop=0 |it=268 | t/it=0.0567sF=   1922606 sigZ=  20.72881 (Fracs of F: LogLike: 100.0%; ), |g|=  242053.4
DEBUG:diffBragg.main:RotXYZ0_xtal0_deg=-0.0148, RotXYZ1_xtal0_deg=-0.1196, RotXYZ2_xtal0_deg=-0.0047, G_xtal0=210320651972627744.0000, Nabc0=24.4348, Ndef0=13.2787, Nabc1=31.4932, Ndef1=17.3627, Nabc2=25.8783, Ndef2=-11.2265, ucell0=27.4682, ucell1=32.3618, ucell2=34.3617, ucell3=1.5563, ucell4=1.2497, ucell5=1.2105, 
DEBUG:diffBragg.main:Hop=0 |it=269 | t/it=0.0567sF=   1922592 sigZ=  20.72855 (Fracs of F: LogLike: 100.0%; ), |g|=  234789.7
DEBUG:diffBragg.main:RotXYZ0_xtal0_deg=-0.0148, RotXYZ1_xtal0_deg=-0.1198, RotXYZ2_xtal0_deg=-0.0047, G_xtal0=210292284457556480.0000, Nabc0=24.4128, Ndef0=13.2585, Nabc1=31.4922, Ndef1=17.3550, Nabc2=25.8744, Ndef2=-11.2426, ucell0=27.4684, ucell1=32.3614, ucell2=34.3617, ucell3=1.5563, ucell4=1.2497, ucell5=1.2105, 
DEBUG:diffBragg.main:Hop=0 |it=270 | t/it=0.0567sF=   1922582 sigZ=  20.72841 (Fracs of F: LogLike: 100.0%; ), |g|=  279373.6
DEBUG:diffBragg.main:RotXYZ0_xtal0_deg=-0.0148, RotXYZ1_xtal0_deg=-0.1198, RotXYZ2_xtal0_deg=-0.0047, G_xtal0=210313504330184032.0000, Nabc0=24.4039, Ndef0=13.2428, Nabc1=31.4871, Ndef1=17.3537, Nabc2=25.8686, Ndef2=-11.2517, ucell0=27.4684, ucell1=32.3614, ucell2=34.3616, ucell3=1.5563, ucell4=1.2497, ucell5=1.2105, 
DEBUG:diffBragg.main:Hop=0 |it=271 | t/it=0.0567sF=   1922572 sigZ=  20.72821 (Fracs of F: LogLike: 100.0%; ), |g|=  194761.5
DEBUG:diffBragg.main:RotXYZ0_xtal0_deg=-0.0148, RotXYZ1_xtal0_deg=-0.1193, RotXYZ2_xtal0_deg=-0.0047, G_xtal0=210527238524589696.0000, Nabc0=24.4143, Ndef0=13.2055, Nabc1=31.4877, Ndef1=17.3823, Nabc2=25.8518, Ndef2=-11.2621, ucell0=27.4671, ucell1=32.3624, ucell2=34.3609, ucell3=1.5563, ucell4=1.2497, ucell5=1.2105, 
DEBUG:diffBragg.main:Hop=0 |it=272 | t/it=0.0567sF=   1922546 sigZ=  20.72762 (Fracs of F: LogLike: 100.0%; ), |g|=  180048.2
DEBUG:diffBragg.main:RotXYZ0_xtal0_deg=-0.0148, RotXYZ1_xtal0_deg=-0.1199, RotXYZ2_xtal0_deg=-0.0047, G_xtal0=211683797498570848.0000, Nabc0=24.3103, Ndef0=13.3095, Nabc1=31.6135, Ndef1=17.3782, Nabc2=26.0181, Ndef2=-11.2879, ucell0=27.4674, ucell1=32.3604, ucell2=34.3604, ucell3=1.5562, ucell4=1.2497, ucell5=1.2104, 
DEBUG:diffBragg.main:Hop=0 |it=273 | t/it=0.0567sF=   1922711 sigZ=  20.73215 (Fracs of F: LogLike: 100.0%; ), |g|=   1900963
DEBUG:diffBragg.main:RotXYZ0_xtal0_deg=-0.0148, RotXYZ1_xtal0_deg=-0.1195, RotXYZ2_xtal0_deg=-0.0047, G_xtal0=210747619072858720.0000, Nabc0=24.3945, Ndef0=13.2253, Nabc1=31.5117, Ndef1=17.3816, Nabc2=25.8835, Ndef2=-11.2670, ucell0=27.4671, ucell1=32.3620, ucell2=34.3608, ucell3=1.5563, ucell4=1.2497, ucell5=1.2105, 
DEBUG:diffBragg.main:Hop=0 |it=274 | t/it=0.0567sF=   1922537 sigZ=  20.72824 (Fracs of F: LogLike: 100.0%; ), |g|=  324440.5
DEBUG:diffBragg.main:RotXYZ0_xtal0_deg=-0.0148, RotXYZ1_xtal0_deg=-0.1192, RotXYZ2_xtal0_deg=-0.0047, G_xtal0=211017676632000384.0000, Nabc0=24.4088, Ndef0=13.2262, Nabc1=31.5511, Ndef1=17.4155, Nabc2=25.8974, Ndef2=-11.2655, ucell0=27.4659, ucell1=32.3627, ucell2=34.3604, ucell3=1.5563, ucell4=1.2497, ucell5=1.2104, 
DEBUG:diffBragg.main:Hop=0 |it=275 | t/it=0.0567sF=   1922519 sigZ=  20.72851 (Fracs of F: LogLike: 100.0%; ), |g|=  258477.9
DEBUG:diffBragg.main:RotXYZ0_xtal0_deg=-0.0148, RotXYZ1_xtal0_deg=-0.1194, RotXYZ2_xtal0_deg=-0.0047, G_xtal0=211481394601697760.0000, Nabc0=24.3861, Ndef0=13.2251, Nabc1=31.6270, Ndef1=17.4562, Nabc2=25.9439, Ndef2=-11.2664, ucell0=27.4649, ucell1=32.3627, ucell2=34.3600, ucell3=1.5563, ucell4=1.2498, ucell5=1.2104, 
DEBUG:diffBragg.main:Hop=0 |it=276 | t/it=0.0567sF=   1922531 sigZ=  20.72839 (Fracs of F: LogLike: 100.0%; ), |g|=  984997.8
DEBUG:diffBragg.main:RotXYZ0_xtal0_deg=-0.0148, RotXYZ1_xtal0_deg=-0.1193, RotXYZ2_xtal0_deg=-0.0047, G_xtal0=211200599173766496.0000, Nabc0=24.3998, Ndef0=13.2257, Nabc1=31.5810, Ndef1=17.4316, Nabc2=25.9158, Ndef2=-11.2659, ucell0=27.4655, ucell1=32.3627, ucell2=34.3603, ucell3=1.5563, ucell4=1.2497, ucell5=1.2104, 
DEBUG:diffBragg.main:Hop=0 |it=277 | t/it=0.0567sF=   1922511 sigZ=  20.72839 (Fracs of F: LogLike: 100.0%; ), |g|=  360830.7
DEBUG:diffBragg.main:RotXYZ0_xtal0_deg=-0.0148, RotXYZ1_xtal0_deg=-0.1193, RotXYZ2_xtal0_deg=-0.0047, G_xtal0=211373775597107136.0000, Nabc0=24.4012, Ndef0=13.2453, Nabc1=31.6176, Ndef1=17.4450, Nabc2=25.9389, Ndef2=-11.2631, ucell0=27.4650, ucell1=32.3627, ucell2=34.3602, ucell3=1.5563, ucell4=1.2498, ucell5=1.2104, 
DEBUG:diffBragg.main:Hop=0 |it=278 | t/it=0.0567sF=   1922501 sigZ=  20.72895 (Fracs of F: LogLike: 100.0%; ), |g|=  163105.9
DEBUG:diffBragg.main:RotXYZ0_xtal0_deg=-0.0148, RotXYZ1_xtal0_deg=-0.1195, RotXYZ2_xtal0_deg=-0.0047, G_xtal0=211471167678351616.0000, Nabc0=24.3840, Ndef0=13.2636, Nabc1=31.6379, Ndef1=17.4372, Nabc2=25.9608, Ndef2=-11.2650, ucell0=27.4652, ucell1=32.3622, ucell2=34.3604, ucell3=1.5563, ucell4=1.2498, ucell5=1.2104, 
DEBUG:diffBragg.main:Hop=0 |it=279 | t/it=0.0567sF=   1922493 sigZ=  20.72919 (Fracs of F: LogLike: 100.0%; ), |g|=    235581
DEBUG:diffBragg.main:RotXYZ0_xtal0_deg=-0.0148, RotXYZ1_xtal0_deg=-0.1201, RotXYZ2_xtal0_deg=-0.0048, G_xtal0=211561917819207008.0000, Nabc0=24.3434, Ndef0=13.2833, Nabc1=31.6655, Ndef1=17.4168, Nabc2=25.9911, Ndef2=-11.2746, ucell0=27.4658, ucell1=32.3612, ucell2=34.3607, ucell3=1.5563, ucell4=1.2498, ucell5=1.2104, 
DEBUG:diffBragg.main:Hop=0 |it=280 | t/it=0.0567sF=   1922480 sigZ=   20.7295 (Fracs of F: LogLike: 100.0%; ), |g|=  349381.3
DEBUG:diffBragg.main:RotXYZ0_xtal0_deg=-0.0149, RotXYZ1_xtal0_deg=-0.1208, RotXYZ2_xtal0_deg=-0.0048, G_xtal0=211631176047931072.0000, Nabc0=24.2832, Ndef0=13.2931, Nabc1=31.6851, Ndef1=17.3834, Nabc2=26.0132, Ndef2=-11.2936, ucell0=27.4664, ucell1=32.3598, ucell2=34.3610, ucell3=1.5562, ucell4=1.2498, ucell5=1.2104, 
DEBUG:diffBragg.main:Hop=0 |it=281 | t/it=0.0567sF=   1922459 sigZ=  20.72969 (Fracs of F: LogLike: 100.0%; ), |g|=  405357.2
DEBUG:diffBragg.main:RotXYZ0_xtal0_deg=-0.0150, RotXYZ1_xtal0_deg=-0.1216, RotXYZ2_xtal0_deg=-0.0049, G_xtal0=211862648914002208.0000, Nabc0=24.2324, Ndef0=13.3633, Nabc1=31.7437, Ndef1=17.3183, Nabc2=26.0284, Ndef2=-11.2871, ucell0=27.4652, ucell1=32.3589, ucell2=34.3614, ucell3=1.5562, ucell4=1.2498, ucell5=1.2103, 
DEBUG:diffBragg.main:Hop=0 |it=282 | t/it=0.0567sF=   1922593 sigZ=  20.72918 (Fracs of F: LogLike: 100.0%; ), |g|=   2287411
DEBUG:diffBragg.main:RotXYZ0_xtal0_deg=-0.0149, RotXYZ1_xtal0_deg=-0.1209, RotXYZ2_xtal0_deg=-0.0048, G_xtal0=211679417460693344.0000, Nabc0=24.2726, Ndef0=13.3077, Nabc1=31.6973, Ndef1=17.3698, Nabc2=26.0164, Ndef2=-11.2922, ucell0=27.4662, ucell1=32.3596, ucell2=34.3611, ucell3=1.5562, ucell4=1.2498, ucell5=1.2104, 
DEBUG:diffBragg.main:Hop=0 |it=283 | t/it=0.0567sF=   1922449 sigZ=  20.72936 (Fracs of F: LogLike: 100.0%; ), |g|=  389248.1
DEBUG:diffBragg.main:RotXYZ0_xtal0_deg=-0.0150, RotXYZ1_xtal0_deg=-0.1219, RotXYZ2_xtal0_deg=-0.0049, G_xtal0=211730148274932128.0000, Nabc0=24.1785, Ndef0=13.2982, Nabc1=31.6964, Ndef1=17.3093, Nabc2=26.0198, Ndef2=-11.3254, ucell0=27.4669, ucell1=32.3579, ucell2=34.3613, ucell3=1.5562, ucell4=1.2498, ucell5=1.2104, 
DEBUG:diffBragg.main:Hop=0 |it=284 | t/it=0.0567sF=   1922413 sigZ=  20.72879 (Fracs of F: LogLike: 100.0%; ), |g|=  307543.1
DEBUG:diffBragg.main:RotXYZ0_xtal0_deg=-0.0151, RotXYZ1_xtal0_deg=-0.1225, RotXYZ2_xtal0_deg=-0.0049, G_xtal0=211960338741977280.0000, Nabc0=24.1113, Ndef0=13.3397, Nabc1=31.7117, Ndef1=17.2710, Nabc2=25.9895, Ndef2=-11.3418, ucell0=27.4653, ucell1=32.3574, ucell2=34.3610, ucell3=1.5561, ucell4=1.2498, ucell5=1.2103, 
DEBUG:diffBragg.main:Hop=0 |it=285 | t/it=0.0567sF=   1922397 sigZ=  20.73166 (Fracs of F: LogLike: 100.0%; ), |g|=   1197878
DEBUG:diffBragg.main:RotXYZ0_xtal0_deg=-0.0151, RotXYZ1_xtal0_deg=-0.1224, RotXYZ2_xtal0_deg=-0.0050, G_xtal0=211906974373575584.0000, Nabc0=24.1047, Ndef0=13.3197, Nabc1=31.6796, Ndef1=17.2442, Nabc2=25.9553, Ndef2=-11.3348, ucell0=27.4649, ucell1=32.3577, ucell2=34.3607, ucell3=1.5561, ucell4=1.2499, ucell5=1.2103, 
DEBUG:diffBragg.main:Hop=0 |it=286 | t/it=0.0567sF=   1922312 sigZ=  20.72862 (Fracs of F: LogLike: 100.0%; ), |g|=  579504.5
DEBUG:diffBragg.main:RotXYZ0_xtal0_deg=-0.0150, RotXYZ1_xtal0_deg=-0.1219, RotXYZ2_xtal0_deg=-0.0050, G_xtal0=211931370953517184.0000, Nabc0=24.1242, Ndef0=13.3177, Nabc1=31.6314, Ndef1=17.2184, Nabc2=25.8625, Ndef2=-11.3013, ucell0=27.4623, ucell1=32.3594, ucell2=34.3596, ucell3=1.5562, ucell4=1.2499, ucell5=1.2102, 
DEBUG:diffBragg.main:Hop=0 |it=287 | t/it=0.0567sF=   1922214 sigZ=  20.72521 (Fracs of F: LogLike: 100.0%; ), |g|=  416375.5
DEBUG:diffBragg.main:RotXYZ0_xtal0_deg=-0.0150, RotXYZ1_xtal0_deg=-0.1208, RotXYZ2_xtal0_deg=-0.0050, G_xtal0=212363982791499072.0000, Nabc0=24.1860, Ndef0=13.3725, Nabc1=31.6180, Ndef1=17.2219, Nabc2=25.7189, Ndef2=-11.2237, ucell0=27.4553, ucell1=32.3633, ucell2=34.3571, ucell3=1.5562, ucell4=1.2501, ucell5=1.2101, 
DEBUG:diffBragg.main:Hop=0 |it=288 | t/it=0.0567sF=   1922088 sigZ=  20.72265 (Fracs of F: LogLike: 100.0%; ), |g|=  960347.9
DEBUG:diffBragg.main:RotXYZ0_xtal0_deg=-0.0149, RotXYZ1_xtal0_deg=-0.1199, RotXYZ2_xtal0_deg=-0.0051, G_xtal0=212605707107020192.0000, Nabc0=24.2294, Ndef0=13.4314, Nabc1=31.5524, Ndef1=17.1798, Nabc2=25.4735, Ndef2=-11.1270, ucell0=27.4463, ucell1=32.3677, ucell2=34.3542, ucell3=1.5563, ucell4=1.2503, ucell5=1.2098, 
DEBUG:diffBragg.main:Hop=0 |it=289 | t/it=0.0567sF=   1922041 sigZ=  20.71949 (Fracs of F: LogLike: 100.0%; ), |g|=   1200429
DEBUG:diffBragg.main:RotXYZ0_xtal0_deg=-0.0149, RotXYZ1_xtal0_deg=-0.1200, RotXYZ2_xtal0_deg=-0.0051, G_xtal0=212833986260617504.0000, Nabc0=24.2347, Ndef0=13.4701, Nabc1=31.6159, Ndef1=17.2149, Nabc2=25.5416, Ndef2=-11.1282, ucell0=27.4467, ucell1=32.3673, ucell2=34.3543, ucell3=1.5563, ucell4=1.2503, ucell5=1.2098, 
DEBUG:diffBragg.main:Hop=0 |it=290 | t/it=0.0567sF=   1921960 sigZ=  20.72173 (Fracs of F: LogLike: 100.0%; ), |g|=  283810.2
DEBUG:diffBragg.main:RotXYZ0_xtal0_deg=-0.0149, RotXYZ1_xtal0_deg=-0.1201, RotXYZ2_xtal0_deg=-0.0052, G_xtal0=212992325563171712.0000, Nabc0=24.2356, Ndef0=13.5046, Nabc1=31.6573, Ndef1=17.2313, Nabc2=25.5713, Ndef2=-11.1203, ucell0=27.4464, ucell1=32.3673, ucell2=34.3543, ucell3=1.5562, ucell4=1.2503, ucell5=1.2098, 
DEBUG:diffBragg.main:Hop=0 |it=291 | t/it=0.0567sF=   1921938 sigZ=  20.72309 (Fracs of F: LogLike: 100.0%; ), |g|=  286189.7
DEBUG:diffBragg.main:RotXYZ0_xtal0_deg=-0.0149, RotXYZ1_xtal0_deg=-0.1203, RotXYZ2_xtal0_deg=-0.0052, G_xtal0=213198477344041408.0000, Nabc0=24.2294, Ndef0=13.5446, Nabc1=31.6937, Ndef1=17.2403, Nabc2=25.5788, Ndef2=-11.1022, ucell0=27.4450, ucell1=32.3675, ucell2=34.3538, ucell3=1.5562, ucell4=1.2504, ucell5=1.2098, 
DEBUG:diffBragg.main:Hop=0 |it=292 | t/it=0.0567sF=   1921907 sigZ=  20.72399 (Fracs of F: LogLike: 100.0%; ), |g|=  461469.8
DEBUG:diffBragg.main:RotXYZ0_xtal0_deg=-0.0150, RotXYZ1_xtal0_deg=-0.1210, RotXYZ2_xtal0_deg=-0.0053, G_xtal0=213653387882059584.0000, Nabc0=24.1852, Ndef0=13.6158, Nabc1=31.7795, Ndef1=17.2433, Nabc2=25.6216, Ndef2=-11.0841, ucell0=27.4430, ucell1=32.3674, ucell2=34.3533, ucell3=1.5562, ucell4=1.2505, ucell5=1.2097, 
DEBUG:diffBragg.main:Hop=0 |it=293 | t/it=0.0567sF=   1921861 sigZ=  20.72551 (Fracs of F: LogLike: 100.0%; ), |g|=  601104.9
DEBUG:diffBragg.main:RotXYZ0_xtal0_deg=-0.0151, RotXYZ1_xtal0_deg=-0.1220, RotXYZ2_xtal0_deg=-0.0054, G_xtal0=214217942938325984.0000, Nabc0=24.1018, Ndef0=13.6904, Nabc1=31.8631, Ndef1=17.2196, Nabc2=25.6421, Ndef2=-11.0519, ucell0=27.4395, ucell1=32.3669, ucell2=34.3523, ucell3=1.5562, ucell4=1.2506, ucell5=1.2096, 
DEBUG:diffBragg.main:Hop=0 |it=294 | t/it=0.0567sF=   1921857 sigZ=  20.72505 (Fracs of F: LogLike: 100.0%; ), |g|=   1697529
DEBUG:diffBragg.main:RotXYZ0_xtal0_deg=-0.0151, RotXYZ1_xtal0_deg=-0.1215, RotXYZ2_xtal0_deg=-0.0053, G_xtal0=213942424899484416.0000, Nabc0=24.1425, Ndef0=13.6540, Nabc1=31.8223, Ndef1=17.2312, Nabc2=25.6321, Ndef2=-11.0676, ucell0=27.4412, ucell1=32.3671, ucell2=34.3528, ucell3=1.5562, ucell4=1.2505, ucell5=1.2097, 
DEBUG:diffBragg.main:Hop=0 |it=295 | t/it=0.0567sF=   1921833 sigZ=  20.72512 (Fracs of F: LogLike: 100.0%; ), |g|=  859054.1
DEBUG:diffBragg.main:RotXYZ0_xtal0_deg=-0.0151, RotXYZ1_xtal0_deg=-0.1218, RotXYZ2_xtal0_deg=-0.0054, G_xtal0=214102535555169984.0000, Nabc0=24.1162, Ndef0=13.6615, Nabc1=31.8393, Ndef1=17.2224, Nabc2=25.6340, Ndef2=-11.0625, ucell0=27.4401, ucell1=32.3671, ucell2=34.3524, ucell3=1.5562, ucell4=1.2506, ucell5=1.2096, 
DEBUG:diffBragg.main:Hop=0 |it=296 | t/it=0.0567sF=   1921798 sigZ=  20.72428 (Fracs of F: LogLike: 100.0%; ), |g|=  503405.3
DEBUG:diffBragg.main:RotXYZ0_xtal0_deg=-0.0152, RotXYZ1_xtal0_deg=-0.1224, RotXYZ2_xtal0_deg=-0.0054, G_xtal0=214325205406904224.0000, Nabc0=24.0550, Ndef0=13.6508, Nabc1=31.8558, Ndef1=17.2014, Nabc2=25.6405, Ndef2=-11.0649, ucell0=27.4388, ucell1=32.3667, ucell2=34.3519, ucell3=1.5562, ucell4=1.2506, ucell5=1.2096, 
DEBUG:diffBragg.main:Hop=0 |it=297 | t/it=0.0567sF=   1921750 sigZ=  20.72227 (Fracs of F: LogLike: 100.0%; ), |g|=  592377.5
DEBUG:diffBragg.main:RotXYZ0_xtal0_deg=-0.0152, RotXYZ1_xtal0_deg=-0.1228, RotXYZ2_xtal0_deg=-0.0055, G_xtal0=214453625152697312.0000, Nabc0=24.0170, Ndef0=13.6431, Nabc1=31.8614, Ndef1=17.1906, Nabc2=25.6394, Ndef2=-11.0687, ucell0=27.4379, ucell1=32.3664, ucell2=34.3516, ucell3=1.5562, ucell4=1.2507, ucell5=1.2095, 
DEBUG:diffBragg.main:Hop=0 |it=298 | t/it=0.0567sF=   1921723 sigZ=  20.72154 (Fracs of F: LogLike: 100.0%; ), |g|=  739605.7
DEBUG:diffBragg.main:RotXYZ0_xtal0_deg=-0.0154, RotXYZ1_xtal0_deg=-0.1241, RotXYZ2_xtal0_deg=-0.0057, G_xtal0=215009966494534592.0000, Nabc0=23.8748, Ndef0=13.6160, Nabc1=31.8754, Ndef1=17.1551, Nabc2=25.6142, Ndef2=-11.0854, ucell0=27.4333, ucell1=32.3662, ucell2=34.3502, ucell3=1.5561, ucell4=1.2508, ucell5=1.2094, 
DEBUG:diffBragg.main:Hop=0 |it=299 | t/it=0.0567sF=   1921620 sigZ=  20.71983 (Fracs of F: LogLike: 100.0%; ), |g|=  927091.3
DEBUG:diffBragg.main:RotXYZ0_xtal0_deg=-0.0156, RotXYZ1_xtal0_deg=-0.1267, RotXYZ2_xtal0_deg=-0.0058, G_xtal0=215880398802526880.0000, Nabc0=23.6526, Ndef0=13.5388, Nabc1=32.0016, Ndef1=17.1848, Nabc2=25.8301, Ndef2=-11.1783, ucell0=27.4331, ucell1=32.3624, ucell2=34.3507, ucell3=1.5560, ucell4=1.2509, ucell5=1.2093, 
DEBUG:diffBragg.main:Added 0 pixels from 0 shoeboxes to the untrusted list (8700 / 8700 trusted pixels remain)
DEBUG:diffBragg.main:Hop=0 |it=300 | t/it=0.0567sF=   1921637 sigZ=  20.72063 (Fracs of F: LogLike: 100.0%; ), |g|=   1966531
DEBUG:diffBragg.main:RotXYZ0_xtal0_deg=-0.0155, RotXYZ1_xtal0_deg=-0.1253, RotXYZ2_xtal0_deg=-0.0057, G_xtal0=215416264014621664.0000, Nabc0=23.7709, Ndef0=13.5800, Nabc1=31.9343, Ndef1=17.1690, Nabc2=25.7149, Ndef2=-11.1288, ucell0=27.4332, ucell1=32.3644, ucell2=34.3504, ucell3=1.5561, ucell4=1.2508, ucell5=1.2094, 
DEBUG:diffBragg.main:Hop=0 |it=301 | t/it=0.0567sF=   1921567 sigZ=  20.71984 (Fracs of F: LogLike: 100.0%; ), |g|=   1279212
DEBUG:diffBragg.main:RotXYZ0_xtal0_deg=-0.0156, RotXYZ1_xtal0_deg=-0.1262, RotXYZ2_xtal0_deg=-0.0058, G_xtal0=215712263715214464.0000, Nabc0=23.6770, Ndef0=13.5256, Nabc1=31.9343, Ndef1=17.1612, Nabc2=25.7364, Ndef2=-11.1797, ucell0=27.4314, ucell1=32.3639, ucell2=34.3501, ucell3=1.5561, ucell4=1.2509, ucell5=1.2093, 
DEBUG:diffBragg.main:Hop=0 |it=302 | t/it=0.0567sF=   1921496 sigZ=  20.72011 (Fracs of F: LogLike: 100.0%; ), |g|=  617928.6
DEBUG:diffBragg.main:RotXYZ0_xtal0_deg=-0.0156, RotXYZ1_xtal0_deg=-0.1262, RotXYZ2_xtal0_deg=-0.0059, G_xtal0=215875658856588576.0000, Nabc0=23.6730, Ndef0=13.5451, Nabc1=31.9439, Ndef1=17.1701, Nabc2=25.7185, Ndef2=-11.1693, ucell0=27.4296, ucell1=32.3645, ucell2=34.3495, ucell3=1.5561, ucell4=1.2510, ucell5=1.2092, 
DEBUG:diffBragg.main:Hop=0 |it=303 | t/it=0.0567sF=   1921461 sigZ=  20.72106 (Fracs of F: LogLike: 100.0%; ), |g|=  248945.4
DEBUG:diffBragg.main:RotXYZ0_xtal0_deg=-0.0156, RotXYZ1_xtal0_deg=-0.1258, RotXYZ2_xtal0_deg=-0.0058, G_xtal0=215878565032325120.0000, Nabc0=23.7100, Ndef0=13.5453, Nabc1=31.9280, Ndef1=17.1939, Nabc2=25.6912, Ndef2=-11.1604, ucell0=27.4284, ucell1=32.3656, ucell2=34.3491, ucell3=1.5561, ucell4=1.2510, ucell5=1.2092, 
DEBUG:diffBragg.main:Hop=0 |it=304 | t/it=0.0567sF=   1921427 sigZ=  20.72176 (Fracs of F: LogLike: 100.0%; ), |g|=    500629
DEBUG:diffBragg.main:RotXYZ0_xtal0_deg=-0.0155, RotXYZ1_xtal0_deg=-0.1252, RotXYZ2_xtal0_deg=-0.0058, G_xtal0=215914221820424096.0000, Nabc0=23.7607, Ndef0=13.5416, Nabc1=31.9135, Ndef1=17.2275, Nabc2=25.6679, Ndef2=-11.1499, ucell0=27.4269, ucell1=32.3671, ucell2=34.3486, ucell3=1.5561, ucell4=1.2510, ucell5=1.2092, 
DEBUG:diffBragg.main:Hop=0 |it=305 | t/it=0.0567sF=   1921387 sigZ=  20.72216 (Fracs of F: LogLike: 100.0%; ), |g|=  862892.6
DEBUG:diffBragg.main:RotXYZ0_xtal0_deg=-0.0154, RotXYZ1_xtal0_deg=-0.1241, RotXYZ2_xtal0_deg=-0.0058, G_xtal0=216072373464133952.0000, Nabc0=23.8442, Ndef0=13.5236, Nabc1=31.8855, Ndef1=17.2852, Nabc2=25.6228, Ndef2=-11.1338, ucell0=27.4233, ucell1=32.3700, ucell2=34.3474, ucell3=1.5562, ucell4=1.2511, ucell5=1.2091, 
DEBUG:diffBragg.main:Hop=0 |it=306 | t/it=0.0567sF=   1921308 sigZ=    20.722 (Fracs of F: LogLike: 100.0%; ), |g|=   1262100
DEBUG:diffBragg.main:RotXYZ0_xtal0_deg=-0.0153, RotXYZ1_xtal0_deg=-0.1225, RotXYZ2_xtal0_deg=-0.0059, G_xtal0=216790377533710720.0000, Nabc0=23.9686, Ndef0=13.5002, Nabc1=31.8705, Ndef1=17.3956, Nabc2=25.5562, Ndef2=-11.0959, ucell0=27.4137, ucell1=32.3759, ucell2=34.3440, ucell3=1.5563, ucell4=1.2513, ucell5=1.2089, 
DEBUG:diffBragg.main:Hop=0 |it=307 | t/it=0.0567sF=   1921152 sigZ=  20.72055 (Fracs of F: LogLike: 100.0%; ), |g|=   2168140
DEBUG:diffBragg.main:RotXYZ0_xtal0_deg=-0.0151, RotXYZ1_xtal0_deg=-0.1193, RotXYZ2_xtal0_deg=-0.0061, G_xtal0=218146170447249216.0000, Nabc0=24.2164, Ndef0=13.4614, Nabc1=31.8429, Ndef1=17.6015, Nabc2=25.4270, Ndef2=-11.0361, ucell0=27.3952, ucell1=32.3874, ucell2=34.3377, ucell3=1.5565, ucell4=1.2518, ucell5=1.2084, 
DEBUG:diffBragg.main:Hop=0 |it=308 | t/it=0.0567sF=   1920957 sigZ=  20.72002 (Fracs of F: LogLike: 100.0%; ), |g|=   1659891
DEBUG:diffBragg.main:RotXYZ0_xtal0_deg=-0.0151, RotXYZ1_xtal0_deg=-0.1189, RotXYZ2_xtal0_deg=-0.0063, G_xtal0=219804746487290752.0000, Nabc0=24.2556, Ndef0=13.4679, Nabc1=31.9521, Ndef1=17.7062, Nabc2=25.4873, Ndef2=-11.0009, ucell0=27.3817, ucell1=32.3931, ucell2=34.3329, ucell3=1.5565, ucell4=1.2522, ucell5=1.2081, 
DEBUG:diffBragg.main:Hop=0 |it=309 | t/it=0.0567sF=   1920772 sigZ=  20.71469 (Fracs of F: LogLike: 100.0%; ), |g|=   2312546
DEBUG:diffBragg.main:RotXYZ0_xtal0_deg=-0.0151, RotXYZ1_xtal0_deg=-0.1196, RotXYZ2_xtal0_deg=-0.0063, G_xtal0=219747614513536736.0000, Nabc0=24.2140, Ndef0=13.4998, Nabc1=31.9935, Ndef1=17.6807, Nabc2=25.5443, Ndef2=-11.0178, ucell0=27.3843, ucell1=32.3911, ucell2=34.3337, ucell3=1.5565, ucell4=1.2521, ucell5=1.2081, 
DEBUG:diffBragg.main:Hop=0 |it=310 | t/it=0.0567sF=   1920635 sigZ=  20.71567 (Fracs of F: LogLike: 100.0%; ), |g|=   1088412
DEBUG:diffBragg.main:RotXYZ0_xtal0_deg=-0.0151, RotXYZ1_xtal0_deg=-0.1192, RotXYZ2_xtal0_deg=-0.0063, G_xtal0=220146623879273152.0000, Nabc0=24.2385, Ndef0=13.5069, Nabc1=31.9981, Ndef1=17.7068, Nabc2=25.5154, Ndef2=-11.0102, ucell0=27.3796, ucell1=32.3934, ucell2=34.3320, ucell3=1.5565, ucell4=1.2522, ucell5=1.2080, 
DEBUG:diffBragg.main:Hop=0 |it=311 | t/it=0.0567sF=   1920577 sigZ=   20.7161 (Fracs of F: LogLike: 100.0%; ), |g|=    798199
DEBUG:diffBragg.main:RotXYZ0_xtal0_deg=-0.0152, RotXYZ1_xtal0_deg=-0.1200, RotXYZ2_xtal0_deg=-0.0064, G_xtal0=220441275174499296.0000, Nabc0=24.1714, Ndef0=13.5029, Nabc1=32.0230, Ndef1=17.6912, Nabc2=25.5490, Ndef2=-11.0386, ucell0=27.3782, ucell1=32.3925, ucell2=34.3314, ucell3=1.5565, ucell4=1.2523, ucell5=1.2080, 
DEBUG:diffBragg.main:Hop=0 |it=312 | t/it=0.0567sF=   1920505 sigZ=  20.71626 (Fracs of F: LogLike: 100.0%; ), |g|=  526407.7
DEBUG:diffBragg.main:RotXYZ0_xtal0_deg=-0.0153, RotXYZ1_xtal0_deg=-0.1210, RotXYZ2_xtal0_deg=-0.0065, G_xtal0=220940520133138048.0000, Nabc0=24.0807, Ndef0=13.4721, Nabc1=32.0556, Ndef1=17.6780, Nabc2=25.6237, Ndef2=-11.1010, ucell0=27.3761, ucell1=32.3914, ucell2=34.3304, ucell3=1.5565, ucell4=1.2524, ucell5=1.2079, 
DEBUG:diffBragg.main:Hop=0 |it=313 | t/it=0.0567sF=   1920438 sigZ=  20.71654 (Fracs of F: LogLike: 100.0%; ), |g|=  564837.1
DEBUG:diffBragg.main:RotXYZ0_xtal0_deg=-0.0153, RotXYZ1_xtal0_deg=-0.1212, RotXYZ2_xtal0_deg=-0.0066, G_xtal0=221291124189205760.0000, Nabc0=24.0559, Ndef0=13.4470, Nabc1=32.0618, Ndef1=17.6826, Nabc2=25.6531, Ndef2=-11.1393, ucell0=27.3736, ucell1=32.3917, ucell2=34.3296, ucell3=1.5565, ucell4=1.2525, ucell5=1.2078, 
DEBUG:diffBragg.main:Hop=0 |it=314 | t/it=0.0567sF=   1920398 sigZ=   20.7167 (Fracs of F: LogLike: 100.0%; ), |g|=  523916.9
DEBUG:diffBragg.main:RotXYZ0_xtal0_deg=-0.0153, RotXYZ1_xtal0_deg=-0.1212, RotXYZ2_xtal0_deg=-0.0066, G_xtal0=221506357944449344.0000, Nabc0=24.0563, Ndef0=13.4273, Nabc1=32.0591, Ndef1=17.6880, Nabc2=25.6730, Ndef2=-11.1688, ucell0=27.3719, ucell1=32.3922, ucell2=34.3290, ucell3=1.5565, ucell4=1.2525, ucell5=1.2077, 
DEBUG:diffBragg.main:Hop=0 |it=315 | t/it=0.0567sF=   1920358 sigZ=  20.71683 (Fracs of F: LogLike: 100.0%; ), |g|=  494975.9
DEBUG:diffBragg.main:RotXYZ0_xtal0_deg=-0.0153, RotXYZ1_xtal0_deg=-0.1205, RotXYZ2_xtal0_deg=-0.0066, G_xtal0=221707348671260160.0000, Nabc0=24.1422, Ndef0=13.3149, Nabc1=31.9596, Ndef1=17.6677, Nabc2=25.7531, Ndef2=-11.3176, ucell0=27.3694, ucell1=32.3932, ucell2=34.3282, ucell3=1.5565, ucell4=1.2526, ucell5=1.2077, 
DEBUG:diffBragg.main:Hop=0 |it=316 | t/it=0.0567sF=   1920292 sigZ=  20.71584 (Fracs of F: LogLike: 100.0%; ), |g|=   1444192
DEBUG:diffBragg.main:RotXYZ0_xtal0_deg=-0.0153, RotXYZ1_xtal0_deg=-0.1207, RotXYZ2_xtal0_deg=-0.0066, G_xtal0=221714827740896480.0000, Nabc0=24.1447, Ndef0=13.3584, Nabc1=31.9764, Ndef1=17.6429, Nabc2=25.8131, Ndef2=-11.3574, ucell0=27.3709, ucell1=32.3926, ucell2=34.3288, ucell3=1.5564, ucell4=1.2525, ucell5=1.2077, 
DEBUG:diffBragg.main:Hop=0 |it=317 | t/it=0.0567sF=   1920157 sigZ=  20.71873 (Fracs of F: LogLike: 100.0%; ), |g|=  578887.7
DEBUG:diffBragg.main:RotXYZ0_xtal0_deg=-0.0153, RotXYZ1_xtal0_deg=-0.1203, RotXYZ2_xtal0_deg=-0.0066, G_xtal0=221724352799335264.0000, Nabc0=24.1772, Ndef0=13.3913, Nabc1=31.9818, Ndef1=17.6551, Nabc2=25.7808, Ndef2=-11.3112, ucell0=27.3699, ucell1=32.3936, ucell2=34.3284, ucell3=1.5564, ucell4=1.2526, ucell5=1.2077, 
DEBUG:diffBragg.main:Hop=0 |it=318 | t/it=0.0567sF=   1920109 sigZ=  20.71773 (Fracs of F: LogLike: 100.0%; ), |g|=  414370.2
DEBUG:diffBragg.main:RotXYZ0_xtal0_deg=-0.0152, RotXYZ1_xtal0_deg=-0.1195, RotXYZ2_xtal0_deg=-0.0066, G_xtal0=221612367568548672.0000, Nabc0=24.2790, Ndef0=13.4979, Nabc1=31.9643, Ndef1=17.6468, Nabc2=25.7407, Ndef2=-11.2413, ucell0=27.3688, ucell1=32.3953, ucell2=34.3280, ucell3=1.5565, ucell4=1.2526, ucell5=1.2077, 
DEBUG:diffBragg.main:Hop=0 |it=319 | t/it=0.0567sF=   1919993 sigZ=  20.71774 (Fracs of F: LogLike: 100.0%; ), |g|=  485217.9
DEBUG:diffBragg.main:RotXYZ0_xtal0_deg=-0.0152, RotXYZ1_xtal0_deg=-0.1192, RotXYZ2_xtal0_deg=-0.0067, G_xtal0=222276265932585152.0000, Nabc0=24.3551, Ndef0=13.6046, Nabc1=31.9480, Ndef1=17.5818, Nabc2=25.7601, Ndef2=-11.2231, ucell0=27.3612, ucell1=32.3983, ucell2=34.3256, ucell3=1.5565, ucell4=1.2528, ucell5=1.2075, 
DEBUG:diffBragg.main:Hop=0 |it=320 | t/it=0.0567sF=   1919905 sigZ=  20.71494 (Fracs of F: LogLike: 100.0%; ), |g|=   1101028
DEBUG:diffBragg.main:RotXYZ0_xtal0_deg=-0.0152, RotXYZ1_xtal0_deg=-0.1194, RotXYZ2_xtal0_deg=-0.0068, G_xtal0=222421855997044224.0000, Nabc0=24.3521, Ndef0=13.6135, Nabc1=31.9284, Ndef1=17.5601, Nabc2=25.7997, Ndef2=-11.2688, ucell0=27.3603, ucell1=32.3981, ucell2=34.3254, ucell3=1.5564, ucell4=1.2529, ucell5=1.2074, 
DEBUG:diffBragg.main:Hop=0 |it=321 | t/it=0.0567sF=   1919799 sigZ=  20.71641 (Fracs of F: LogLike: 100.0%; ), |g|=  596617.2
DEBUG:diffBragg.main:RotXYZ0_xtal0_deg=-0.0153, RotXYZ1_xtal0_deg=-0.1203, RotXYZ2_xtal0_deg=-0.0069, G_xtal0=223015484900466528.0000, Nabc0=24.3039, Ndef0=13.6423, Nabc1=31.9120, Ndef1=17.5034, Nabc2=25.8822, Ndef2=-11.3531, ucell0=27.3559, ucell1=32.3980, ucell2=34.3242, ucell3=1.5564, ucell4=1.2530, ucell5=1.2073, 
DEBUG:diffBragg.main:Hop=0 |it=322 | t/it=0.0567sF=   1919730 sigZ=   20.7193 (Fracs of F: LogLike: 100.0%; ), |g|=   1268089
DEBUG:diffBragg.main:RotXYZ0_xtal0_deg=-0.0153, RotXYZ1_xtal0_deg=-0.1204, RotXYZ2_xtal0_deg=-0.0070, G_xtal0=223233704963973280.0000, Nabc0=24.3082, Ndef0=13.6361, Nabc1=31.8769, Ndef1=17.4781, Nabc2=25.9031, Ndef2=-11.3926, ucell0=27.3534, ucell1=32.3986, ucell2=34.3237, ucell3=1.5564, ucell4=1.2531, ucell5=1.2072, 
DEBUG:diffBragg.main:Hop=0 |it=323 | t/it=0.0567sF=   1919672 sigZ=    20.719 (Fracs of F: LogLike: 100.0%; ), |g|=  790630.3
DEBUG:diffBragg.main:RotXYZ0_xtal0_deg=-0.0154, RotXYZ1_xtal0_deg=-0.1206, RotXYZ2_xtal0_deg=-0.0070, G_xtal0=223276686345825184.0000, Nabc0=24.2918, Ndef0=13.6426, Nabc1=31.8724, Ndef1=17.4653, Nabc2=25.8959, Ndef2=-11.3860, ucell0=27.3527, ucell1=32.3986, ucell2=34.3236, ucell3=1.5564, ucell4=1.2531, ucell5=1.2072, 
DEBUG:diffBragg.main:Hop=0 |it=324 | t/it=0.0567sF=   1919624 sigZ=  20.71818 (Fracs of F: LogLike: 100.0%; ), |g|=  638231.9
DEBUG:diffBragg.main:RotXYZ0_xtal0_deg=-0.0157, RotXYZ1_xtal0_deg=-0.1232, RotXYZ2_xtal0_deg=-0.0073, G_xtal0=224160820644309088.0000, Nabc0=24.0839, Ndef0=13.7022, Nabc1=31.8140, Ndef1=17.2983, Nabc2=25.9313, Ndef2=-11.4260, ucell0=27.3439, ucell1=32.3980, ucell2=34.3218, ucell3=1.5563, ucell4=1.2534, ucell5=1.2069, 
DEBUG:diffBragg.main:Hop=0 |it=325 | t/it=0.0567sF=   1919439 sigZ=  20.71547 (Fracs of F: LogLike: 100.0%; ), |g|=    792436
DEBUG:diffBragg.main:RotXYZ0_xtal0_deg=-0.0157, RotXYZ1_xtal0_deg=-0.1238, RotXYZ2_xtal0_deg=-0.0074, G_xtal0=224072424111590816.0000, Nabc0=24.0316, Ndef0=13.7567, Nabc1=31.8042, Ndef1=17.2771, Nabc2=25.8617, Ndef2=-11.3455, ucell0=27.3428, ucell1=32.3979, ucell2=34.3224, ucell3=1.5562, ucell4=1.2534, ucell5=1.2069, 
DEBUG:diffBragg.main:Hop=0 |it=326 | t/it=0.0567sF=   1919473 sigZ=  20.71422 (Fracs of F: LogLike: 100.0%; ), |g|=   1330514
DEBUG:diffBragg.main:RotXYZ0_xtal0_deg=-0.0157, RotXYZ1_xtal0_deg=-0.1235, RotXYZ2_xtal0_deg=-0.0073, G_xtal0=224124390735159424.0000, Nabc0=24.0623, Ndef0=13.7247, Nabc1=31.8099, Ndef1=17.2896, Nabc2=25.9026, Ndef2=-11.3928, ucell0=27.3434, ucell1=32.3979, ucell2=34.3220, ucell3=1.5563, ucell4=1.2534, ucell5=1.2069, 
DEBUG:diffBragg.main:Hop=0 |it=327 | t/it=0.0567sF=   1919405 sigZ=  20.71469 (Fracs of F: LogLike: 100.0%; ), |g|=  406704.7
DEBUG:diffBragg.main:RotXYZ0_xtal0_deg=-0.0157, RotXYZ1_xtal0_deg=-0.1234, RotXYZ2_xtal0_deg=-0.0073, G_xtal0=223996607635203264.0000, Nabc0=24.0638, Ndef0=13.7155, Nabc1=31.8063, Ndef1=17.2983, Nabc2=25.8947, Ndef2=-11.3888, ucell0=27.3445, ucell1=32.3977, ucell2=34.3223, ucell3=1.5563, ucell4=1.2534, ucell5=1.2069, 
DEBUG:diffBragg.main:Hop=0 |it=328 | t/it=0.0567sF=   1919396 sigZ=  20.71478 (Fracs of F: LogLike: 100.0%; ), |g|=  211864.9
DEBUG:diffBragg.main:RotXYZ0_xtal0_deg=-0.0157, RotXYZ1_xtal0_deg=-0.1235, RotXYZ2_xtal0_deg=-0.0073, G_xtal0=223952185424432832.0000, Nabc0=24.0558, Ndef0=13.7140, Nabc1=31.7989, Ndef1=17.2934, Nabc2=25.8987, Ndef2=-11.3930, ucell0=27.3448, ucell1=32.3974, ucell2=34.3225, ucell3=1.5562, ucell4=1.2533, ucell5=1.2069, 
DEBUG:diffBragg.main:Hop=0 |it=329 | t/it=0.0567sF=   1919389 sigZ=  20.71499 (Fracs of F: LogLike: 100.0%; ), |g|=    245143
DEBUG:diffBragg.main:RotXYZ0_xtal0_deg=-0.0157, RotXYZ1_xtal0_deg=-0.1236, RotXYZ2_xtal0_deg=-0.0073, G_xtal0=223834906966278720.0000, Nabc0=24.0435, Ndef0=13.7102, Nabc1=31.7869, Ndef1=17.2867, Nabc2=25.9011, Ndef2=-11.3934, ucell0=27.3458, ucell1=32.3968, ucell2=34.3228, ucell3=1.5562, ucell4=1.2533, ucell5=1.2070, 
DEBUG:diffBragg.main:Hop=0 |it=330 | t/it=0.0567sF=   1919377 sigZ=  20.71501 (Fracs of F: LogLike: 100.0%; ), |g|=  389561.8
DEBUG:diffBragg.main:RotXYZ0_xtal0_deg=-0.0157, RotXYZ1_xtal0_deg=-0.1238, RotXYZ2_xtal0_deg=-0.0073, G_xtal0=223554113021008064.0000, Nabc0=24.0274, Ndef0=13.6987, Nabc1=31.7557, Ndef1=17.2725, Nabc2=25.9058, Ndef2=-11.3955, ucell0=27.3480, ucell1=32.3959, ucell2=34.3235, ucell3=1.5562, ucell4=1.2533, ucell5=1.2070, 
DEBUG:diffBragg.main:Hop=0 |it=331 | t/it=0.0567sF=   1919353 sigZ=  20.71483 (Fracs of F: LogLike: 100.0%; ), |g|=  582357.3
DEBUG:diffBragg.main:RotXYZ0_xtal0_deg=-0.0157, RotXYZ1_xtal0_deg=-0.1239, RotXYZ2_xtal0_deg=-0.0072, G_xtal0=223036788966696064.0000, Nabc0=24.0179, Ndef0=13.6648, Nabc1=31.6836, Ndef1=17.2437, Nabc2=25.9197, Ndef2=-11.4127, ucell0=27.3516, ucell1=32.3946, ucell2=34.3247, ucell3=1.5562, ucell4=1.2532, ucell5=1.2071, 
DEBUG:diffBragg.main:Hop=0 |it=332 | t/it=0.0567sF=   1919314 sigZ=  20.71412 (Fracs of F: LogLike: 100.0%; ), |g|=  603836.5
DEBUG:diffBragg.main:RotXYZ0_xtal0_deg=-0.0157, RotXYZ1_xtal0_deg=-0.1238, RotXYZ2_xtal0_deg=-0.0071, G_xtal0=221852150910402848.0000, Nabc0=24.0340, Ndef0=13.8454, Nabc1=31.5621, Ndef1=17.2321, Nabc2=25.8806, Ndef2=-11.3025, ucell0=27.3568, ucell1=32.3958, ucell2=34.3263, ucell3=1.5563, ucell4=1.2530, ucell5=1.2073, 
DEBUG:diffBragg.main:Hop=0 |it=333 | t/it=0.0567sF=   1921646 sigZ=  20.73914 (Fracs of F: LogLike: 100.0%; ), |g|=   7190270
DEBUG:diffBragg.main:RotXYZ0_xtal0_deg=-0.0157, RotXYZ1_xtal0_deg=-0.1239, RotXYZ2_xtal0_deg=-0.0072, G_xtal0=222983378323394208.0000, Nabc0=24.0187, Ndef0=13.6729, Nabc1=31.6781, Ndef1=17.2432, Nabc2=25.9179, Ndef2=-11.4077, ucell0=27.3519, ucell1=32.3947, ucell2=34.3248, ucell3=1.5562, ucell4=1.2531, ucell5=1.2071, 
DEBUG:diffBragg.main:Hop=0 |it=334 | t/it=0.0567sF=   1919309 sigZ=  20.71462 (Fracs of F: LogLike: 100.0%; ), |g|=  684093.4
DEBUG:diffBragg.main:RotXYZ0_xtal0_deg=-0.0157, RotXYZ1_xtal0_deg=-0.1238, RotXYZ2_xtal0_deg=-0.0072, G_xtal0=222589921142948960.0000, Nabc0=24.0306, Ndef0=13.6419, Nabc1=31.6042, Ndef1=17.2158, Nabc2=25.9370, Ndef2=-11.4307, ucell0=27.3542, ucell1=32.3942, ucell2=34.3256, ucell3=1.5562, ucell4=1.2531, ucell5=1.2072, 
DEBUG:diffBragg.main:Hop=0 |it=335 | t/it=0.0567sF=   1919276 sigZ=  20.71373 (Fracs of F: LogLike: 100.0%; ), |g|=  352380.2
DEBUG:diffBragg.main:RotXYZ0_xtal0_deg=-0.0157, RotXYZ1_xtal0_deg=-0.1235, RotXYZ2_xtal0_deg=-0.0071, G_xtal0=222411388105928960.0000, Nabc0=24.0586, Ndef0=13.6337, Nabc1=31.5738, Ndef1=17.2156, Nabc2=25.9389, Ndef2=-11.4271, ucell0=27.3549, ucell1=32.3945, ucell2=34.3258, ucell3=1.5562, ucell4=1.2531, ucell5=1.2072, 
DEBUG:diffBragg.main:Hop=0 |it=336 | t/it=0.0567sF=   1919261 sigZ=  20.71307 (Fracs of F: LogLike: 100.0%; ), |g|=  215233.1
DEBUG:diffBragg.main:RotXYZ0_xtal0_deg=-0.0157, RotXYZ1_xtal0_deg=-0.1234, RotXYZ2_xtal0_deg=-0.0071, G_xtal0=222418222179135936.0000, Nabc0=24.0774, Ndef0=13.6377, Nabc1=31.5654, Ndef1=17.2172, Nabc2=25.9392, Ndef2=-11.4215, ucell0=27.3543, ucell1=32.3951, ucell2=34.3256, ucell3=1.5562, ucell4=1.2531, ucell5=1.2072, 
DEBUG:diffBragg.main:Hop=0 |it=337 | t/it=0.0567sF=   1919256 sigZ=   20.7126 (Fracs of F: LogLike: 100.0%; ), |g|=  305777.5
DEBUG:diffBragg.main:RotXYZ0_xtal0_deg=-0.0156, RotXYZ1_xtal0_deg=-0.1231, RotXYZ2_xtal0_deg=-0.0071, G_xtal0=222457551041592384.0000, Nabc0=24.1057, Ndef0=13.6446, Nabc1=31.5625, Ndef1=17.2299, Nabc2=25.9369, Ndef2=-11.4128, ucell0=27.3534, ucell1=32.3959, ucell2=34.3253, ucell3=1.5563, ucell4=1.2531, ucell5=1.2072, 
DEBUG:diffBragg.main:Hop=0 |it=338 | t/it=0.0568sF=   1919249 sigZ=  20.71256 (Fracs of F: LogLike: 100.0%; ), |g|=  519547.8
DEBUG:diffBragg.main:RotXYZ0_xtal0_deg=-0.0156, RotXYZ1_xtal0_deg=-0.1226, RotXYZ2_xtal0_deg=-0.0071, G_xtal0=222520330796206688.0000, Nabc0=24.1497, Ndef0=13.6548, Nabc1=31.5511, Ndef1=17.2466, Nabc2=25.9386, Ndef2=-11.4035, ucell0=27.3518, ucell1=32.3972, ucell2=34.3248, ucell3=1.5563, ucell4=1.2531, ucell5=1.2072, 
DEBUG:diffBragg.main:Hop=0 |it=339 | t/it=0.0568sF=   1919237 sigZ=  20.71253 (Fracs of F: LogLike: 100.0%; ), |g|=  524544.8
DEBUG:diffBragg.main:RotXYZ0_xtal0_deg=-0.0155, RotXYZ1_xtal0_deg=-0.1216, RotXYZ2_xtal0_deg=-0.0071, G_xtal0=222448079107774656.0000, Nabc0=24.2489, Ndef0=13.6746, Nabc1=31.5090, Ndef1=17.2955, Nabc2=25.9388, Ndef2=-11.3751, ucell0=27.3493, ucell1=32.3997, ucell2=34.3241, ucell3=1.5563, ucell4=1.2532, ucell5=1.2071, 
DEBUG:diffBragg.main:Hop=0 |it=340 | t/it=0.0568sF=   1919267 sigZ=  20.71359 (Fracs of F: LogLike: 100.0%; ), |g|=   1272016
DEBUG:diffBragg.main:RotXYZ0_xtal0_deg=-0.0156, RotXYZ1_xtal0_deg=-0.1223, RotXYZ2_xtal0_deg=-0.0071, G_xtal0=222499144235045888.0000, Nabc0=24.1788, Ndef0=13.6606, Nabc1=31.5388, Ndef1=17.2610, Nabc2=25.9387, Ndef2=-11.3951, ucell0=27.3511, ucell1=32.3979, ucell2=34.3246, ucell3=1.5563, ucell4=1.2532, ucell5=1.2072, 
DEBUG:diffBragg.main:Hop=0 |it=341 | t/it=0.0568sF=   1919230 sigZ=  20.71275 (Fracs of F: LogLike: 100.0%; ), |g|=  596605.6
DEBUG:diffBragg.main:RotXYZ0_xtal0_deg=-0.0155, RotXYZ1_xtal0_deg=-0.1218, RotXYZ2_xtal0_deg=-0.0071, G_xtal0=222448271066301568.0000, Nabc0=24.2325, Ndef0=13.6628, Nabc1=31.5082, Ndef1=17.2822, Nabc2=25.9449, Ndef2=-11.3887, ucell0=27.3499, ucell1=32.3992, ucell2=34.3242, ucell3=1.5563, ucell4=1.2532, ucell5=1.2071, 
DEBUG:diffBragg.main:Hop=0 |it=342 | t/it=0.0568sF=   1919216 sigZ=    20.713 (Fracs of F: LogLike: 100.0%; ), |g|=  200274.9
DEBUG:diffBragg.main:RotXYZ0_xtal0_deg=-0.0155, RotXYZ1_xtal0_deg=-0.1218, RotXYZ2_xtal0_deg=-0.0071, G_xtal0=222430535700860704.0000, Nabc0=24.2338, Ndef0=13.6631, Nabc1=31.5054, Ndef1=17.2867, Nabc2=25.9460, Ndef2=-11.3875, ucell0=27.3499, ucell1=32.3993, ucell2=34.3241, ucell3=1.5563, ucell4=1.2532, ucell5=1.2071, 
DEBUG:diffBragg.main:Hop=0 |it=343 | t/it=0.0568sF=   1919213 sigZ=  20.71329 (Fracs of F: LogLike: 100.0%; ), |g|=  72627.94
DEBUG:diffBragg.main:RotXYZ0_xtal0_deg=-0.0155, RotXYZ1_xtal0_deg=-0.1218, RotXYZ2_xtal0_deg=-0.0071, G_xtal0=222424073003438688.0000, Nabc0=24.2274, Ndef0=13.6626, Nabc1=31.5071, Ndef1=17.2872, Nabc2=25.9464, Ndef2=-11.3874, ucell0=27.3500, ucell1=32.3992, ucell2=34.3242, ucell3=1.5563, ucell4=1.2532, ucell5=1.2071, 
DEBUG:diffBragg.main:Hop=0 |it=344 | t/it=0.0568sF=   1919211 sigZ=  20.71339 (Fracs of F: LogLike: 100.0%; ), |g|=  125122.1
DEBUG:diffBragg.main:RotXYZ0_xtal0_deg=-0.0155, RotXYZ1_xtal0_deg=-0.1219, RotXYZ2_xtal0_deg=-0.0071, G_xtal0=222427400367556000.0000, Nabc0=24.2179, Ndef0=13.6624, Nabc1=31.5110, Ndef1=17.2882, Nabc2=25.9470, Ndef2=-11.3864, ucell0=27.3499, ucell1=32.3991, ucell2=34.3242, ucell3=1.5563, ucell4=1.2532, ucell5=1.2071, 
DEBUG:diffBragg.main:Hop=0 |it=345 | t/it=0.0568sF=   1919208 sigZ=  20.71347 (Fracs of F: LogLike: 100.0%; ), |g|=  212421.3
DEBUG:diffBragg.main:RotXYZ0_xtal0_deg=-0.0156, RotXYZ1_xtal0_deg=-0.1221, RotXYZ2_xtal0_deg=-0.0072, G_xtal0=222428161032684544.0000, Nabc0=24.1989, Ndef0=13.6611, Nabc1=31.5167, Ndef1=17.2905, Nabc2=25.9498, Ndef2=-11.3842, ucell0=27.3496, ucell1=32.3989, ucell2=34.3241, ucell3=1.5563, ucell4=1.2532, ucell5=1.2071, 
DEBUG:diffBragg.main:Hop=0 |it=346 | t/it=0.0568sF=   1919202 sigZ=  20.71356 (Fracs of F: LogLike: 100.0%; ), |g|=  355628.7
DEBUG:diffBragg.main:RotXYZ0_xtal0_deg=-0.0156, RotXYZ1_xtal0_deg=-0.1224, RotXYZ2_xtal0_deg=-0.0072, G_xtal0=222456793208021728.0000, Nabc0=24.1666, Ndef0=13.6592, Nabc1=31.5273, Ndef1=17.2980, Nabc2=25.9573, Ndef2=-11.3783, ucell0=27.3483, ucell1=32.3990, ucell2=34.3238, ucell3=1.5563, ucell4=1.2532, ucell5=1.2071, 
DEBUG:diffBragg.main:Hop=0 |it=347 | t/it=0.0568sF=   1919188 sigZ=  20.71357 (Fracs of F: LogLike: 100.0%; ), |g|=  504152.6
DEBUG:diffBragg.main:RotXYZ0_xtal0_deg=-0.0157, RotXYZ1_xtal0_deg=-0.1227, RotXYZ2_xtal0_deg=-0.0073, G_xtal0=222502110796601472.0000, Nabc0=24.1259, Ndef0=13.6551, Nabc1=31.5360, Ndef1=17.3133, Nabc2=25.9745, Ndef2=-11.3707, ucell0=27.3454, ucell1=32.3996, ucell2=34.3230, ucell3=1.5563, ucell4=1.2533, ucell5=1.2070, 
DEBUG:diffBragg.main:Hop=0 |it=348 | t/it=0.0568sF=   1919165 sigZ=   20.7136 (Fracs of F: LogLike: 100.0%; ), |g|=  554317.1
DEBUG:diffBragg.main:RotXYZ0_xtal0_deg=-0.0157, RotXYZ1_xtal0_deg=-0.1229, RotXYZ2_xtal0_deg=-0.0075, G_xtal0=222468904470401824.0000, Nabc0=24.0790, Ndef0=13.6244, Nabc1=31.5271, Ndef1=17.3404, Nabc2=26.0203, Ndef2=-11.3406, ucell0=27.3387, ucell1=32.4017, ucell2=34.3210, ucell3=1.5563, ucell4=1.2535, ucell5=1.2068, 
DEBUG:diffBragg.main:Hop=0 |it=349 | t/it=0.0568sF=   1919223 sigZ=  20.71008 (Fracs of F: LogLike: 100.0%; ), |g|=   1772076
DEBUG:diffBragg.main:RotXYZ0_xtal0_deg=-0.0157, RotXYZ1_xtal0_deg=-0.1228, RotXYZ2_xtal0_deg=-0.0073, G_xtal0=222492885292486464.0000, Nabc0=24.1129, Ndef0=13.6466, Nabc1=31.5335, Ndef1=17.3208, Nabc2=25.9873, Ndef2=-11.3623, ucell0=27.3435, ucell1=32.4002, ucell2=34.3224, ucell3=1.5563, ucell4=1.2534, ucell5=1.2070, 
DEBUG:diffBragg.main:Added 0 pixels from 0 shoeboxes to the untrusted list (8700 / 8700 trusted pixels remain)
DEBUG:diffBragg.main:Hop=0 |it=350 | t/it=0.0568sF=   1919154 sigZ=  20.71247 (Fracs of F: LogLike: 100.0%; ), |g|=  759127.8
DEBUG:diffBragg.main:RotXYZ0_xtal0_deg=-0.0157, RotXYZ1_xtal0_deg=-0.1229, RotXYZ2_xtal0_deg=-0.0074, G_xtal0=222503230273968096.0000, Nabc0=24.0880, Ndef0=13.6382, Nabc1=31.5300, Ndef1=17.3369, Nabc2=26.0096, Ndef2=-11.3595, ucell0=27.3401, ucell1=32.4014, ucell2=34.3214, ucell3=1.5563, ucell4=1.2535, ucell5=1.2069, 
DEBUG:diffBragg.main:Hop=0 |it=351 | t/it=0.0568sF=   1919126 sigZ=  20.71239 (Fracs of F: LogLike: 100.0%; ), |g|=  401518.1
DEBUG:diffBragg.main:RotXYZ0_xtal0_deg=-0.0158, RotXYZ1_xtal0_deg=-0.1231, RotXYZ2_xtal0_deg=-0.0075, G_xtal0=222516234650823040.0000, Nabc0=24.0620, Ndef0=13.6303, Nabc1=31.5306, Ndef1=17.3368, Nabc2=26.0274, Ndef2=-11.3673, ucell0=27.3375, ucell1=32.4021, ucell2=34.3207, ucell3=1.5563, ucell4=1.2535, ucell5=1.2068, 
DEBUG:diffBragg.main:Hop=0 |it=352 | t/it=0.0568sF=   1919108 sigZ=  20.71223 (Fracs of F: LogLike: 100.0%; ), |g|=  280082.6
DEBUG:diffBragg.main:RotXYZ0_xtal0_deg=-0.0157, RotXYZ1_xtal0_deg=-0.1228, RotXYZ2_xtal0_deg=-0.0075, G_xtal0=222441815118203392.0000, Nabc0=24.0893, Ndef0=13.6192, Nabc1=31.5061, Ndef1=17.3432, Nabc2=26.0404, Ndef2=-11.3734, ucell0=27.3359, ucell1=32.4031, ucell2=34.3202, ucell3=1.5563, ucell4=1.2536, ucell5=1.2068, 
DEBUG:diffBragg.main:Hop=0 |it=353 | t/it=0.0568sF=   1919100 sigZ=  20.71179 (Fracs of F: LogLike: 100.0%; ), |g|=    585604
DEBUG:diffBragg.main:RotXYZ0_xtal0_deg=-0.0157, RotXYZ1_xtal0_deg=-0.1227, RotXYZ2_xtal0_deg=-0.0075, G_xtal0=222422427218384128.0000, Nabc0=24.0941, Ndef0=13.6189, Nabc1=31.5043, Ndef1=17.3375, Nabc2=26.0383, Ndef2=-11.3782, ucell0=27.3365, ucell1=32.4029, ucell2=34.3203, ucell3=1.5563, ucell4=1.2536, ucell5=1.2068, 
DEBUG:diffBragg.main:Hop=0 |it=354 | t/it=0.0568sF=   1919092 sigZ=  20.71176 (Fracs of F: LogLike: 100.0%; ), |g|=  406555.4
DEBUG:diffBragg.main:RotXYZ0_xtal0_deg=-0.0157, RotXYZ1_xtal0_deg=-0.1226, RotXYZ2_xtal0_deg=-0.0075, G_xtal0=222324597117109056.0000, Nabc0=24.1045, Ndef0=13.6112, Nabc1=31.4916, Ndef1=17.3257, Nabc2=26.0413, Ndef2=-11.3956, ucell0=27.3370, ucell1=32.4028, ucell2=34.3204, ucell3=1.5563, ucell4=1.2536, ucell5=1.2068, 
DEBUG:diffBragg.main:Hop=0 |it=355 | t/it=0.0568sF=   1919074 sigZ=  20.71178 (Fracs of F: LogLike: 100.0%; ), |g|=  345241.3
DEBUG:diffBragg.main:RotXYZ0_xtal0_deg=-0.0157, RotXYZ1_xtal0_deg=-0.1225, RotXYZ2_xtal0_deg=-0.0075, G_xtal0=222182846681172128.0000, Nabc0=24.1030, Ndef0=13.5956, Nabc1=31.4742, Ndef1=17.3169, Nabc2=26.0551, Ndef2=-11.4189, ucell0=27.3364, ucell1=32.4029, ucell2=34.3201, ucell3=1.5563, ucell4=1.2536, ucell5=1.2068, 
DEBUG:diffBragg.main:Hop=0 |it=356 | t/it=0.0568sF=   1919055 sigZ=  20.71197 (Fracs of F: LogLike: 100.0%; ), |g|=  496388.1
DEBUG:diffBragg.main:RotXYZ0_xtal0_deg=-0.0158, RotXYZ1_xtal0_deg=-0.1226, RotXYZ2_xtal0_deg=-0.0076, G_xtal0=221987682737248224.0000, Nabc0=24.0751, Ndef0=13.5693, Nabc1=31.4572, Ndef1=17.3071, Nabc2=26.0806, Ndef2=-11.4506, ucell0=27.3346, ucell1=32.4032, ucell2=34.3194, ucell3=1.5563, ucell4=1.2536, ucell5=1.2067, 
DEBUG:diffBragg.main:Hop=0 |it=357 | t/it=0.0568sF=   1919031 sigZ=  20.71226 (Fracs of F: LogLike: 100.0%; ), |g|=  507522.4
DEBUG:diffBragg.main:RotXYZ0_xtal0_deg=-0.0158, RotXYZ1_xtal0_deg=-0.1231, RotXYZ2_xtal0_deg=-0.0077, G_xtal0=221795813871016608.0000, Nabc0=24.0154, Ndef0=13.5412, Nabc1=31.4599, Ndef1=17.2835, Nabc2=26.0996, Ndef2=-11.4845, ucell0=27.3336, ucell1=32.4025, ucell2=34.3191, ucell3=1.5563, ucell4=1.2537, ucell5=1.2067, 
DEBUG:diffBragg.main:Hop=0 |it=358 | t/it=0.0568sF=   1919008 sigZ=  20.71211 (Fracs of F: LogLike: 100.0%; ), |g|=  400432.6
DEBUG:diffBragg.main:RotXYZ0_xtal0_deg=-0.0159, RotXYZ1_xtal0_deg=-0.1239, RotXYZ2_xtal0_deg=-0.0078, G_xtal0=221642565219429120.0000, Nabc0=23.9180, Ndef0=13.5172, Nabc1=31.4748, Ndef1=17.2730, Nabc2=26.1307, Ndef2=-11.5102, ucell0=27.3301, ucell1=32.4023, ucell2=34.3184, ucell3=1.5562, ucell4=1.2538, ucell5=1.2065, 
DEBUG:diffBragg.main:Hop=0 |it=359 | t/it=0.0568sF=   1918999 sigZ=  20.71254 (Fracs of F: LogLike: 100.0%; ), |g|=  598164.3
DEBUG:diffBragg.main:RotXYZ0_xtal0_deg=-0.0159, RotXYZ1_xtal0_deg=-0.1239, RotXYZ2_xtal0_deg=-0.0078, G_xtal0=221647363829873472.0000, Nabc0=23.9177, Ndef0=13.5177, Nabc1=31.4788, Ndef1=17.2694, Nabc2=26.1268, Ndef2=-11.5061, ucell0=27.3304, ucell1=32.4022, ucell2=34.3185, ucell3=1.5562, ucell4=1.2538, ucell5=1.2066, 
DEBUG:diffBragg.main:Hop=0 |it=360 | t/it=0.0568sF=   1918982 sigZ=  20.71199 (Fracs of F: LogLike: 100.0%; ), |g|=  210516.1
DEBUG:diffBragg.main:RotXYZ0_xtal0_deg=-0.0159, RotXYZ1_xtal0_deg=-0.1239, RotXYZ2_xtal0_deg=-0.0078, G_xtal0=221672511036120096.0000, Nabc0=23.9172, Ndef0=13.5244, Nabc1=31.4862, Ndef1=17.2665, Nabc2=26.1196, Ndef2=-11.4998, ucell0=27.3311, ucell1=32.4019, ucell2=34.3187, ucell3=1.5562, ucell4=1.2537, ucell5=1.2066, 
DEBUG:diffBragg.main:Hop=0 |it=361 | t/it=0.0568sF=   1918978 sigZ=   20.7118 (Fracs of F: LogLike: 100.0%; ), |g|=  189097.1
DEBUG:diffBragg.main:RotXYZ0_xtal0_deg=-0.0160, RotXYZ1_xtal0_deg=-0.1241, RotXYZ2_xtal0_deg=-0.0078, G_xtal0=221622834151210688.0000, Nabc0=23.8942, Ndef0=13.5333, Nabc1=31.4979, Ndef1=17.2561, Nabc2=26.1183, Ndef2=-11.4928, ucell0=27.3310, ucell1=32.4016, ucell2=34.3189, ucell3=1.5562, ucell4=1.2537, ucell5=1.2066, 
DEBUG:diffBragg.main:Hop=0 |it=362 | t/it=0.0568sF=   1918966 sigZ=  20.71144 (Fracs of F: LogLike: 100.0%; ), |g|=  273118.3
DEBUG:diffBragg.main:RotXYZ0_xtal0_deg=-0.0160, RotXYZ1_xtal0_deg=-0.1245, RotXYZ2_xtal0_deg=-0.0078, G_xtal0=221447036464574720.0000, Nabc0=23.8482, Ndef0=13.5629, Nabc1=31.5169, Ndef1=17.2307, Nabc2=26.1188, Ndef2=-11.4743, ucell0=27.3305, ucell1=32.4010, ucell2=34.3191, ucell3=1.5562, ucell4=1.2538, ucell5=1.2065, 
DEBUG:diffBragg.main:Hop=0 |it=363 | t/it=0.0568sF=   1918937 sigZ=  20.71099 (Fracs of F: LogLike: 100.0%; ), |g|=  380569.6
DEBUG:diffBragg.main:RotXYZ0_xtal0_deg=-0.0161, RotXYZ1_xtal0_deg=-0.1254, RotXYZ2_xtal0_deg=-0.0080, G_xtal0=220988305426997664.0000, Nabc0=23.7242, Ndef0=13.6173, Nabc1=31.5503, Ndef1=17.1815, Nabc2=26.1403, Ndef2=-11.4403, ucell0=27.3274, ucell1=32.4004, ucell2=34.3187, ucell3=1.5561, ucell4=1.2539, ucell5=1.2064, 
DEBUG:diffBragg.main:Hop=0 |it=364 | t/it=0.0568sF=   1918886 sigZ=  20.71052 (Fracs of F: LogLike: 100.0%; ), |g|=  434388.7
DEBUG:diffBragg.main:RotXYZ0_xtal0_deg=-0.0163, RotXYZ1_xtal0_deg=-0.1264, RotXYZ2_xtal0_deg=-0.0083, G_xtal0=219243340463673568.0000, Nabc0=23.5469, Ndef0=13.7618, Nabc1=31.5418, Ndef1=16.9937, Nabc2=26.2031, Ndef2=-11.4018, ucell0=27.3222, ucell1=32.3996, ucell2=34.3183, ucell3=1.5560, ucell4=1.2540, ucell5=1.2063, 
DEBUG:diffBragg.main:Hop=0 |it=365 | t/it=0.0568sF=   1919075 sigZ=  20.71132 (Fracs of F: LogLike: 100.0%; ), |g|=   3371626
DEBUG:diffBragg.main:RotXYZ0_xtal0_deg=-0.0162, RotXYZ1_xtal0_deg=-0.1257, RotXYZ2_xtal0_deg=-0.0081, G_xtal0=220544503720515008.0000, Nabc0=23.6791, Ndef0=13.6540, Nabc1=31.5482, Ndef1=17.1338, Nabc2=26.1563, Ndef2=-11.4305, ucell0=27.3261, ucell1=32.4002, ucell2=34.3186, ucell3=1.5561, ucell4=1.2539, ucell5=1.2064, 
DEBUG:diffBragg.main:Hop=0 |it=366 | t/it=0.0568sF=   1918861 sigZ=  20.71027 (Fracs of F: LogLike: 100.0%; ), |g|=  981698.1
DEBUG:diffBragg.main:RotXYZ0_xtal0_deg=-0.0163, RotXYZ1_xtal0_deg=-0.1264, RotXYZ2_xtal0_deg=-0.0083, G_xtal0=219932930287414848.0000, Nabc0=23.5647, Ndef0=13.6975, Nabc1=31.5574, Ndef1=17.0772, Nabc2=26.1928, Ndef2=-11.4166, ucell0=27.3224, ucell1=32.3999, ucell2=34.3178, ucell3=1.5560, ucell4=1.2540, ucell5=1.2063, 
DEBUG:diffBragg.main:Hop=0 |it=367 | t/it=0.0568sF=   1918811 sigZ=  20.71033 (Fracs of F: LogLike: 100.0%; ), |g|=    446004
DEBUG:diffBragg.main:RotXYZ0_xtal0_deg=-0.0163, RotXYZ1_xtal0_deg=-0.1264, RotXYZ2_xtal0_deg=-0.0083, G_xtal0=219691721884572320.0000, Nabc0=23.5550, Ndef0=13.7205, Nabc1=31.5445, Ndef1=17.0663, Nabc2=26.2064, Ndef2=-11.4071, ucell0=27.3211, ucell1=32.4002, ucell2=34.3174, ucell3=1.5560, ucell4=1.2541, ucell5=1.2062, 
DEBUG:diffBragg.main:Hop=0 |it=368 | t/it=0.0568sF=   1918792 sigZ=  20.71088 (Fracs of F: LogLike: 100.0%; ), |g|=  159340.7
DEBUG:diffBragg.main:RotXYZ0_xtal0_deg=-0.0163, RotXYZ1_xtal0_deg=-0.1262, RotXYZ2_xtal0_deg=-0.0083, G_xtal0=219693468482177568.0000, Nabc0=23.5806, Ndef0=13.7189, Nabc1=31.5315, Ndef1=17.0768, Nabc2=26.2069, Ndef2=-11.4060, ucell0=27.3212, ucell1=32.4006, ucell2=34.3173, ucell3=1.5560, ucell4=1.2541, ucell5=1.2063, 
DEBUG:diffBragg.main:Hop=0 |it=369 | t/it=0.0568sF=   1918787 sigZ=  20.71106 (Fracs of F: LogLike: 100.0%; ), |g|=  111335.7
DEBUG:diffBragg.main:RotXYZ0_xtal0_deg=-0.0163, RotXYZ1_xtal0_deg=-0.1259, RotXYZ2_xtal0_deg=-0.0083, G_xtal0=219689873080815552.0000, Nabc0=23.6155, Ndef0=13.7160, Nabc1=31.5159, Ndef1=17.0890, Nabc2=26.2047, Ndef2=-11.4056, ucell0=27.3217, ucell1=32.4011, ucell2=34.3173, ucell3=1.5561, ucell4=1.2540, ucell5=1.2063, 
DEBUG:diffBragg.main:Hop=0 |it=370 | t/it=0.0568sF=   1918783 sigZ=  20.71125 (Fracs of F: LogLike: 100.0%; ), |g|=  141163.2
DEBUG:diffBragg.main:RotXYZ0_xtal0_deg=-0.0162, RotXYZ1_xtal0_deg=-0.1253, RotXYZ2_xtal0_deg=-0.0083, G_xtal0=219459780266957216.0000, Nabc0=23.6586, Ndef0=13.7092, Nabc1=31.4827, Ndef1=17.1266, Nabc2=26.2109, Ndef2=-11.3850, ucell0=27.3211, ucell1=32.4022, ucell2=34.3172, ucell3=1.5561, ucell4=1.2541, ucell5=1.2063, 
DEBUG:diffBragg.main:Hop=0 |it=371 | t/it=0.0568sF=   1918804 sigZ=  20.71161 (Fracs of F: LogLike: 100.0%; ), |g|=   1060559
DEBUG:diffBragg.main:RotXYZ0_xtal0_deg=-0.0163, RotXYZ1_xtal0_deg=-0.1257, RotXYZ2_xtal0_deg=-0.0083, G_xtal0=219625810682736064.0000, Nabc0=23.6275, Ndef0=13.7141, Nabc1=31.5066, Ndef1=17.0995, Nabc2=26.2064, Ndef2=-11.3999, ucell0=27.3215, ucell1=32.4014, ucell2=34.3173, ucell3=1.5561, ucell4=1.2540, ucell5=1.2063, 
DEBUG:diffBragg.main:Hop=0 |it=372 | t/it=0.0568sF=   1918779 sigZ=   20.7113 (Fracs of F: LogLike: 100.0%; ), |g|=  279096.6
DEBUG:diffBragg.main:RotXYZ0_xtal0_deg=-0.0162, RotXYZ1_xtal0_deg=-0.1253, RotXYZ2_xtal0_deg=-0.0082, G_xtal0=219527632269277248.0000, Nabc0=23.6667, Ndef0=13.7126, Nabc1=31.4859, Ndef1=17.1107, Nabc2=26.2045, Ndef2=-11.3962, ucell0=27.3221, ucell1=32.4019, ucell2=34.3174, ucell3=1.5561, ucell4=1.2540, ucell5=1.2063, 
DEBUG:diffBragg.main:Hop=0 |it=373 | t/it=0.0568sF=   1918771 sigZ=  20.71137 (Fracs of F: LogLike: 100.0%; ), |g|=  222252.8
DEBUG:diffBragg.main:RotXYZ0_xtal0_deg=-0.0162, RotXYZ1_xtal0_deg=-0.1249, RotXYZ2_xtal0_deg=-0.0082, G_xtal0=219166595788351136.0000, Nabc0=23.6963, Ndef0=13.7116, Nabc1=31.4537, Ndef1=17.1219, Nabc2=26.2134, Ndef2=-11.3820, ucell0=27.3217, ucell1=32.4028, ucell2=34.3173, ucell3=1.5561, ucell4=1.2540, ucell5=1.2063, 
DEBUG:diffBragg.main:Hop=0 |it=374 | t/it=0.0568sF=   1918761 sigZ=  20.71123 (Fracs of F: LogLike: 100.0%; ), |g|=    335351
DEBUG:diffBragg.main:RotXYZ0_xtal0_deg=-0.0162, RotXYZ1_xtal0_deg=-0.1248, RotXYZ2_xtal0_deg=-0.0083, G_xtal0=218822069364223296.0000, Nabc0=23.6931, Ndef0=13.7136, Nabc1=31.4385, Ndef1=17.1231, Nabc2=26.2215, Ndef2=-11.3678, ucell0=27.3212, ucell1=32.4032, ucell2=34.3174, ucell3=1.5561, ucell4=1.2540, ucell5=1.2063, 
DEBUG:diffBragg.main:Hop=0 |it=375 | t/it=0.0568sF=   1918750 sigZ=   20.7108 (Fracs of F: LogLike: 100.0%; ), |g|=  132492.6
DEBUG:diffBragg.main:RotXYZ0_xtal0_deg=-0.0163, RotXYZ1_xtal0_deg=-0.1250, RotXYZ2_xtal0_deg=-0.0083, G_xtal0=218660715763202144.0000, Nabc0=23.6542, Ndef0=13.7116, Nabc1=31.4449, Ndef1=17.1174, Nabc2=26.2307, Ndef2=-11.3641, ucell0=27.3201, ucell1=32.4031, ucell2=34.3173, ucell3=1.5561, ucell4=1.2541, ucell5=1.2062, 
DEBUG:diffBragg.main:Hop=0 |it=376 | t/it=0.0568sF=   1918742 sigZ=  20.71062 (Fracs of F: LogLike: 100.0%; ), |g|=  158243.3
DEBUG:diffBragg.main:RotXYZ0_xtal0_deg=-0.0163, RotXYZ1_xtal0_deg=-0.1255, RotXYZ2_xtal0_deg=-0.0084, G_xtal0=218218920824357472.0000, Nabc0=23.5760, Ndef0=13.6740, Nabc1=31.4499, Ndef1=17.1277, Nabc2=26.2523, Ndef2=-11.3549, ucell0=27.3177, ucell1=32.4031, ucell2=34.3167, ucell3=1.5561, ucell4=1.2541, ucell5=1.2062, 
DEBUG:diffBragg.main:Hop=0 |it=377 | t/it=0.0568sF=   1918723 sigZ=   20.7094 (Fracs of F: LogLike: 100.0%; ), |g|=  383091.8
DEBUG:diffBragg.main:RotXYZ0_xtal0_deg=-0.0164, RotXYZ1_xtal0_deg=-0.1259, RotXYZ2_xtal0_deg=-0.0086, G_xtal0=217634255055030560.0000, Nabc0=23.4948, Ndef0=13.6661, Nabc1=31.4497, Ndef1=17.1120, Nabc2=26.2773, Ndef2=-11.3568, ucell0=27.3154, ucell1=32.4032, ucell2=34.3162, ucell3=1.5560, ucell4=1.2542, ucell5=1.2061, 
DEBUG:diffBragg.main:Hop=0 |it=378 | t/it=0.0568sF=   1918718 sigZ=  20.71007 (Fracs of F: LogLike: 100.0%; ), |g|=  827826.2
DEBUG:diffBragg.main:RotXYZ0_xtal0_deg=-0.0164, RotXYZ1_xtal0_deg=-0.1258, RotXYZ2_xtal0_deg=-0.0085, G_xtal0=217748429650311040.0000, Nabc0=23.5074, Ndef0=13.6536, Nabc1=31.4499, Ndef1=17.1263, Nabc2=26.2724, Ndef2=-11.3594, ucell0=27.3158, ucell1=32.4032, ucell2=34.3162, ucell3=1.5560, ucell4=1.2542, ucell5=1.2061, 
DEBUG:diffBragg.main:Hop=0 |it=379 | t/it=0.0568sF=   1918701 sigZ=  20.70988 (Fracs of F: LogLike: 100.0%; ), |g|=  181069.1
DEBUG:diffBragg.main:RotXYZ0_xtal0_deg=-0.0164, RotXYZ1_xtal0_deg=-0.1256, RotXYZ2_xtal0_deg=-0.0085, G_xtal0=217735059125579328.0000, Nabc0=23.5323, Ndef0=13.6413, Nabc1=31.4398, Ndef1=17.1391, Nabc2=26.2679, Ndef2=-11.3623, ucell0=27.3165, ucell1=32.4034, ucell2=34.3162, ucell3=1.5561, ucell4=1.2542, ucell5=1.2061, 
DEBUG:diffBragg.main:Hop=0 |it=380 | t/it=0.0568sF=   1918694 sigZ=  20.70988 (Fracs of F: LogLike: 100.0%; ), |g|=  152540.1
DEBUG:diffBragg.main:RotXYZ0_xtal0_deg=-0.0164, RotXYZ1_xtal0_deg=-0.1253, RotXYZ2_xtal0_deg=-0.0085, G_xtal0=217512662645633280.0000, Nabc0=23.5502, Ndef0=13.6170, Nabc1=31.4240, Ndef1=17.1544, Nabc2=26.2646, Ndef2=-11.3683, ucell0=27.3173, ucell1=32.4036, ucell2=34.3162, ucell3=1.5561, ucell4=1.2542, ucell5=1.2062, 
DEBUG:diffBragg.main:Hop=0 |it=381 | t/it=0.0568sF=   1918683 sigZ=  20.71002 (Fracs of F: LogLike: 100.0%; ), |g|=  231803.3
DEBUG:diffBragg.main:RotXYZ0_xtal0_deg=-0.0163, RotXYZ1_xtal0_deg=-0.1248, RotXYZ2_xtal0_deg=-0.0084, G_xtal0=217509990780231008.0000, Nabc0=23.6046, Ndef0=13.5839, Nabc1=31.4133, Ndef1=17.1664, Nabc2=26.2406, Ndef2=-11.3846, ucell0=27.3204, ucell1=32.4032, ucell2=34.3168, ucell3=1.5561, ucell4=1.2541, ucell5=1.2062, 
DEBUG:diffBragg.main:Hop=0 |it=382 | t/it=0.0568sF=   1918671 sigZ=  20.70949 (Fracs of F: LogLike: 100.0%; ), |g|=  168563.9
DEBUG:diffBragg.main:RotXYZ0_xtal0_deg=-0.0164, RotXYZ1_xtal0_deg=-0.1252, RotXYZ2_xtal0_deg=-0.0085, G_xtal0=216331166448232960.0000, Nabc0=23.4971, Ndef0=13.5392, Nabc1=31.4147, Ndef1=17.1384, Nabc2=26.2483, Ndef2=-11.4032, ucell0=27.3207, ucell1=32.4020, ucell2=34.3169, ucell3=1.5561, ucell4=1.2541, ucell5=1.2062, 
DEBUG:diffBragg.main:Hop=0 |it=383 | t/it=0.0568sF=   1918666 sigZ=  20.71005 (Fracs of F: LogLike: 100.0%; ), |g|=  686478.1
DEBUG:diffBragg.main:RotXYZ0_xtal0_deg=-0.0164, RotXYZ1_xtal0_deg=-0.1252, RotXYZ2_xtal0_deg=-0.0085, G_xtal0=216344458867820256.0000, Nabc0=23.5075, Ndef0=13.5521, Nabc1=31.4139, Ndef1=17.1394, Nabc2=26.2446, Ndef2=-11.3909, ucell0=27.3209, ucell1=32.4020, ucell2=34.3171, ucell3=1.5561, ucell4=1.2541, ucell5=1.2062, 
DEBUG:diffBragg.main:Hop=0 |it=384 | t/it=0.0568sF=   1918643 sigZ=  20.70971 (Fracs of F: LogLike: 100.0%; ), |g|=  163651.5
DEBUG:diffBragg.main:RotXYZ0_xtal0_deg=-0.0164, RotXYZ1_xtal0_deg=-0.1253, RotXYZ2_xtal0_deg=-0.0085, G_xtal0=216371914243765472.0000, Nabc0=23.4973, Ndef0=13.5629, Nabc1=31.4222, Ndef1=17.1267, Nabc2=26.2424, Ndef2=-11.3882, ucell0=27.3210, ucell1=32.4017, ucell2=34.3173, ucell3=1.5561, ucell4=1.2541, ucell5=1.2062, 
DEBUG:diffBragg.main:Hop=0 |it=385 | t/it=0.0568sF=   1918638 sigZ=  20.70945 (Fracs of F: LogLike: 100.0%; ), |g|=  114839.4
DEBUG:diffBragg.main:RotXYZ0_xtal0_deg=-0.0164, RotXYZ1_xtal0_deg=-0.1255, RotXYZ2_xtal0_deg=-0.0085, G_xtal0=216280681085866656.0000, Nabc0=23.4739, Ndef0=13.5707, Nabc1=31.4330, Ndef1=17.1108, Nabc2=26.2389, Ndef2=-11.3855, ucell0=27.3213, ucell1=32.4012, ucell2=34.3175, ucell3=1.5560, ucell4=1.2540, ucell5=1.2062, 
DEBUG:diffBragg.main:Hop=0 |it=386 | t/it=0.0568sF=   1918634 sigZ=  20.70923 (Fracs of F: LogLike: 100.0%; ), |g|=  136962.2
DEBUG:diffBragg.main:RotXYZ0_xtal0_deg=-0.0165, RotXYZ1_xtal0_deg=-0.1260, RotXYZ2_xtal0_deg=-0.0085, G_xtal0=215991834894465984.0000, Nabc0=23.4176, Ndef0=13.5856, Nabc1=31.4593, Ndef1=17.0803, Nabc2=26.2248, Ndef2=-11.3722, ucell0=27.3224, ucell1=32.4000, ucell2=34.3179, ucell3=1.5560, ucell4=1.2540, ucell5=1.2063, 
DEBUG:diffBragg.main:Hop=0 |it=387 | t/it=0.0568sF=   1918637 sigZ=  20.70905 (Fracs of F: LogLike: 100.0%; ), |g|=  680490.9
DEBUG:diffBragg.main:RotXYZ0_xtal0_deg=-0.0164, RotXYZ1_xtal0_deg=-0.1257, RotXYZ2_xtal0_deg=-0.0085, G_xtal0=216154722614562624.0000, Nabc0=23.4493, Ndef0=13.5772, Nabc1=31.4444, Ndef1=17.0975, Nabc2=26.2327, Ndef2=-11.3797, ucell0=27.3218, ucell1=32.4007, ucell2=34.3177, ucell3=1.5560, ucell4=1.2540, ucell5=1.2063, 
DEBUG:diffBragg.main:Hop=0 |it=388 | t/it=0.0568sF=   1918629 sigZ=  20.70912 (Fracs of F: LogLike: 100.0%; ), |g|=  299681.2
DEBUG:diffBragg.main:RotXYZ0_xtal0_deg=-0.0165, RotXYZ1_xtal0_deg=-0.1259, RotXYZ2_xtal0_deg=-0.0085, G_xtal0=216075383454696000.0000, Nabc0=23.4335, Ndef0=13.5869, Nabc1=31.4548, Ndef1=17.0861, Nabc2=26.2244, Ndef2=-11.3721, ucell0=27.3225, ucell1=32.4001, ucell2=34.3179, ucell3=1.5560, ucell4=1.2540, ucell5=1.2063, 
DEBUG:diffBragg.main:Hop=0 |it=389 | t/it=0.0568sF=   1918621 sigZ=  20.70893 (Fracs of F: LogLike: 100.0%; ), |g|=  199693.7
DEBUG:diffBragg.main:RotXYZ0_xtal0_deg=-0.0165, RotXYZ1_xtal0_deg=-0.1260, RotXYZ2_xtal0_deg=-0.0085, G_xtal0=215953604792568384.0000, Nabc0=23.4251, Ndef0=13.6079, Nabc1=31.4722, Ndef1=17.0756, Nabc2=26.1964, Ndef2=-11.3475, ucell0=27.3249, ucell1=32.3992, ucell2=34.3186, ucell3=1.5560, ucell4=1.2540, ucell5=1.2063, 
DEBUG:diffBragg.main:Hop=0 |it=390 | t/it=0.0568sF=   1918604 sigZ=  20.70866 (Fracs of F: LogLike: 100.0%; ), |g|=  139231.8
DEBUG:diffBragg.main:RotXYZ0_xtal0_deg=-0.0165, RotXYZ1_xtal0_deg=-0.1259, RotXYZ2_xtal0_deg=-0.0085, G_xtal0=215779747560230112.0000, Nabc0=23.4306, Ndef0=13.6142, Nabc1=31.4761, Ndef1=17.0809, Nabc2=26.1750, Ndef2=-11.3285, ucell0=27.3267, ucell1=32.3988, ucell2=34.3192, ucell3=1.5560, ucell4=1.2539, ucell5=1.2064, 
DEBUG:diffBragg.main:Hop=0 |it=391 | t/it=0.0568sF=   1918598 sigZ=  20.70881 (Fracs of F: LogLike: 100.0%; ), |g|=  422137.9
DEBUG:diffBragg.main:RotXYZ0_xtal0_deg=-0.0164, RotXYZ1_xtal0_deg=-0.1257, RotXYZ2_xtal0_deg=-0.0084, G_xtal0=215873648651431840.0000, Nabc0=23.4646, Ndef0=13.6172, Nabc1=31.4707, Ndef1=17.0977, Nabc2=26.1626, Ndef2=-11.3161, ucell0=27.3278, ucell1=32.3989, ucell2=34.3193, ucell3=1.5560, ucell4=1.2539, ucell5=1.2064, 
DEBUG:diffBragg.main:Hop=0 |it=392 | t/it=0.0568sF=   1918592 sigZ=  20.70873 (Fracs of F: LogLike: 100.0%; ), |g|=  122705.9
DEBUG:diffBragg.main:RotXYZ0_xtal0_deg=-0.0164, RotXYZ1_xtal0_deg=-0.1256, RotXYZ2_xtal0_deg=-0.0084, G_xtal0=215814619597789504.0000, Nabc0=23.4725, Ndef0=13.6084, Nabc1=31.4635, Ndef1=17.1065, Nabc2=26.1638, Ndef2=-11.3168, ucell0=27.3277, ucell1=32.3992, ucell2=34.3193, ucell3=1.5560, ucell4=1.2539, ucell5=1.2064, 
DEBUG:diffBragg.main:Hop=0 |it=393 | t/it=0.0568sF=   1918590 sigZ=  20.70878 (Fracs of F: LogLike: 100.0%; ), |g|=  106664.6
DEBUG:diffBragg.main:RotXYZ0_xtal0_deg=-0.0164, RotXYZ1_xtal0_deg=-0.1254, RotXYZ2_xtal0_deg=-0.0084, G_xtal0=215632434525406656.0000, Nabc0=23.4841, Ndef0=13.5949, Nabc1=31.4530, Ndef1=17.1213, Nabc2=26.1596, Ndef2=-11.3107, ucell0=27.3282, ucell1=32.3994, ucell2=34.3194, ucell3=1.5561, ucell4=1.2539, ucell5=1.2064, 
DEBUG:diffBragg.main:Hop=0 |it=394 | t/it=0.0568sF=   1918587 sigZ=  20.70869 (Fracs of F: LogLike: 100.0%; ), |g|=  80159.43
DEBUG:diffBragg.main:RotXYZ0_xtal0_deg=-0.0164, RotXYZ1_xtal0_deg=-0.1254, RotXYZ2_xtal0_deg=-0.0084, G_xtal0=215511605009819936.0000, Nabc0=23.4828, Ndef0=13.5882, Nabc1=31.4515, Ndef1=17.1238, Nabc2=26.1553, Ndef2=-11.3069, ucell0=27.3285, ucell1=32.3994, ucell2=34.3196, ucell3=1.5561, ucell4=1.2538, ucell5=1.2065, 
DEBUG:diffBragg.main:Hop=0 |it=395 | t/it=0.0568sF=   1918586 sigZ=  20.70843 (Fracs of F: LogLike: 100.0%; ), |g|=  42119.07
DEBUG:diffBragg.main:RotXYZ0_xtal0_deg=-0.0164, RotXYZ1_xtal0_deg=-0.1254, RotXYZ2_xtal0_deg=-0.0084, G_xtal0=215431167673450304.0000, Nabc0=23.4795, Ndef0=13.5853, Nabc1=31.4523, Ndef1=17.1237, Nabc2=26.1512, Ndef2=-11.3053, ucell0=27.3287, ucell1=32.3992, ucell2=34.3197, ucell3=1.5561, ucell4=1.2538, ucell5=1.2065, 
DEBUG:diffBragg.main:Hop=0 |it=396 | t/it=0.0568sF=   1918585 sigZ=  20.70837 (Fracs of F: LogLike: 100.0%; ), |g|=  45229.99
DEBUG:diffBragg.main:RotXYZ0_xtal0_deg=-0.0164, RotXYZ1_xtal0_deg=-0.1254, RotXYZ2_xtal0_deg=-0.0084, G_xtal0=215354621041739904.0000, Nabc0=23.4728, Ndef0=13.5851, Nabc1=31.4557, Ndef1=17.1194, Nabc2=26.1458, Ndef2=-11.3045, ucell0=27.3290, ucell1=32.3990, ucell2=34.3198, ucell3=1.5561, ucell4=1.2538, ucell5=1.2065, 
DEBUG:diffBragg.main:Hop=0 |it=397 | t/it=0.0568sF=   1918584 sigZ=  20.70836 (Fracs of F: LogLike: 100.0%; ), |g|=  100884.5
DEBUG:diffBragg.main:RotXYZ0_xtal0_deg=-0.0164, RotXYZ1_xtal0_deg=-0.1254, RotXYZ2_xtal0_deg=-0.0084, G_xtal0=215351100615518560.0000, Nabc0=23.4735, Ndef0=13.5839, Nabc1=31.4567, Ndef1=17.1182, Nabc2=26.1431, Ndef2=-11.3058, ucell0=27.3290, ucell1=32.3990, ucell2=34.3198, ucell3=1.5561, ucell4=1.2538, ucell5=1.2065, 
DEBUG:diffBragg.main:Hop=0 |it=398 | t/it=0.0568sF=   1918583 sigZ=  20.70831 (Fracs of F: LogLike: 100.0%; ), |g|=  92115.52
DEBUG:diffBragg.main:RotXYZ0_xtal0_deg=-0.0164, RotXYZ1_xtal0_deg=-0.1255, RotXYZ2_xtal0_deg=-0.0084, G_xtal0=215329242119160992.0000, Nabc0=23.4845, Ndef0=13.5732, Nabc1=31.4608, Ndef1=17.1115, Nabc2=26.1230, Ndef2=-11.3176, ucell0=27.3295, ucell1=32.3987, ucell2=34.3198, ucell3=1.5561, ucell4=1.2538, ucell5=1.2065, 
DEBUG:diffBragg.main:Hop=0 |it=399 | t/it=0.0568sF=   1918577 sigZ=   20.7082 (Fracs of F: LogLike: 100.0%; ), |g|=  143484.4
DEBUG:diffBragg.main:RotXYZ0_xtal0_deg=-0.0164, RotXYZ1_xtal0_deg=-0.1254, RotXYZ2_xtal0_deg=-0.0084, G_xtal0=215296466578150848.0000, Nabc0=23.5066, Ndef0=13.5559, Nabc1=31.4611, Ndef1=17.1078, Nabc2=26.0982, Ndef2=-11.3342, ucell0=27.3300, ucell1=32.3986, ucell2=34.3198, ucell3=1.5561, ucell4=1.2538, ucell5=1.2065, 
DEBUG:diffBragg.main:Added 0 pixels from 0 shoeboxes to the untrusted list (8700 / 8700 trusted pixels remain)
DEBUG:diffBragg.main:Hop=0 |it=400 | t/it=0.0568sF=   1918571 sigZ=  20.70819 (Fracs of F: LogLike: 100.0%; ), |g|=  171580.5
DEBUG:diffBragg.main:RotXYZ0_xtal0_deg=-0.0164, RotXYZ1_xtal0_deg=-0.1252, RotXYZ2_xtal0_deg=-0.0084, G_xtal0=215335288404368064.0000, Nabc0=23.5551, Ndef0=13.5309, Nabc1=31.4529, Ndef1=17.1119, Nabc2=26.0688, Ndef2=-11.3584, ucell0=27.3304, ucell1=32.3990, ucell2=34.3196, ucell3=1.5561, ucell4=1.2538, ucell5=1.2065, 
DEBUG:diffBragg.main:Hop=0 |it=401 | t/it=0.0568sF=   1918565 sigZ=  20.70834 (Fracs of F: LogLike: 100.0%; ), |g|=  153327.7
DEBUG:diffBragg.main:RotXYZ0_xtal0_deg=-0.0164, RotXYZ1_xtal0_deg=-0.1248, RotXYZ2_xtal0_deg=-0.0084, G_xtal0=215212830992608288.0000, Nabc0=23.6353, Ndef0=13.5072, Nabc1=31.4514, Ndef1=17.1191, Nabc2=25.9922, Ndef2=-11.3576, ucell0=27.3334, ucell1=32.3988, ucell2=34.3202, ucell3=1.5562, ucell4=1.2537, ucell5=1.2066, 
DEBUG:diffBragg.main:Hop=0 |it=402 | t/it=0.0568sF=   1918585 sigZ=  20.70793 (Fracs of F: LogLike: 100.0%; ), |g|=  809814.2
DEBUG:diffBragg.main:RotXYZ0_xtal0_deg=-0.0164, RotXYZ1_xtal0_deg=-0.1251, RotXYZ2_xtal0_deg=-0.0084, G_xtal0=215309779254646688.0000, Nabc0=23.5718, Ndef0=13.5260, Nabc1=31.4526, Ndef1=17.1134, Nabc2=26.0528, Ndef2=-11.3582, ucell0=27.3310, ucell1=32.3989, ucell2=34.3197, ucell3=1.5561, ucell4=1.2538, ucell5=1.2065, 
DEBUG:diffBragg.main:Hop=0 |it=403 | t/it=0.0568sF=   1918563 sigZ=  20.70822 (Fracs of F: LogLike: 100.0%; ), |g|=  174493.9
DEBUG:diffBragg.main:RotXYZ0_xtal0_deg=-0.0164, RotXYZ1_xtal0_deg=-0.1249, RotXYZ2_xtal0_deg=-0.0084, G_xtal0=215393194124236608.0000, Nabc0=23.6033, Ndef0=13.5191, Nabc1=31.4442, Ndef1=17.1225, Nabc2=26.0443, Ndef2=-11.3641, ucell0=27.3311, ucell1=32.3993, ucell2=34.3196, ucell3=1.5561, ucell4=1.2538, ucell5=1.2065, 
DEBUG:diffBragg.main:Hop=0 |it=404 | t/it=0.0568sF=   1918561 sigZ=  20.70835 (Fracs of F: LogLike: 100.0%; ), |g|=  88194.64
DEBUG:diffBragg.main:RotXYZ0_xtal0_deg=-0.0164, RotXYZ1_xtal0_deg=-0.1249, RotXYZ2_xtal0_deg=-0.0084, G_xtal0=215420851303705280.0000, Nabc0=23.6100, Ndef0=13.5196, Nabc1=31.4411, Ndef1=17.1260, Nabc2=26.0457, Ndef2=-11.3642, ucell0=27.3310, ucell1=32.3995, ucell2=34.3196, ucell3=1.5561, ucell4=1.2538, ucell5=1.2065, 
DEBUG:diffBragg.main:Hop=0 |it=405 | t/it=0.0568sF=   1918561 sigZ=  20.70847 (Fracs of F: LogLike: 100.0%; ), |g|=  45066.74
DEBUG:diffBragg.main:RotXYZ0_xtal0_deg=-0.0164, RotXYZ1_xtal0_deg=-0.1248, RotXYZ2_xtal0_deg=-0.0084, G_xtal0=215421604116490176.0000, Nabc0=23.6111, Ndef0=13.5208, Nabc1=31.4395, Ndef1=17.1285, Nabc2=26.0481, Ndef2=-11.3613, ucell0=27.3309, ucell1=32.3995, ucell2=34.3196, ucell3=1.5561, ucell4=1.2538, ucell5=1.2065, 
DEBUG:diffBragg.main:Hop=0 |it=406 | t/it=0.0568sF=   1918561 sigZ=  20.70844 (Fracs of F: LogLike: 100.0%; ), |g|=  49169.55
DEBUG:diffBragg.main:RotXYZ0_xtal0_deg=-0.0164, RotXYZ1_xtal0_deg=-0.1248, RotXYZ2_xtal0_deg=-0.0084, G_xtal0=215411541866119360.0000, Nabc0=23.6159, Ndef0=13.5226, Nabc1=31.4353, Ndef1=17.1334, Nabc2=26.0504, Ndef2=-11.3552, ucell0=27.3308, ucell1=32.3997, ucell2=34.3196, ucell3=1.5561, ucell4=1.2538, ucell5=1.2065, 
DEBUG:diffBragg.main:Hop=0 |it=407 | t/it=0.0568sF=   1918560 sigZ=  20.70832 (Fracs of F: LogLike: 100.0%; ), |g|=  90064.12
DEBUG:diffBragg.main:RotXYZ0_xtal0_deg=-0.0164, RotXYZ1_xtal0_deg=-0.1248, RotXYZ2_xtal0_deg=-0.0084, G_xtal0=215367731597083232.0000, Nabc0=23.6183, Ndef0=13.5222, Nabc1=31.4326, Ndef1=17.1357, Nabc2=26.0495, Ndef2=-11.3519, ucell0=27.3307, ucell1=32.3998, ucell2=34.3195, ucell3=1.5561, ucell4=1.2538, ucell5=1.2065, 
DEBUG:diffBragg.main:Hop=0 |it=408 | t/it=0.0567sF=   1918559 sigZ=  20.70828 (Fracs of F: LogLike: 100.0%; ), |g|=  67280.69
DEBUG:diffBragg.main:RotXYZ0_xtal0_deg=-0.0164, RotXYZ1_xtal0_deg=-0.1247, RotXYZ2_xtal0_deg=-0.0084, G_xtal0=215155897915993536.0000, Nabc0=23.6238, Ndef0=13.5187, Nabc1=31.4256, Ndef1=17.1371, Nabc2=26.0394, Ndef2=-11.3455, ucell0=27.3303, ucell1=32.4001, ucell2=34.3195, ucell3=1.5561, ucell4=1.2538, ucell5=1.2065, 
DEBUG:diffBragg.main:Hop=0 |it=409 | t/it=0.0567sF=   1918555 sigZ=  20.70818 (Fracs of F: LogLike: 100.0%; ), |g|=  76155.57
DEBUG:diffBragg.main:RotXYZ0_xtal0_deg=-0.0165, RotXYZ1_xtal0_deg=-0.1247, RotXYZ2_xtal0_deg=-0.0085, G_xtal0=214933404015443904.0000, Nabc0=23.6273, Ndef0=13.5145, Nabc1=31.4114, Ndef1=17.1354, Nabc2=26.0400, Ndef2=-11.3464, ucell0=27.3286, ucell1=32.4008, ucell2=34.3189, ucell3=1.5562, ucell4=1.2538, ucell5=1.2065, 
DEBUG:diffBragg.main:Hop=0 |it=410 | t/it=0.0567sF=   1918550 sigZ=  20.70824 (Fracs of F: LogLike: 100.0%; ), |g|=  159395.5
DEBUG:diffBragg.main:RotXYZ0_xtal0_deg=-0.0165, RotXYZ1_xtal0_deg=-0.1249, RotXYZ2_xtal0_deg=-0.0086, G_xtal0=214490202481302656.0000, Nabc0=23.6024, Ndef0=13.5146, Nabc1=31.4054, Ndef1=17.1148, Nabc2=26.0345, Ndef2=-11.3448, ucell0=27.3266, ucell1=32.4011, ucell2=34.3184, ucell3=1.5561, ucell4=1.2539, ucell5=1.2064, 
DEBUG:diffBragg.main:Hop=0 |it=411 | t/it=0.0568sF=   1918544 sigZ=  20.70807 (Fracs of F: LogLike: 100.0%; ), |g|=    136561
DEBUG:diffBragg.main:RotXYZ0_xtal0_deg=-0.0166, RotXYZ1_xtal0_deg=-0.1249, RotXYZ2_xtal0_deg=-0.0087, G_xtal0=214342740381140480.0000, Nabc0=23.6069, Ndef0=13.5057, Nabc1=31.3985, Ndef1=17.1028, Nabc2=26.0255, Ndef2=-11.3635, ucell0=27.3251, ucell1=32.4014, ucell2=34.3178, ucell3=1.5562, ucell4=1.2539, ucell5=1.2064, 
DEBUG:diffBragg.main:Hop=0 |it=412 | t/it=0.0567sF=   1918541 sigZ=  20.70846 (Fracs of F: LogLike: 100.0%; ), |g|=  83003.28
DEBUG:diffBragg.main:RotXYZ0_xtal0_deg=-0.0166, RotXYZ1_xtal0_deg=-0.1250, RotXYZ2_xtal0_deg=-0.0087, G_xtal0=214375101202439840.0000, Nabc0=23.5991, Ndef0=13.5068, Nabc1=31.4042, Ndef1=17.0959, Nabc2=26.0254, Ndef2=-11.3665, ucell0=27.3253, ucell1=32.4012, ucell2=34.3179, ucell3=1.5562, ucell4=1.2539, ucell5=1.2064, 
DEBUG:diffBragg.main:Hop=0 |it=413 | t/it=0.0567sF=   1918540 sigZ=  20.70832 (Fracs of F: LogLike: 100.0%; ), |g|=  27071.94
DEBUG:diffBragg.main:RotXYZ0_xtal0_deg=-0.0166, RotXYZ1_xtal0_deg=-0.1250, RotXYZ2_xtal0_deg=-0.0087, G_xtal0=214405695619930304.0000, Nabc0=23.5980, Ndef0=13.5085, Nabc1=31.4054, Ndef1=17.0965, Nabc2=26.0268, Ndef2=-11.3661, ucell0=27.3254, ucell1=32.4012, ucell2=34.3180, ucell3=1.5562, ucell4=1.2539, ucell5=1.2064, 
DEBUG:diffBragg.main:Hop=0 |it=414 | t/it=0.0567sF=   1918540 sigZ=  20.70836 (Fracs of F: LogLike: 100.0%; ), |g|=  23955.31
DEBUG:diffBragg.main:RotXYZ0_xtal0_deg=-0.0166, RotXYZ1_xtal0_deg=-0.1250, RotXYZ2_xtal0_deg=-0.0087, G_xtal0=214431642580920032.0000, Nabc0=23.5954, Ndef0=13.5105, Nabc1=31.4071, Ndef1=17.0963, Nabc2=26.0283, Ndef2=-11.3655, ucell0=27.3255, ucell1=32.4011, ucell2=34.3180, ucell3=1.5561, ucell4=1.2539, ucell5=1.2064, 
DEBUG:diffBragg.main:Hop=0 |it=415 | t/it=0.0568sF=   1918540 sigZ=  20.70839 (Fracs of F: LogLike: 100.0%; ), |g|=  31916.31
DEBUG:diffBragg.main:RotXYZ0_xtal0_deg=-0.0166, RotXYZ1_xtal0_deg=-0.1250, RotXYZ2_xtal0_deg=-0.0087, G_xtal0=214515846151889952.0000, Nabc0=23.5900, Ndef0=13.5168, Nabc1=31.4099, Ndef1=17.0960, Nabc2=26.0339, Ndef2=-11.3641, ucell0=27.3254, ucell1=32.4011, ucell2=34.3180, ucell3=1.5561, ucell4=1.2539, ucell5=1.2064, 
DEBUG:diffBragg.main:Hop=0 |it=416 | t/it=0.0567sF=   1918539 sigZ=  20.70845 (Fracs of F: LogLike: 100.0%; ), |g|=  106152.3
DEBUG:diffBragg.main:RotXYZ0_xtal0_deg=-0.0166, RotXYZ1_xtal0_deg=-0.1251, RotXYZ2_xtal0_deg=-0.0087, G_xtal0=214540059195232736.0000, Nabc0=23.5826, Ndef0=13.5223, Nabc1=31.4124, Ndef1=17.0942, Nabc2=26.0373, Ndef2=-11.3610, ucell0=27.3252, ucell1=32.4010, ucell2=34.3180, ucell3=1.5561, ucell4=1.2539, ucell5=1.2064, 
DEBUG:diffBragg.main:Hop=0 |it=417 | t/it=0.0567sF=   1918539 sigZ=  20.70844 (Fracs of F: LogLike: 100.0%; ), |g|=  60149.96
DEBUG:diffBragg.main:RotXYZ0_xtal0_deg=-0.0166, RotXYZ1_xtal0_deg=-0.1251, RotXYZ2_xtal0_deg=-0.0087, G_xtal0=214535404766221696.0000, Nabc0=23.5767, Ndef0=13.5277, Nabc1=31.4132, Ndef1=17.0914, Nabc2=26.0389, Ndef2=-11.3578, ucell0=27.3248, ucell1=32.4011, ucell2=34.3179, ucell3=1.5561, ucell4=1.2539, ucell5=1.2064, 
DEBUG:diffBragg.main:Hop=0 |it=418 | t/it=0.0567sF=   1918538 sigZ=   20.7084 (Fracs of F: LogLike: 100.0%; ), |g|=  59661.37
DEBUG:diffBragg.main:RotXYZ0_xtal0_deg=-0.0166, RotXYZ1_xtal0_deg=-0.1251, RotXYZ2_xtal0_deg=-0.0088, G_xtal0=214538325036083168.0000, Nabc0=23.5764, Ndef0=13.5345, Nabc1=31.4118, Ndef1=17.0889, Nabc2=26.0376, Ndef2=-11.3539, ucell0=27.3240, ucell1=32.4014, ucell2=34.3177, ucell3=1.5561, ucell4=1.2540, ucell5=1.2063, 
DEBUG:diffBragg.main:Hop=0 |it=419 | t/it=0.0567sF=   1918537 sigZ=  20.70834 (Fracs of F: LogLike: 100.0%; ), |g|=  64865.73
DEBUG:diffBragg.main:RotXYZ0_xtal0_deg=-0.0166, RotXYZ1_xtal0_deg=-0.1250, RotXYZ2_xtal0_deg=-0.0088, G_xtal0=214621267875293376.0000, Nabc0=23.5897, Ndef0=13.5383, Nabc1=31.4074, Ndef1=17.0899, Nabc2=26.0340, Ndef2=-11.3524, ucell0=27.3231, ucell1=32.4019, ucell2=34.3174, ucell3=1.5561, ucell4=1.2540, ucell5=1.2063, 
DEBUG:diffBragg.main:Hop=0 |it=420 | t/it=0.0567sF=   1918536 sigZ=  20.70816 (Fracs of F: LogLike: 100.0%; ), |g|=  115093.6
DEBUG:diffBragg.main:RotXYZ0_xtal0_deg=-0.0166, RotXYZ1_xtal0_deg=-0.1248, RotXYZ2_xtal0_deg=-0.0088, G_xtal0=214690630841549792.0000, Nabc0=23.6086, Ndef0=13.5391, Nabc1=31.4015, Ndef1=17.0958, Nabc2=26.0283, Ndef2=-11.3511, ucell0=27.3225, ucell1=32.4024, ucell2=34.3172, ucell3=1.5561, ucell4=1.2540, ucell5=1.2063, 
DEBUG:diffBragg.main:Hop=0 |it=421 | t/it=0.0567sF=   1918535 sigZ=  20.70812 (Fracs of F: LogLike: 100.0%; ), |g|=  76103.08
DEBUG:diffBragg.main:RotXYZ0_xtal0_deg=-0.0166, RotXYZ1_xtal0_deg=-0.1247, RotXYZ2_xtal0_deg=-0.0088, G_xtal0=214741144226342976.0000, Nabc0=23.6192, Ndef0=13.5363, Nabc1=31.4003, Ndef1=17.0992, Nabc2=26.0242, Ndef2=-11.3539, ucell0=27.3227, ucell1=32.4025, ucell2=34.3172, ucell3=1.5562, ucell4=1.2540, ucell5=1.2063, 
DEBUG:diffBragg.main:Hop=0 |it=422 | t/it=0.0567sF=   1918534 sigZ=   20.7082 (Fracs of F: LogLike: 100.0%; ), |g|=  55262.99
DEBUG:diffBragg.main:RotXYZ0_xtal0_deg=-0.0166, RotXYZ1_xtal0_deg=-0.1247, RotXYZ2_xtal0_deg=-0.0088, G_xtal0=214808615485422912.0000, Nabc0=23.6316, Ndef0=13.5326, Nabc1=31.3997, Ndef1=17.1032, Nabc2=26.0187, Ndef2=-11.3571, ucell0=27.3229, ucell1=32.4025, ucell2=34.3172, ucell3=1.5562, ucell4=1.2540, ucell5=1.2063, 
DEBUG:diffBragg.main:Hop=0 |it=423 | t/it=0.0567sF=   1918534 sigZ=  20.70824 (Fracs of F: LogLike: 100.0%; ), |g|=  56948.08
DEBUG:diffBragg.main:RotXYZ0_xtal0_deg=-0.0166, RotXYZ1_xtal0_deg=-0.1245, RotXYZ2_xtal0_deg=-0.0088, G_xtal0=214848921314944640.0000, Nabc0=23.6536, Ndef0=13.5251, Nabc1=31.3979, Ndef1=17.1111, Nabc2=26.0031, Ndef2=-11.3593, ucell0=27.3233, ucell1=32.4027, ucell2=34.3172, ucell3=1.5562, ucell4=1.2540, ucell5=1.2063, 
DEBUG:diffBragg.main:Hop=0 |it=424 | t/it=0.0567sF=   1918533 sigZ=  20.70828 (Fracs of F: LogLike: 100.0%; ), |g|=  71601.46
DEBUG:diffBragg.main:RotXYZ0_xtal0_deg=-0.0166, RotXYZ1_xtal0_deg=-0.1245, RotXYZ2_xtal0_deg=-0.0088, G_xtal0=214894425786198688.0000, Nabc0=23.6663, Ndef0=13.5227, Nabc1=31.4021, Ndef1=17.1148, Nabc2=25.9848, Ndef2=-11.3567, ucell0=27.3237, ucell1=32.4027, ucell2=34.3173, ucell3=1.5562, ucell4=1.2540, ucell5=1.2063, 
DEBUG:diffBragg.main:Hop=0 |it=425 | t/it=0.0567sF=   1918531 sigZ=  20.70813 (Fracs of F: LogLike: 100.0%; ), |g|=  107310.7
DEBUG:diffBragg.main:RotXYZ0_xtal0_deg=-0.0166, RotXYZ1_xtal0_deg=-0.1244, RotXYZ2_xtal0_deg=-0.0088, G_xtal0=214918283615525760.0000, Nabc0=23.6682, Ndef0=13.5254, Nabc1=31.4065, Ndef1=17.1163, Nabc2=25.9743, Ndef2=-11.3523, ucell0=27.3238, ucell1=32.4027, ucell2=34.3173, ucell3=1.5562, ucell4=1.2540, ucell5=1.2064, 
DEBUG:diffBragg.main:Hop=0 |it=426 | t/it=0.0567sF=   1918530 sigZ=  20.70813 (Fracs of F: LogLike: 100.0%; ), |g|=  68585.94
DEBUG:diffBragg.main:RotXYZ0_xtal0_deg=-0.0166, RotXYZ1_xtal0_deg=-0.1245, RotXYZ2_xtal0_deg=-0.0088, G_xtal0=214941735532675616.0000, Nabc0=23.6587, Ndef0=13.5330, Nabc1=31.4163, Ndef1=17.1141, Nabc2=25.9642, Ndef2=-11.3426, ucell0=27.3240, ucell1=32.4025, ucell2=34.3173, ucell3=1.5562, ucell4=1.2540, ucell5=1.2064, 
DEBUG:diffBragg.main:Hop=0 |it=427 | t/it=0.0567sF=   1918529 sigZ=  20.70792 (Fracs of F: LogLike: 100.0%; ), |g|=  31247.53
DEBUG:diffBragg.main:RotXYZ0_xtal0_deg=-0.0166, RotXYZ1_xtal0_deg=-0.1245, RotXYZ2_xtal0_deg=-0.0088, G_xtal0=214940556953904448.0000, Nabc0=23.6546, Ndef0=13.5362, Nabc1=31.4177, Ndef1=17.1128, Nabc2=25.9643, Ndef2=-11.3408, ucell0=27.3238, ucell1=32.4026, ucell2=34.3173, ucell3=1.5562, ucell4=1.2540, ucell5=1.2063, 
DEBUG:diffBragg.main:Hop=0 |it=428 | t/it=0.0567sF=   1918529 sigZ=  20.70794 (Fracs of F: LogLike: 100.0%; ), |g|=  87390.55
DEBUG:diffBragg.main:RotXYZ0_xtal0_deg=-0.0166, RotXYZ1_xtal0_deg=-0.1245, RotXYZ2_xtal0_deg=-0.0088, G_xtal0=214924449170351584.0000, Nabc0=23.6497, Ndef0=13.5381, Nabc1=31.4188, Ndef1=17.1113, Nabc2=25.9654, Ndef2=-11.3391, ucell0=27.3237, ucell1=32.4026, ucell2=34.3173, ucell3=1.5562, ucell4=1.2540, ucell5=1.2063, 
DEBUG:diffBragg.main:Hop=0 |it=429 | t/it=0.0567sF=   1918528 sigZ=  20.70791 (Fracs of F: LogLike: 100.0%; ), |g|=  41291.35
DEBUG:diffBragg.main:RotXYZ0_xtal0_deg=-0.0166, RotXYZ1_xtal0_deg=-0.1245, RotXYZ2_xtal0_deg=-0.0088, G_xtal0=214898932169078016.0000, Nabc0=23.6456, Ndef0=13.5391, Nabc1=31.4194, Ndef1=17.1101, Nabc2=25.9662, Ndef2=-11.3380, ucell0=27.3236, ucell1=32.4026, ucell2=34.3173, ucell3=1.5562, ucell4=1.2540, ucell5=1.2063, 
DEBUG:diffBragg.main:Hop=0 |it=430 | t/it=0.0567sF=   1918528 sigZ=   20.7079 (Fracs of F: LogLike: 100.0%; ), |g|=  30853.44
DEBUG:diffBragg.main:RotXYZ0_xtal0_deg=-0.0166, RotXYZ1_xtal0_deg=-0.1245, RotXYZ2_xtal0_deg=-0.0089, G_xtal0=214848067230350848.0000, Nabc0=23.6410, Ndef0=13.5390, Nabc1=31.4197, Ndef1=17.1093, Nabc2=25.9658, Ndef2=-11.3366, ucell0=27.3233, ucell1=32.4026, ucell2=34.3172, ucell3=1.5562, ucell4=1.2540, ucell5=1.2063, 
DEBUG:diffBragg.main:Hop=0 |it=431 | t/it=0.0567sF=   1918528 sigZ=  20.70789 (Fracs of F: LogLike: 100.0%; ), |g|=  83897.17
DEBUG:diffBragg.main:RotXYZ0_xtal0_deg=-0.0167, RotXYZ1_xtal0_deg=-0.1245, RotXYZ2_xtal0_deg=-0.0089, G_xtal0=214762700574732640.0000, Nabc0=23.6375, Ndef0=13.5363, Nabc1=31.4192, Ndef1=17.1095, Nabc2=25.9628, Ndef2=-11.3355, ucell0=27.3228, ucell1=32.4028, ucell2=34.3170, ucell3=1.5562, ucell4=1.2540, ucell5=1.2063, 
DEBUG:diffBragg.main:Hop=0 |it=432 | t/it=0.0567sF=   1918527 sigZ=  20.70786 (Fracs of F: LogLike: 100.0%; ), |g|=  137273.5
DEBUG:diffBragg.main:RotXYZ0_xtal0_deg=-0.0167, RotXYZ1_xtal0_deg=-0.1245, RotXYZ2_xtal0_deg=-0.0090, G_xtal0=214638545884679008.0000, Nabc0=23.6346, Ndef0=13.5291, Nabc1=31.4178, Ndef1=17.1110, Nabc2=25.9584, Ndef2=-11.3349, ucell0=27.3221, ucell1=32.4030, ucell2=34.3168, ucell3=1.5562, ucell4=1.2540, ucell5=1.2063, 
DEBUG:diffBragg.main:Hop=0 |it=433 | t/it=0.0567sF=   1918526 sigZ=  20.70772 (Fracs of F: LogLike: 100.0%; ), |g|=  150940.5
DEBUG:diffBragg.main:RotXYZ0_xtal0_deg=-0.0167, RotXYZ1_xtal0_deg=-0.1244, RotXYZ2_xtal0_deg=-0.0091, G_xtal0=214520378136889216.0000, Nabc0=23.6428, Ndef0=13.5158, Nabc1=31.4175, Ndef1=17.1191, Nabc2=25.9403, Ndef2=-11.3369, ucell0=27.3211, ucell1=32.4036, ucell2=34.3164, ucell3=1.5562, ucell4=1.2540, ucell5=1.2063, 
DEBUG:diffBragg.main:Hop=0 |it=434 | t/it=0.0567sF=   1918525 sigZ=  20.70786 (Fracs of F: LogLike: 100.0%; ), |g|=  183511.3
DEBUG:diffBragg.main:RotXYZ0_xtal0_deg=-0.0167, RotXYZ1_xtal0_deg=-0.1244, RotXYZ2_xtal0_deg=-0.0091, G_xtal0=214512703212171552.0000, Nabc0=23.6390, Ndef0=13.5147, Nabc1=31.4168, Ndef1=17.1182, Nabc2=25.9460, Ndef2=-11.3375, ucell0=27.3212, ucell1=32.4035, ucell2=34.3164, ucell3=1.5562, ucell4=1.2540, ucell5=1.2063, 
DEBUG:diffBragg.main:Hop=0 |it=435 | t/it=0.0567sF=   1918524 sigZ=  20.70772 (Fracs of F: LogLike: 100.0%; ), |g|=  54854.38
DEBUG:diffBragg.main:RotXYZ0_xtal0_deg=-0.0167, RotXYZ1_xtal0_deg=-0.1244, RotXYZ2_xtal0_deg=-0.0090, G_xtal0=214531422142225984.0000, Nabc0=23.6401, Ndef0=13.5124, Nabc1=31.4171, Ndef1=17.1192, Nabc2=25.9470, Ndef2=-11.3390, ucell0=27.3214, ucell1=32.4034, ucell2=34.3165, ucell3=1.5562, ucell4=1.2540, ucell5=1.2063, 
DEBUG:diffBragg.main:Hop=0 |it=436 | t/it=0.0567sF=   1918523 sigZ=  20.70766 (Fracs of F: LogLike: 100.0%; ), |g|=  33199.66
DEBUG:diffBragg.main:RotXYZ0_xtal0_deg=-0.0167, RotXYZ1_xtal0_deg=-0.1244, RotXYZ2_xtal0_deg=-0.0090, G_xtal0=214548709519809920.0000, Nabc0=23.6423, Ndef0=13.5089, Nabc1=31.4184, Ndef1=17.1215, Nabc2=25.9447, Ndef2=-11.3406, ucell0=27.3215, ucell1=32.4034, ucell2=34.3165, ucell3=1.5562, ucell4=1.2540, ucell5=1.2063, 
DEBUG:diffBragg.main:Hop=0 |it=437 | t/it=0.0567sF=   1918523 sigZ=  20.70764 (Fracs of F: LogLike: 100.0%; ), |g|=  78862.69
DEBUG:diffBragg.main:RotXYZ0_xtal0_deg=-0.0167, RotXYZ1_xtal0_deg=-0.1244, RotXYZ2_xtal0_deg=-0.0090, G_xtal0=214554603583493312.0000, Nabc0=23.6437, Ndef0=13.5060, Nabc1=31.4198, Ndef1=17.1234, Nabc2=25.9419, Ndef2=-11.3416, ucell0=27.3216, ucell1=32.4034, ucell2=34.3165, ucell3=1.5562, ucell4=1.2540, ucell5=1.2063, 
DEBUG:diffBragg.main:Hop=0 |it=438 | t/it=0.0567sF=   1918523 sigZ=  20.70764 (Fracs of F: LogLike: 100.0%; ), |g|=  89797.26
DEBUG:diffBragg.main:RotXYZ0_xtal0_deg=-0.0167, RotXYZ1_xtal0_deg=-0.1244, RotXYZ2_xtal0_deg=-0.0090, G_xtal0=214576064785757696.0000, Nabc0=23.6471, Ndef0=13.5013, Nabc1=31.4212, Ndef1=17.1258, Nabc2=25.9394, Ndef2=-11.3442, ucell0=27.3217, ucell1=32.4034, ucell2=34.3165, ucell3=1.5562, ucell4=1.2540, ucell5=1.2063, 
DEBUG:diffBragg.main:Hop=0 |it=439 | t/it=0.0567sF=   1918522 sigZ=   20.7076 (Fracs of F: LogLike: 100.0%; ), |g|=  68197.36
DEBUG:diffBragg.main:RotXYZ0_xtal0_deg=-0.0168, RotXYZ1_xtal0_deg=-0.1244, RotXYZ2_xtal0_deg=-0.0091, G_xtal0=214560036190458496.0000, Nabc0=23.6439, Ndef0=13.4967, Nabc1=31.4249, Ndef1=17.1275, Nabc2=25.9375, Ndef2=-11.3470, ucell0=27.3218, ucell1=32.4033, ucell2=34.3165, ucell3=1.5562, ucell4=1.2540, ucell5=1.2063, 
DEBUG:diffBragg.main:Hop=0 |it=440 | t/it=0.0567sF=   1918522 sigZ=  20.70766 (Fracs of F: LogLike: 100.0%; ), |g|=  66255.36
DEBUG:diffBragg.main:RotXYZ0_xtal0_deg=-0.0168, RotXYZ1_xtal0_deg=-0.1244, RotXYZ2_xtal0_deg=-0.0091, G_xtal0=214551642278695072.0000, Nabc0=23.6403, Ndef0=13.4915, Nabc1=31.4281, Ndef1=17.1290, Nabc2=25.9395, Ndef2=-11.3508, ucell0=27.3219, ucell1=32.4032, ucell2=34.3166, ucell3=1.5562, ucell4=1.2540, ucell5=1.2063, 
DEBUG:diffBragg.main:Hop=0 |it=441 | t/it=0.0567sF=   1918521 sigZ=  20.70768 (Fracs of F: LogLike: 100.0%; ), |g|=  106434.8
DEBUG:diffBragg.main:RotXYZ0_xtal0_deg=-0.0168, RotXYZ1_xtal0_deg=-0.1244, RotXYZ2_xtal0_deg=-0.0091, G_xtal0=214533310538297824.0000, Nabc0=23.6345, Ndef0=13.4931, Nabc1=31.4294, Ndef1=17.1269, Nabc2=25.9429, Ndef2=-11.3510, ucell0=27.3219, ucell1=32.4031, ucell2=34.3166, ucell3=1.5562, ucell4=1.2540, ucell5=1.2063, 
DEBUG:diffBragg.main:Hop=0 |it=442 | t/it=0.0567sF=   1918520 sigZ=  20.70773 (Fracs of F: LogLike: 100.0%; ), |g|=  92128.47
DEBUG:diffBragg.main:RotXYZ0_xtal0_deg=-0.0168, RotXYZ1_xtal0_deg=-0.1245, RotXYZ2_xtal0_deg=-0.0091, G_xtal0=214488323677086048.0000, Nabc0=23.6178, Ndef0=13.4960, Nabc1=31.4341, Ndef1=17.1214, Nabc2=25.9541, Ndef2=-11.3520, ucell0=27.3219, ucell1=32.4029, ucell2=34.3166, ucell3=1.5562, ucell4=1.2540, ucell5=1.2063, 
DEBUG:diffBragg.main:Hop=0 |it=443 | t/it=0.0567sF=   1918519 sigZ=  20.70778 (Fracs of F: LogLike: 100.0%; ), |g|=  65307.52
DEBUG:diffBragg.main:RotXYZ0_xtal0_deg=-0.0168, RotXYZ1_xtal0_deg=-0.1246, RotXYZ2_xtal0_deg=-0.0091, G_xtal0=214464754793897408.0000, Nabc0=23.6112, Ndef0=13.4971, Nabc1=31.4357, Ndef1=17.1202, Nabc2=25.9588, Ndef2=-11.3515, ucell0=27.3219, ucell1=32.4028, ucell2=34.3166, ucell3=1.5562, ucell4=1.2540, ucell5=1.2063, 
DEBUG:diffBragg.main:Hop=0 |it=444 | t/it=0.0567sF=   1918518 sigZ=  20.70779 (Fracs of F: LogLike: 100.0%; ), |g|=  48536.13
DEBUG:diffBragg.main:RotXYZ0_xtal0_deg=-0.0168, RotXYZ1_xtal0_deg=-0.1246, RotXYZ2_xtal0_deg=-0.0092, G_xtal0=214417751167848416.0000, Nabc0=23.6013, Ndef0=13.4941, Nabc1=31.4416, Ndef1=17.1217, Nabc2=25.9640, Ndef2=-11.3513, ucell0=27.3220, ucell1=32.4027, ucell2=34.3166, ucell3=1.5562, ucell4=1.2540, ucell5=1.2063, 
DEBUG:diffBragg.main:Hop=0 |it=445 | t/it=0.0567sF=   1918517 sigZ=  20.70777 (Fracs of F: LogLike: 100.0%; ), |g|=  88697.33
DEBUG:diffBragg.main:RotXYZ0_xtal0_deg=-0.0169, RotXYZ1_xtal0_deg=-0.1246, RotXYZ2_xtal0_deg=-0.0092, G_xtal0=214360274236738560.0000, Nabc0=23.5923, Ndef0=13.4921, Nabc1=31.4474, Ndef1=17.1252, Nabc2=25.9692, Ndef2=-11.3482, ucell0=27.3220, ucell1=32.4026, ucell2=34.3167, ucell3=1.5562, ucell4=1.2540, ucell5=1.2063, 
DEBUG:diffBragg.main:Hop=0 |it=446 | t/it=0.0567sF=   1918515 sigZ=  20.70768 (Fracs of F: LogLike: 100.0%; ), |g|=  140354.1
DEBUG:diffBragg.main:RotXYZ0_xtal0_deg=-0.0170, RotXYZ1_xtal0_deg=-0.1246, RotXYZ2_xtal0_deg=-0.0093, G_xtal0=214275218454671456.0000, Nabc0=23.5838, Ndef0=13.4881, Nabc1=31.4562, Ndef1=17.1343, Nabc2=25.9746, Ndef2=-11.3420, ucell0=27.3220, ucell1=32.4025, ucell2=34.3167, ucell3=1.5562, ucell4=1.2540, ucell5=1.2063, 
DEBUG:diffBragg.main:Hop=0 |it=447 | t/it=0.0567sF=   1918512 sigZ=   20.7076 (Fracs of F: LogLike: 100.0%; ), |g|=  193919.1
DEBUG:diffBragg.main:RotXYZ0_xtal0_deg=-0.0171, RotXYZ1_xtal0_deg=-0.1246, RotXYZ2_xtal0_deg=-0.0096, G_xtal0=214087843768378848.0000, Nabc0=23.5660, Ndef0=13.4909, Nabc1=31.4722, Ndef1=17.1522, Nabc2=25.9892, Ndef2=-11.3246, ucell0=27.3219, ucell1=32.4025, ucell2=34.3168, ucell3=1.5562, ucell4=1.2540, ucell5=1.2063, 
DEBUG:diffBragg.main:Hop=0 |it=448 | t/it=0.0567sF=   1918507 sigZ=  20.70782 (Fracs of F: LogLike: 100.0%; ), |g|=  199725.7
DEBUG:diffBragg.main:RotXYZ0_xtal0_deg=-0.0173, RotXYZ1_xtal0_deg=-0.1244, RotXYZ2_xtal0_deg=-0.0098, G_xtal0=214047295887610272.0000, Nabc0=23.5901, Ndef0=13.4550, Nabc1=31.4942, Ndef1=17.1978, Nabc2=25.9760, Ndef2=-11.3222, ucell0=27.3229, ucell1=32.4026, ucell2=34.3171, ucell3=1.5562, ucell4=1.2540, ucell5=1.2063, 
DEBUG:diffBragg.main:Hop=0 |it=449 | t/it=0.0567sF=   1918505 sigZ=  20.70777 (Fracs of F: LogLike: 100.0%; ), |g|=  347429.1
DEBUG:diffBragg.main:RotXYZ0_xtal0_deg=-0.0172, RotXYZ1_xtal0_deg=-0.1245, RotXYZ2_xtal0_deg=-0.0098, G_xtal0=214052093764412224.0000, Nabc0=23.5815, Ndef0=13.4795, Nabc1=31.4855, Ndef1=17.1799, Nabc2=25.9879, Ndef2=-11.3148, ucell0=27.3226, ucell1=32.4027, ucell2=34.3171, ucell3=1.5562, ucell4=1.2540, ucell5=1.2063, 
DEBUG:diffBragg.main:Added 0 pixels from 0 shoeboxes to the untrusted list (8700 / 8700 trusted pixels remain)
DEBUG:diffBragg.main:Hop=0 |it=450 | t/it=0.0567sF=   1918500 sigZ=  20.70778 (Fracs of F: LogLike: 100.0%; ), |g|=  125366.4
DEBUG:diffBragg.main:RotXYZ0_xtal0_deg=-0.0172, RotXYZ1_xtal0_deg=-0.1245, RotXYZ2_xtal0_deg=-0.0097, G_xtal0=214107320788026560.0000, Nabc0=23.5896, Ndef0=13.4823, Nabc1=31.4809, Ndef1=17.1771, Nabc2=25.9841, Ndef2=-11.3185, ucell0=27.3226, ucell1=32.4027, ucell2=34.3171, ucell3=1.5562, ucell4=1.2540, ucell5=1.2063, 
DEBUG:diffBragg.main:Hop=0 |it=451 | t/it=0.0567sF=   1918498 sigZ=  20.70794 (Fracs of F: LogLike: 100.0%; ), |g|=   71453.8
DEBUG:diffBragg.main:RotXYZ0_xtal0_deg=-0.0172, RotXYZ1_xtal0_deg=-0.1244, RotXYZ2_xtal0_deg=-0.0097, G_xtal0=214140450139530336.0000, Nabc0=23.5951, Ndef0=13.4813, Nabc1=31.4819, Ndef1=17.1786, Nabc2=25.9826, Ndef2=-11.3225, ucell0=27.3229, ucell1=32.4026, ucell2=34.3172, ucell3=1.5562, ucell4=1.2540, ucell5=1.2063, 
DEBUG:diffBragg.main:Hop=0 |it=452 | t/it=0.0567sF=   1918497 sigZ=  20.70814 (Fracs of F: LogLike: 100.0%; ), |g|=    147026
DEBUG:diffBragg.main:RotXYZ0_xtal0_deg=-0.0172, RotXYZ1_xtal0_deg=-0.1244, RotXYZ2_xtal0_deg=-0.0097, G_xtal0=214173345033914752.0000, Nabc0=23.6011, Ndef0=13.4850, Nabc1=31.4820, Ndef1=17.1780, Nabc2=25.9826, Ndef2=-11.3246, ucell0=27.3232, ucell1=32.4026, ucell2=34.3173, ucell3=1.5562, ucell4=1.2540, ucell5=1.2063, 
DEBUG:diffBragg.main:Hop=0 |it=453 | t/it=0.0567sF=   1918495 sigZ=  20.70836 (Fracs of F: LogLike: 100.0%; ), |g|=  174279.2
DEBUG:diffBragg.main:RotXYZ0_xtal0_deg=-0.0173, RotXYZ1_xtal0_deg=-0.1243, RotXYZ2_xtal0_deg=-0.0098, G_xtal0=214231583592611424.0000, Nabc0=23.6157, Ndef0=13.4912, Nabc1=31.4887, Ndef1=17.1818, Nabc2=25.9857, Ndef2=-11.3274, ucell0=27.3242, ucell1=32.4023, ucell2=34.3177, ucell3=1.5562, ucell4=1.2539, ucell5=1.2064, 
DEBUG:diffBragg.main:Hop=0 |it=454 | t/it=0.0567sF=   1918490 sigZ=  20.70875 (Fracs of F: LogLike: 100.0%; ), |g|=  348713.1
DEBUG:diffBragg.main:RotXYZ0_xtal0_deg=-0.0174, RotXYZ1_xtal0_deg=-0.1242, RotXYZ2_xtal0_deg=-0.0099, G_xtal0=214251422877491744.0000, Nabc0=23.6243, Ndef0=13.5093, Nabc1=31.4968, Ndef1=17.1802, Nabc2=25.9978, Ndef2=-11.3236, ucell0=27.3251, ucell1=32.4020, ucell2=34.3182, ucell3=1.5562, ucell4=1.2539, ucell5=1.2064, 
DEBUG:diffBragg.main:Hop=0 |it=455 | t/it=0.0567sF=   1918482 sigZ=  20.70913 (Fracs of F: LogLike: 100.0%; ), |g|=  299945.4
DEBUG:diffBragg.main:RotXYZ0_xtal0_deg=-0.0176, RotXYZ1_xtal0_deg=-0.1241, RotXYZ2_xtal0_deg=-0.0103, G_xtal0=214227339697957280.0000, Nabc0=23.6355, Ndef0=13.5332, Nabc1=31.5181, Ndef1=17.1829, Nabc2=26.0204, Ndef2=-11.3125, ucell0=27.3270, ucell1=32.4013, ucell2=34.3190, ucell3=1.5562, ucell4=1.2538, ucell5=1.2064, 
DEBUG:diffBragg.main:Hop=0 |it=456 | t/it=0.0567sF=   1918471 sigZ=  20.70928 (Fracs of F: LogLike: 100.0%; ), |g|=  210705.6
DEBUG:diffBragg.main:RotXYZ0_xtal0_deg=-0.0179, RotXYZ1_xtal0_deg=-0.1240, RotXYZ2_xtal0_deg=-0.0106, G_xtal0=214144868569299104.0000, Nabc0=23.6366, Ndef0=13.5474, Nabc1=31.5417, Ndef1=17.1905, Nabc2=26.0400, Ndef2=-11.3076, ucell0=27.3286, ucell1=32.4007, ucell2=34.3196, ucell3=1.5562, ucell4=1.2538, ucell5=1.2065, 
DEBUG:diffBragg.main:Hop=0 |it=457 | t/it=0.0567sF=   1918465 sigZ=  20.71008 (Fracs of F: LogLike: 100.0%; ), |g|=  340652.2
DEBUG:diffBragg.main:RotXYZ0_xtal0_deg=-0.0179, RotXYZ1_xtal0_deg=-0.1240, RotXYZ2_xtal0_deg=-0.0106, G_xtal0=214142559007523296.0000, Nabc0=23.6380, Ndef0=13.5453, Nabc1=31.5429, Ndef1=17.1886, Nabc2=26.0396, Ndef2=-11.3064, ucell0=27.3287, ucell1=32.4007, ucell2=34.3196, ucell3=1.5562, ucell4=1.2538, ucell5=1.2065, 
DEBUG:diffBragg.main:Hop=0 |it=458 | t/it=0.0567sF=   1918460 sigZ=  20.70961 (Fracs of F: LogLike: 100.0%; ), |g|=  170569.2
DEBUG:diffBragg.main:RotXYZ0_xtal0_deg=-0.0179, RotXYZ1_xtal0_deg=-0.1239, RotXYZ2_xtal0_deg=-0.0107, G_xtal0=214138555395858816.0000, Nabc0=23.6432, Ndef0=13.5378, Nabc1=31.5470, Ndef1=17.1917, Nabc2=26.0360, Ndef2=-11.3077, ucell0=27.3290, ucell1=32.4006, ucell2=34.3196, ucell3=1.5562, ucell4=1.2538, ucell5=1.2065, 
DEBUG:diffBragg.main:Hop=0 |it=459 | t/it=0.0567sF=   1918456 sigZ=  20.70931 (Fracs of F: LogLike: 100.0%; ), |g|=  116877.7
DEBUG:diffBragg.main:RotXYZ0_xtal0_deg=-0.0180, RotXYZ1_xtal0_deg=-0.1238, RotXYZ2_xtal0_deg=-0.0108, G_xtal0=214166923735529504.0000, Nabc0=23.6568, Ndef0=13.5289, Nabc1=31.5514, Ndef1=17.1968, Nabc2=26.0285, Ndef2=-11.3127, ucell0=27.3296, ucell1=32.4006, ucell2=34.3197, ucell3=1.5562, ucell4=1.2538, ucell5=1.2065, 
DEBUG:diffBragg.main:Hop=0 |it=460 | t/it=0.0567sF=   1918453 sigZ=  20.70922 (Fracs of F: LogLike: 100.0%; ), |g|=  113665.3
DEBUG:diffBragg.main:RotXYZ0_xtal0_deg=-0.0180, RotXYZ1_xtal0_deg=-0.1236, RotXYZ2_xtal0_deg=-0.0109, G_xtal0=214280990230539872.0000, Nabc0=23.6885, Ndef0=13.5211, Nabc1=31.5500, Ndef1=17.1996, Nabc2=26.0117, Ndef2=-11.3224, ucell0=27.3305, ucell1=32.4006, ucell2=34.3198, ucell3=1.5562, ucell4=1.2537, ucell5=1.2065, 
DEBUG:diffBragg.main:Hop=0 |it=461 | t/it=0.0567sF=   1918449 sigZ=  20.70922 (Fracs of F: LogLike: 100.0%; ), |g|=  148203.2
DEBUG:diffBragg.main:RotXYZ0_xtal0_deg=-0.0181, RotXYZ1_xtal0_deg=-0.1233, RotXYZ2_xtal0_deg=-0.0110, G_xtal0=214427541596389088.0000, Nabc0=23.7304, Ndef0=13.5148, Nabc1=31.5477, Ndef1=17.2054, Nabc2=25.9911, Ndef2=-11.3340, ucell0=27.3318, ucell1=32.4006, ucell2=34.3201, ucell3=1.5562, ucell4=1.2537, ucell5=1.2066, 
DEBUG:diffBragg.main:Hop=0 |it=462 | t/it=0.0567sF=   1918445 sigZ=  20.70955 (Fracs of F: LogLike: 100.0%; ), |g|=  155668.3
DEBUG:diffBragg.main:RotXYZ0_xtal0_deg=-0.0181, RotXYZ1_xtal0_deg=-0.1231, RotXYZ2_xtal0_deg=-0.0110, G_xtal0=214556886472005824.0000, Nabc0=23.7603, Ndef0=13.5174, Nabc1=31.5396, Ndef1=17.2030, Nabc2=25.9775, Ndef2=-11.3393, ucell0=27.3325, ucell1=32.4007, ucell2=34.3202, ucell3=1.5562, ucell4=1.2537, ucell5=1.2066, 
DEBUG:diffBragg.main:Hop=0 |it=463 | t/it=0.0567sF=   1918442 sigZ=  20.70963 (Fracs of F: LogLike: 100.0%; ), |g|=  146610.5
DEBUG:diffBragg.main:RotXYZ0_xtal0_deg=-0.0181, RotXYZ1_xtal0_deg=-0.1230, RotXYZ2_xtal0_deg=-0.0110, G_xtal0=214641241150786464.0000, Nabc0=23.7788, Ndef0=13.5186, Nabc1=31.5307, Ndef1=17.2017, Nabc2=25.9672, Ndef2=-11.3408, ucell0=27.3327, ucell1=32.4008, ucell2=34.3203, ucell3=1.5563, ucell4=1.2537, ucell5=1.2066, 
DEBUG:diffBragg.main:Hop=0 |it=464 | t/it=0.0567sF=   1918439 sigZ=  20.70958 (Fracs of F: LogLike: 100.0%; ), |g|=  104938.6
DEBUG:diffBragg.main:RotXYZ0_xtal0_deg=-0.0181, RotXYZ1_xtal0_deg=-0.1228, RotXYZ2_xtal0_deg=-0.0111, G_xtal0=214731218240627776.0000, Nabc0=23.8051, Ndef0=13.5320, Nabc1=31.5233, Ndef1=17.2037, Nabc2=25.9619, Ndef2=-11.3361, ucell0=27.3336, ucell1=32.4008, ucell2=34.3207, ucell3=1.5563, ucell4=1.2536, ucell5=1.2066, 
DEBUG:diffBragg.main:Hop=0 |it=465 | t/it=0.0567sF=   1918436 sigZ=  20.70988 (Fracs of F: LogLike: 100.0%; ), |g|=  148891.3
DEBUG:diffBragg.main:RotXYZ0_xtal0_deg=-0.0181, RotXYZ1_xtal0_deg=-0.1227, RotXYZ2_xtal0_deg=-0.0110, G_xtal0=214818728040972960.0000, Nabc0=23.8244, Ndef0=13.5228, Nabc1=31.5091, Ndef1=17.2033, Nabc2=25.9445, Ndef2=-11.3354, ucell0=27.3336, ucell1=32.4011, ucell2=34.3207, ucell3=1.5563, ucell4=1.2536, ucell5=1.2066, 
DEBUG:diffBragg.main:Hop=0 |it=466 | t/it=0.0567sF=   1918436 sigZ=  20.70915 (Fracs of F: LogLike: 100.0%; ), |g|=  419994.6
DEBUG:diffBragg.main:RotXYZ0_xtal0_deg=-0.0181, RotXYZ1_xtal0_deg=-0.1228, RotXYZ2_xtal0_deg=-0.0111, G_xtal0=214774535560134176.0000, Nabc0=23.8147, Ndef0=13.5275, Nabc1=31.5162, Ndef1=17.2035, Nabc2=25.9533, Ndef2=-11.3358, ucell0=27.3336, ucell1=32.4009, ucell2=34.3207, ucell3=1.5563, ucell4=1.2536, ucell5=1.2066, 
DEBUG:diffBragg.main:Hop=0 |it=467 | t/it=0.0567sF=   1918434 sigZ=  20.70951 (Fracs of F: LogLike: 100.0%; ), |g|=  188342.4
DEBUG:diffBragg.main:RotXYZ0_xtal0_deg=-0.0182, RotXYZ1_xtal0_deg=-0.1228, RotXYZ2_xtal0_deg=-0.0111, G_xtal0=214756301028761216.0000, Nabc0=23.8154, Ndef0=13.5263, Nabc1=31.5189, Ndef1=17.2067, Nabc2=25.9541, Ndef2=-11.3333, ucell0=27.3338, ucell1=32.4009, ucell2=34.3208, ucell3=1.5563, ucell4=1.2536, ucell5=1.2066, 
DEBUG:diffBragg.main:Hop=0 |it=468 | t/it=0.0567sF=   1918432 sigZ=  20.70941 (Fracs of F: LogLike: 100.0%; ), |g|=  187016.8
DEBUG:diffBragg.main:RotXYZ0_xtal0_deg=-0.0186, RotXYZ1_xtal0_deg=-0.1223, RotXYZ2_xtal0_deg=-0.0118, G_xtal0=214639649805322144.0000, Nabc0=23.8367, Ndef0=13.5163, Nabc1=31.5321, Ndef1=17.2399, Nabc2=25.9508, Ndef2=-11.3098, ucell0=27.3359, ucell1=32.4007, ucell2=34.3217, ucell3=1.5563, ucell4=1.2536, ucell5=1.2067, 
DEBUG:diffBragg.main:Hop=0 |it=469 | t/it=0.0567sF=   1918416 sigZ=  20.70885 (Fracs of F: LogLike: 100.0%; ), |g|=  321995.2
DEBUG:diffBragg.main:RotXYZ0_xtal0_deg=-0.0191, RotXYZ1_xtal0_deg=-0.1219, RotXYZ2_xtal0_deg=-0.0125, G_xtal0=214579560756041856.0000, Nabc0=23.8694, Ndef0=13.5101, Nabc1=31.5456, Ndef1=17.2708, Nabc2=25.9448, Ndef2=-11.2942, ucell0=27.3384, ucell1=32.4004, ucell2=34.3226, ucell3=1.5563, ucell4=1.2535, ucell5=1.2068, 
DEBUG:diffBragg.main:Hop=0 |it=470 | t/it=0.0567sF=   1918407 sigZ=  20.70897 (Fracs of F: LogLike: 100.0%; ), |g|=  297062.3
DEBUG:diffBragg.main:RotXYZ0_xtal0_deg=-0.0193, RotXYZ1_xtal0_deg=-0.1216, RotXYZ2_xtal0_deg=-0.0128, G_xtal0=214583062394239264.0000, Nabc0=23.8916, Ndef0=13.5027, Nabc1=31.5350, Ndef1=17.2868, Nabc2=25.9275, Ndef2=-11.2853, ucell0=27.3392, ucell1=32.4007, ucell2=34.3229, ucell3=1.5563, ucell4=1.2534, ucell5=1.2068, 
DEBUG:diffBragg.main:Hop=0 |it=471 | t/it=0.0567sF=   1918397 sigZ=  20.70898 (Fracs of F: LogLike: 100.0%; ), |g|=  168534.3
DEBUG:diffBragg.main:RotXYZ0_xtal0_deg=-0.0194, RotXYZ1_xtal0_deg=-0.1213, RotXYZ2_xtal0_deg=-0.0130, G_xtal0=214672491711792544.0000, Nabc0=23.9275, Ndef0=13.4863, Nabc1=31.5079, Ndef1=17.3000, Nabc2=25.8913, Ndef2=-11.2837, ucell0=27.3396, ucell1=32.4012, ucell2=34.3229, ucell3=1.5564, ucell4=1.2534, ucell5=1.2068, 
DEBUG:diffBragg.main:Hop=0 |it=472 | t/it=0.0567sF=   1918388 sigZ=  20.70895 (Fracs of F: LogLike: 100.0%; ), |g|=  123642.8
DEBUG:diffBragg.main:RotXYZ0_xtal0_deg=-0.0195, RotXYZ1_xtal0_deg=-0.1213, RotXYZ2_xtal0_deg=-0.0131, G_xtal0=214628057595796256.0000, Nabc0=23.9207, Ndef0=13.4817, Nabc1=31.4980, Ndef1=17.3014, Nabc2=25.8862, Ndef2=-11.2810, ucell0=27.3392, ucell1=32.4014, ucell2=34.3228, ucell3=1.5564, ucell4=1.2534, ucell5=1.2068, 
DEBUG:diffBragg.main:Hop=0 |it=473 | t/it=0.0567sF=   1918383 sigZ=  20.70893 (Fracs of F: LogLike: 100.0%; ), |g|=  172992.1
DEBUG:diffBragg.main:RotXYZ0_xtal0_deg=-0.0197, RotXYZ1_xtal0_deg=-0.1211, RotXYZ2_xtal0_deg=-0.0134, G_xtal0=214529206258674144.0000, Nabc0=23.9141, Ndef0=13.4666, Nabc1=31.4577, Ndef1=17.3006, Nabc2=25.8612, Ndef2=-11.2726, ucell0=27.3385, ucell1=32.4020, ucell2=34.3227, ucell3=1.5564, ucell4=1.2535, ucell5=1.2068, 
DEBUG:diffBragg.main:Hop=0 |it=474 | t/it=0.0567sF=   1918365 sigZ=  20.70843 (Fracs of F: LogLike: 100.0%; ), |g|=  324401.3
DEBUG:diffBragg.main:RotXYZ0_xtal0_deg=-0.0204, RotXYZ1_xtal0_deg=-0.1208, RotXYZ2_xtal0_deg=-0.0145, G_xtal0=214044818958892320.0000, Nabc0=23.8606, Ndef0=13.4597, Nabc1=31.4001, Ndef1=17.2994, Nabc2=25.8501, Ndef2=-11.2472, ucell0=27.3382, ucell1=32.4022, ucell2=34.3231, ucell3=1.5564, ucell4=1.2535, ucell5=1.2068, 
DEBUG:diffBragg.main:Hop=0 |it=475 | t/it=0.0567sF=   1918340 sigZ=  20.70876 (Fracs of F: LogLike: 100.0%; ), |g|=  767013.5
DEBUG:diffBragg.main:RotXYZ0_xtal0_deg=-0.0208, RotXYZ1_xtal0_deg=-0.1207, RotXYZ2_xtal0_deg=-0.0151, G_xtal0=213740897771324224.0000, Nabc0=23.8137, Ndef0=13.4509, Nabc1=31.3471, Ndef1=17.2704, Nabc2=25.8407, Ndef2=-11.2334, ucell0=27.3371, ucell1=32.4024, ucell2=34.3231, ucell3=1.5564, ucell4=1.2535, ucell5=1.2068, 
DEBUG:diffBragg.main:Hop=0 |it=476 | t/it=0.0567sF=   1918289 sigZ=  20.70705 (Fracs of F: LogLike: 100.0%; ), |g|=  543227.1
DEBUG:diffBragg.main:RotXYZ0_xtal0_deg=-0.0222, RotXYZ1_xtal0_deg=-0.1204, RotXYZ2_xtal0_deg=-0.0171, G_xtal0=212856760711161600.0000, Nabc0=23.6997, Ndef0=13.4517, Nabc1=31.2594, Ndef1=17.2074, Nabc2=25.8527, Ndef2=-11.1957, ucell0=27.3371, ucell1=32.4020, ucell2=34.3241, ucell3=1.5563, ucell4=1.2535, ucell5=1.2068, 
DEBUG:diffBragg.main:Hop=0 |it=477 | t/it=0.0567sF=   1918191 sigZ=  20.70391 (Fracs of F: LogLike: 100.0%; ), |g|=  421644.7
DEBUG:diffBragg.main:RotXYZ0_xtal0_deg=-0.0237, RotXYZ1_xtal0_deg=-0.1198, RotXYZ2_xtal0_deg=-0.0195, G_xtal0=212037460396675168.0000, Nabc0=23.6229, Ndef0=13.4629, Nabc1=31.2069, Ndef1=17.1595, Nabc2=25.8738, Ndef2=-11.1676, ucell0=27.3395, ucell1=32.4008, ucell2=34.3260, ucell3=1.5563, ucell4=1.2534, ucell5=1.2068, 
DEBUG:diffBragg.main:Hop=0 |it=478 | t/it=0.0567sF=   1918122 sigZ=  20.70221 (Fracs of F: LogLike: 100.0%; ), |g|=  413573.9
DEBUG:diffBragg.main:RotXYZ0_xtal0_deg=-0.0254, RotXYZ1_xtal0_deg=-0.1187, RotXYZ2_xtal0_deg=-0.0220, G_xtal0=211468358982154656.0000, Nabc0=23.6226, Ndef0=13.4611, Nabc1=31.1758, Ndef1=17.1363, Nabc2=25.8731, Ndef2=-11.1613, ucell0=27.3446, ucell1=32.3994, ucell2=34.3287, ucell3=1.5563, ucell4=1.2532, ucell5=1.2069, 
DEBUG:diffBragg.main:Hop=0 |it=479 | t/it=0.0567sF=   1918069 sigZ=  20.70154 (Fracs of F: LogLike: 100.0%; ), |g|=    518697
DEBUG:diffBragg.main:RotXYZ0_xtal0_deg=-0.0280, RotXYZ1_xtal0_deg=-0.1168, RotXYZ2_xtal0_deg=-0.0258, G_xtal0=210739714448493632.0000, Nabc0=23.6689, Ndef0=13.4575, Nabc1=31.1663, Ndef1=17.1633, Nabc2=25.8663, Ndef2=-11.1427, ucell0=27.3541, ucell1=32.3971, ucell2=34.3329, ucell3=1.5564, ucell4=1.2529, ucell5=1.2072, 
DEBUG:diffBragg.main:Hop=0 |it=480 | t/it=0.0567sF=   1918091 sigZ=  20.70313 (Fracs of F: LogLike: 100.0%; ), |g|=   1489858
DEBUG:diffBragg.main:RotXYZ0_xtal0_deg=-0.0265, RotXYZ1_xtal0_deg=-0.1179, RotXYZ2_xtal0_deg=-0.0236, G_xtal0=211167003058915840.0000, Nabc0=23.6417, Ndef0=13.4596, Nabc1=31.1718, Ndef1=17.1474, Nabc2=25.8703, Ndef2=-11.1536, ucell0=27.3485, ucell1=32.3985, ucell2=34.3305, ucell3=1.5563, ucell4=1.2531, ucell5=1.2071, 
DEBUG:diffBragg.main:Hop=0 |it=481 | t/it=0.0567sF=   1918049 sigZ=  20.70203 (Fracs of F: LogLike: 100.0%; ), |g|=  459506.8
DEBUG:diffBragg.main:RotXYZ0_xtal0_deg=-0.0268, RotXYZ1_xtal0_deg=-0.1175, RotXYZ2_xtal0_deg=-0.0240, G_xtal0=211271157639820192.0000, Nabc0=23.6955, Ndef0=13.4495, Nabc1=31.1739, Ndef1=17.1639, Nabc2=25.8487, Ndef2=-11.1630, ucell0=27.3508, ucell1=32.3983, ucell2=34.3312, ucell3=1.5564, ucell4=1.2530, ucell5=1.2071, 
DEBUG:diffBragg.main:Hop=0 |it=482 | t/it=0.0567sF=   1918036 sigZ=  20.70251 (Fracs of F: LogLike: 100.0%; ), |g|=  162237.3
DEBUG:diffBragg.main:RotXYZ0_xtal0_deg=-0.0268, RotXYZ1_xtal0_deg=-0.1171, RotXYZ2_xtal0_deg=-0.0241, G_xtal0=211450256802296448.0000, Nabc0=23.7477, Ndef0=13.4376, Nabc1=31.1728, Ndef1=17.1789, Nabc2=25.8233, Ndef2=-11.1721, ucell0=27.3520, ucell1=32.3984, ucell2=34.3315, ucell3=1.5564, ucell4=1.2530, ucell5=1.2072, 
DEBUG:diffBragg.main:Hop=0 |it=483 | t/it=0.0567sF=   1918031 sigZ=  20.70273 (Fracs of F: LogLike: 100.0%; ), |g|=  164628.9
DEBUG:diffBragg.main:RotXYZ0_xtal0_deg=-0.0269, RotXYZ1_xtal0_deg=-0.1170, RotXYZ2_xtal0_deg=-0.0241, G_xtal0=211527440563238880.0000, Nabc0=23.7699, Ndef0=13.4305, Nabc1=31.1664, Ndef1=17.1814, Nabc2=25.8089, Ndef2=-11.1769, ucell0=27.3524, ucell1=32.3986, ucell2=34.3315, ucell3=1.5564, ucell4=1.2529, ucell5=1.2072, 
DEBUG:diffBragg.main:Hop=0 |it=484 | t/it=0.0567sF=   1918028 sigZ=   20.7026 (Fracs of F: LogLike: 100.0%; ), |g|=  104460.5
DEBUG:diffBragg.main:RotXYZ0_xtal0_deg=-0.0269, RotXYZ1_xtal0_deg=-0.1168, RotXYZ2_xtal0_deg=-0.0242, G_xtal0=211572442488598912.0000, Nabc0=23.7888, Ndef0=13.4233, Nabc1=31.1587, Ndef1=17.1835, Nabc2=25.7958, Ndef2=-11.1800, ucell0=27.3528, ucell1=32.3986, ucell2=34.3316, ucell3=1.5564, ucell4=1.2529, ucell5=1.2072, 
DEBUG:diffBragg.main:Hop=0 |it=485 | t/it=0.0567sF=   1918027 sigZ=  20.70245 (Fracs of F: LogLike: 100.0%; ), |g|=  86548.16
DEBUG:diffBragg.main:RotXYZ0_xtal0_deg=-0.0271, RotXYZ1_xtal0_deg=-0.1166, RotXYZ2_xtal0_deg=-0.0244, G_xtal0=211637776439789120.0000, Nabc0=23.8159, Ndef0=13.4109, Nabc1=31.1396, Ndef1=17.1821, Nabc2=25.7724, Ndef2=-11.1867, ucell0=27.3532, ucell1=32.3989, ucell2=34.3317, ucell3=1.5564, ucell4=1.2529, ucell5=1.2072, 
DEBUG:diffBragg.main:Hop=0 |it=486 | t/it=0.0567sF=   1918023 sigZ=  20.70213 (Fracs of F: LogLike: 100.0%; ), |g|=    146061
DEBUG:diffBragg.main:RotXYZ0_xtal0_deg=-0.0272, RotXYZ1_xtal0_deg=-0.1164, RotXYZ2_xtal0_deg=-0.0246, G_xtal0=211619867176518880.0000, Nabc0=23.8236, Ndef0=13.4027, Nabc1=31.1218, Ndef1=17.1762, Nabc2=25.7593, Ndef2=-11.1891, ucell0=27.3532, ucell1=32.3991, ucell2=34.3317, ucell3=1.5565, ucell4=1.2529, ucell5=1.2072, 
DEBUG:diffBragg.main:Hop=0 |it=487 | t/it=0.0567sF=   1918020 sigZ=  20.70174 (Fracs of F: LogLike: 100.0%; ), |g|=  190503.8
DEBUG:diffBragg.main:RotXYZ0_xtal0_deg=-0.0274, RotXYZ1_xtal0_deg=-0.1164, RotXYZ2_xtal0_deg=-0.0249, G_xtal0=211544443163975904.0000, Nabc0=23.8203, Ndef0=13.3942, Nabc1=31.0954, Ndef1=17.1634, Nabc2=25.7471, Ndef2=-11.1930, ucell0=27.3527, ucell1=32.3993, ucell2=34.3316, ucell3=1.5565, ucell4=1.2529, ucell5=1.2072, 
DEBUG:diffBragg.main:Hop=0 |it=488 | t/it=0.0567sF=   1918013 sigZ=  20.70135 (Fracs of F: LogLike: 100.0%; ), |g|=  219635.5
DEBUG:diffBragg.main:RotXYZ0_xtal0_deg=-0.0279, RotXYZ1_xtal0_deg=-0.1163, RotXYZ2_xtal0_deg=-0.0257, G_xtal0=211209785527906720.0000, Nabc0=23.7808, Ndef0=13.3878, Nabc1=31.0585, Ndef1=17.1360, Nabc2=25.7498, Ndef2=-11.1922, ucell0=27.3519, ucell1=32.3994, ucell2=34.3316, ucell3=1.5565, ucell4=1.2529, ucell5=1.2072, 
DEBUG:diffBragg.main:Hop=0 |it=489 | t/it=0.0567sF=   1918003 sigZ=  20.70075 (Fracs of F: LogLike: 100.0%; ), |g|=  362736.3
DEBUG:diffBragg.main:RotXYZ0_xtal0_deg=-0.0285, RotXYZ1_xtal0_deg=-0.1162, RotXYZ2_xtal0_deg=-0.0266, G_xtal0=210865278834648640.0000, Nabc0=23.7462, Ndef0=13.3714, Nabc1=31.0073, Ndef1=17.1091, Nabc2=25.7419, Ndef2=-11.1965, ucell0=27.3503, ucell1=32.3996, ucell2=34.3314, ucell3=1.5565, ucell4=1.2530, ucell5=1.2071, 
DEBUG:diffBragg.main:Hop=0 |it=490 | t/it=0.0567sF=   1917988 sigZ=  20.70007 (Fracs of F: LogLike: 100.0%; ), |g|=    292462
DEBUG:diffBragg.main:RotXYZ0_xtal0_deg=-0.0290, RotXYZ1_xtal0_deg=-0.1162, RotXYZ2_xtal0_deg=-0.0273, G_xtal0=210588093290660192.0000, Nabc0=23.7227, Ndef0=13.3653, Nabc1=30.9880, Ndef1=17.0982, Nabc2=25.7474, Ndef2=-11.2016, ucell0=27.3498, ucell1=32.3996, ucell2=34.3316, ucell3=1.5565, ucell4=1.2530, ucell5=1.2071, 
DEBUG:diffBragg.main:Hop=0 |it=491 | t/it=0.0567sF=   1917965 sigZ=  20.70033 (Fracs of F: LogLike: 100.0%; ), |g|=  275399.7
DEBUG:diffBragg.main:RotXYZ0_xtal0_deg=-0.0313, RotXYZ1_xtal0_deg=-0.1156, RotXYZ2_xtal0_deg=-0.0307, G_xtal0=209456371100741088.0000, Nabc0=23.6599, Ndef0=13.3368, Nabc1=30.9353, Ndef1=17.0711, Nabc2=25.7742, Ndef2=-11.2205, ucell0=27.3498, ucell1=32.3991, ucell2=34.3333, ucell3=1.5565, ucell4=1.2530, ucell5=1.2071, 
DEBUG:diffBragg.main:Hop=0 |it=492 | t/it=0.0567sF=   1917895 sigZ=  20.70125 (Fracs of F: LogLike: 100.0%; ), |g|=    611735
DEBUG:diffBragg.main:RotXYZ0_xtal0_deg=-0.0328, RotXYZ1_xtal0_deg=-0.1154, RotXYZ2_xtal0_deg=-0.0330, G_xtal0=208659631376717600.0000, Nabc0=23.6087, Ndef0=13.3252, Nabc1=30.9235, Ndef1=17.0589, Nabc2=25.8120, Ndef2=-11.2233, ucell0=27.3496, ucell1=32.3986, ucell2=34.3343, ucell3=1.5565, ucell4=1.2529, ucell5=1.2071, 
DEBUG:diffBragg.main:Hop=0 |it=493 | t/it=0.0567sF=   1917856 sigZ=  20.70148 (Fracs of F: LogLike: 100.0%; ), |g|=  589713.5
DEBUG:diffBragg.main:RotXYZ0_xtal0_deg=-0.0357, RotXYZ1_xtal0_deg=-0.1138, RotXYZ2_xtal0_deg=-0.0373, G_xtal0=207868526977463712.0000, Nabc0=23.7024, Ndef0=13.2493, Nabc1=30.8823, Ndef1=17.0734, Nabc2=25.7786, Ndef2=-11.2602, ucell0=27.3532, ucell1=32.3984, ucell2=34.3370, ucell3=1.5565, ucell4=1.2528, ucell5=1.2072, 
DEBUG:diffBragg.main:Hop=0 |it=494 | t/it=0.0567sF=   1917788 sigZ=  20.70103 (Fracs of F: LogLike: 100.0%; ), |g|=  503962.1
DEBUG:diffBragg.main:RotXYZ0_xtal0_deg=-0.0368, RotXYZ1_xtal0_deg=-0.1131, RotXYZ2_xtal0_deg=-0.0389, G_xtal0=207710535234357344.0000, Nabc0=23.7822, Ndef0=13.2149, Nabc1=30.8803, Ndef1=17.0974, Nabc2=25.7536, Ndef2=-11.2820, ucell0=27.3542, ucell1=32.3987, ucell2=34.3375, ucell3=1.5566, ucell4=1.2527, ucell5=1.2072, 
DEBUG:diffBragg.main:Hop=0 |it=495 | t/it=0.0567sF=   1917724 sigZ=  20.70123 (Fracs of F: LogLike: 100.0%; ), |g|=  606280.5
DEBUG:diffBragg.main:RotXYZ0_xtal0_deg=-0.0374, RotXYZ1_xtal0_deg=-0.1125, RotXYZ2_xtal0_deg=-0.0399, G_xtal0=207819108236472320.0000, Nabc0=23.8944, Ndef0=13.1812, Nabc1=30.9034, Ndef1=17.1377, Nabc2=25.7235, Ndef2=-11.3025, ucell0=27.3554, ucell1=32.3992, ucell2=34.3376, ucell3=1.5567, ucell4=1.2527, ucell5=1.2073, 
DEBUG:diffBragg.main:Hop=0 |it=496 | t/it=0.0567sF=   1917663 sigZ=  20.70125 (Fracs of F: LogLike: 100.0%; ), |g|=    564561
DEBUG:diffBragg.main:RotXYZ0_xtal0_deg=-0.0382, RotXYZ1_xtal0_deg=-0.1122, RotXYZ2_xtal0_deg=-0.0410, G_xtal0=207763165394964032.0000, Nabc0=23.9783, Ndef0=13.1807, Nabc1=30.9967, Ndef1=17.1988, Nabc2=25.7478, Ndef2=-11.3148, ucell0=27.3575, ucell1=32.3991, ucell2=34.3384, ucell3=1.5567, ucell4=1.2526, ucell5=1.2074, 
DEBUG:diffBragg.main:Hop=0 |it=497 | t/it=0.0567sF=   1917647 sigZ=  20.70367 (Fracs of F: LogLike: 100.0%; ), |g|=  489307.4
DEBUG:diffBragg.main:RotXYZ0_xtal0_deg=-0.0381, RotXYZ1_xtal0_deg=-0.1122, RotXYZ2_xtal0_deg=-0.0408, G_xtal0=207773227769422528.0000, Nabc0=23.9626, Ndef0=13.1663, Nabc1=30.9321, Ndef1=17.1647, Nabc2=25.7135, Ndef2=-11.3198, ucell0=27.3555, ucell1=32.3997, ucell2=34.3376, ucell3=1.5567, ucell4=1.2527, ucell5=1.2073, 
DEBUG:diffBragg.main:Hop=0 |it=498 | t/it=0.0567sF=   1917620 sigZ=  20.70227 (Fracs of F: LogLike: 100.0%; ), |g|=  156429.7
DEBUG:diffBragg.main:RotXYZ0_xtal0_deg=-0.0381, RotXYZ1_xtal0_deg=-0.1123, RotXYZ2_xtal0_deg=-0.0409, G_xtal0=207743193965114240.0000, Nabc0=23.9553, Ndef0=13.1648, Nabc1=30.9195, Ndef1=17.1571, Nabc2=25.7078, Ndef2=-11.3205, ucell0=27.3550, ucell1=32.3999, ucell2=34.3374, ucell3=1.5567, ucell4=1.2527, ucell5=1.2073, 
DEBUG:diffBragg.main:Hop=0 |it=499 | t/it=0.0567sF=   1917614 sigZ=  20.70212 (Fracs of F: LogLike: 100.0%; ), |g|=  147311.9
DEBUG:diffBragg.main:RotXYZ0_xtal0_deg=-0.0382, RotXYZ1_xtal0_deg=-0.1124, RotXYZ2_xtal0_deg=-0.0409, G_xtal0=207675624680137984.0000, Nabc0=23.9274, Ndef0=13.1686, Nabc1=30.8771, Ndef1=17.1196, Nabc2=25.6802, Ndef2=-11.3251, ucell0=27.3519, ucell1=32.4006, ucell2=34.3365, ucell3=1.5567, ucell4=1.2528, ucell5=1.2072, 
DEBUG:diffBragg.main:Added 0 pixels from 0 shoeboxes to the untrusted list (8700 / 8700 trusted pixels remain)
DEBUG:diffBragg.main:Hop=0 |it=500 | t/it=0.0567sF=   1917583 sigZ=  20.70157 (Fracs of F: LogLike: 100.0%; ), |g|=  313841.2
DEBUG:diffBragg.main:RotXYZ0_xtal0_deg=-0.0384, RotXYZ1_xtal0_deg=-0.1127, RotXYZ2_xtal0_deg=-0.0413, G_xtal0=207613968903541760.0000, Nabc0=23.9069, Ndef0=13.1760, Nabc1=30.8145, Ndef1=17.0541, Nabc2=25.6155, Ndef2=-11.3416, ucell0=27.3462, ucell1=32.4022, ucell2=34.3345, ucell3=1.5567, ucell4=1.2529, ucell5=1.2070, 
DEBUG:diffBragg.main:Hop=0 |it=501 | t/it=0.0567sF=   1917550 sigZ=  20.70126 (Fracs of F: LogLike: 100.0%; ), |g|=  768572.7
DEBUG:diffBragg.main:RotXYZ0_xtal0_deg=-0.0392, RotXYZ1_xtal0_deg=-0.1125, RotXYZ2_xtal0_deg=-0.0426, G_xtal0=207443642660857920.0000, Nabc0=23.9339, Ndef0=13.1754, Nabc1=30.8125, Ndef1=17.0368, Nabc2=25.5845, Ndef2=-11.3556, ucell0=27.3442, ucell1=32.4028, ucell2=34.3344, ucell3=1.5568, ucell4=1.2530, ucell5=1.2070, 
DEBUG:diffBragg.main:Hop=0 |it=502 | t/it=0.0567sF=   1917482 sigZ=  20.70102 (Fracs of F: LogLike: 100.0%; ), |g|=  491242.6
DEBUG:diffBragg.main:RotXYZ0_xtal0_deg=-0.0404, RotXYZ1_xtal0_deg=-0.1121, RotXYZ2_xtal0_deg=-0.0443, G_xtal0=207428443786006304.0000, Nabc0=24.0302, Ndef0=13.1772, Nabc1=30.8520, Ndef1=17.0360, Nabc2=25.5331, Ndef2=-11.3810, ucell0=27.3427, ucell1=32.4036, ucell2=34.3344, ucell3=1.5568, ucell4=1.2530, ucell5=1.2069, 
DEBUG:diffBragg.main:Hop=0 |it=503 | t/it=0.0567sF=   1917407 sigZ=  20.70132 (Fracs of F: LogLike: 100.0%; ), |g|=  529437.1
DEBUG:diffBragg.main:RotXYZ0_xtal0_deg=-0.0404, RotXYZ1_xtal0_deg=-0.1123, RotXYZ2_xtal0_deg=-0.0444, G_xtal0=207639988309424448.0000, Nabc0=24.0680, Ndef0=13.2145, Nabc1=30.9274, Ndef1=17.0340, Nabc2=25.5217, Ndef2=-11.3849, ucell0=27.3411, ucell1=32.4038, ucell2=34.3340, ucell3=1.5568, ucell4=1.2531, ucell5=1.2069, 
DEBUG:diffBragg.main:Hop=0 |it=504 | t/it=0.0567sF=   1917368 sigZ=  20.70185 (Fracs of F: LogLike: 100.0%; ), |g|=  774313.2
DEBUG:diffBragg.main:RotXYZ0_xtal0_deg=-0.0399, RotXYZ1_xtal0_deg=-0.1128, RotXYZ2_xtal0_deg=-0.0435, G_xtal0=208057141464741344.0000, Nabc0=24.0907, Ndef0=13.2720, Nabc1=31.0123, Ndef1=17.0323, Nabc2=25.5134, Ndef2=-11.3792, ucell0=27.3388, ucell1=32.4041, ucell2=34.3329, ucell3=1.5568, ucell4=1.2531, ucell5=1.2068, 
DEBUG:diffBragg.main:Hop=0 |it=505 | t/it=0.0567sF=   1917374 sigZ=  20.70278 (Fracs of F: LogLike: 100.0%; ), |g|=  974630.5
DEBUG:diffBragg.main:RotXYZ0_xtal0_deg=-0.0402, RotXYZ1_xtal0_deg=-0.1125, RotXYZ2_xtal0_deg=-0.0440, G_xtal0=207831177733528576.0000, Nabc0=24.0784, Ndef0=13.2408, Nabc1=30.9663, Ndef1=17.0332, Nabc2=25.5179, Ndef2=-11.3823, ucell0=27.3400, ucell1=32.4039, ucell2=34.3335, ucell3=1.5568, ucell4=1.2531, ucell5=1.2069, 
DEBUG:diffBragg.main:Hop=0 |it=506 | t/it=0.0567sF=   1917354 sigZ=  20.70219 (Fracs of F: LogLike: 100.0%; ), |g|=  398315.4
DEBUG:diffBragg.main:RotXYZ0_xtal0_deg=-0.0396, RotXYZ1_xtal0_deg=-0.1128, RotXYZ2_xtal0_deg=-0.0432, G_xtal0=207980289904635456.0000, Nabc0=24.0559, Ndef0=13.2652, Nabc1=30.9951, Ndef1=17.0307, Nabc2=25.5339, Ndef2=-11.3726, ucell0=27.3398, ucell1=32.4036, ucell2=34.3332, ucell3=1.5568, ucell4=1.2531, ucell5=1.2069, 
DEBUG:diffBragg.main:Hop=0 |it=507 | t/it=0.0567sF=   1917341 sigZ=  20.70219 (Fracs of F: LogLike: 100.0%; ), |g|=  315856.2
DEBUG:diffBragg.main:RotXYZ0_xtal0_deg=-0.0390, RotXYZ1_xtal0_deg=-0.1133, RotXYZ2_xtal0_deg=-0.0422, G_xtal0=208117236105837920.0000, Nabc0=24.0105, Ndef0=13.3006, Nabc1=31.0338, Ndef1=17.0284, Nabc2=25.5649, Ndef2=-11.3582, ucell0=27.3397, ucell1=32.4030, ucell2=34.3330, ucell3=1.5568, ucell4=1.2531, ucell5=1.2068, 
DEBUG:diffBragg.main:Hop=0 |it=508 | t/it=0.0567sF=   1917326 sigZ=  20.70259 (Fracs of F: LogLike: 100.0%; ), |g|=  162220.4
DEBUG:diffBragg.main:RotXYZ0_xtal0_deg=-0.0388, RotXYZ1_xtal0_deg=-0.1135, RotXYZ2_xtal0_deg=-0.0419, G_xtal0=208123421800953664.0000, Nabc0=23.9818, Ndef0=13.3136, Nabc1=31.0409, Ndef1=17.0167, Nabc2=25.5732, Ndef2=-11.3521, ucell0=27.3390, ucell1=32.4028, ucell2=34.3327, ucell3=1.5567, ucell4=1.2531, ucell5=1.2068, 
DEBUG:diffBragg.main:Hop=0 |it=509 | t/it=0.0567sF=   1917317 sigZ=   20.7023 (Fracs of F: LogLike: 100.0%; ), |g|=  160003.9
DEBUG:diffBragg.main:RotXYZ0_xtal0_deg=-0.0388, RotXYZ1_xtal0_deg=-0.1138, RotXYZ2_xtal0_deg=-0.0419, G_xtal0=208045917239583584.0000, Nabc0=23.9181, Ndef0=13.3427, Nabc1=31.0627, Ndef1=16.9942, Nabc2=25.5922, Ndef2=-11.3478, ucell0=27.3376, ucell1=32.4024, ucell2=34.3323, ucell3=1.5567, ucell4=1.2532, ucell5=1.2068, 
DEBUG:diffBragg.main:Hop=0 |it=510 | t/it=0.0567sF=   1917296 sigZ=  20.70281 (Fracs of F: LogLike: 100.0%; ), |g|=  258742.2
DEBUG:diffBragg.main:RotXYZ0_xtal0_deg=-0.0395, RotXYZ1_xtal0_deg=-0.1138, RotXYZ2_xtal0_deg=-0.0430, G_xtal0=207782095130407648.0000, Nabc0=23.8687, Ndef0=13.3431, Nabc1=31.0733, Ndef1=16.9757, Nabc2=25.6040, Ndef2=-11.3469, ucell0=27.3369, ucell1=32.4019, ucell2=34.3324, ucell3=1.5567, ucell4=1.2532, ucell5=1.2067, 
DEBUG:diffBragg.main:Hop=0 |it=511 | t/it=0.0567sF=   1917266 sigZ=  20.70222 (Fracs of F: LogLike: 100.0%; ), |g|=  403865.1
DEBUG:diffBragg.main:RotXYZ0_xtal0_deg=-0.0416, RotXYZ1_xtal0_deg=-0.1133, RotXYZ2_xtal0_deg=-0.0460, G_xtal0=207106954415798368.0000, Nabc0=23.8046, Ndef0=13.3150, Nabc1=31.0664, Ndef1=16.9480, Nabc2=25.6094, Ndef2=-11.3630, ucell0=27.3361, ucell1=32.4013, ucell2=34.3332, ucell3=1.5567, ucell4=1.2532, ucell5=1.2067, 
DEBUG:diffBragg.main:Hop=0 |it=512 | t/it=0.0567sF=   1917208 sigZ=   20.7017 (Fracs of F: LogLike: 100.0%; ), |g|=  576931.3
DEBUG:diffBragg.main:RotXYZ0_xtal0_deg=-0.0467, RotXYZ1_xtal0_deg=-0.1123, RotXYZ2_xtal0_deg=-0.0536, G_xtal0=205682471051397664.0000, Nabc0=23.6822, Ndef0=13.2699, Nabc1=31.1136, Ndef1=16.9101, Nabc2=25.6067, Ndef2=-11.4068, ucell0=27.3333, ucell1=32.4003, ucell2=34.3347, ucell3=1.5568, ucell4=1.2532, ucell5=1.2066, 
DEBUG:diffBragg.main:Hop=0 |it=513 | t/it=0.0567sF=   1917170 sigZ=  20.70365 (Fracs of F: LogLike: 100.0%; ), |g|=   1232384
DEBUG:diffBragg.main:RotXYZ0_xtal0_deg=-0.0489, RotXYZ1_xtal0_deg=-0.1111, RotXYZ2_xtal0_deg=-0.0569, G_xtal0=205015044229557664.0000, Nabc0=23.7205, Ndef0=13.1844, Nabc1=31.0312, Ndef1=16.9114, Nabc2=25.5771, Ndef2=-11.4361, ucell0=27.3351, ucell1=32.4006, ucell2=34.3364, ucell3=1.5568, ucell4=1.2531, ucell5=1.2067, 
DEBUG:diffBragg.main:Hop=0 |it=514 | t/it=0.0567sF=   1917080 sigZ=  20.70206 (Fracs of F: LogLike: 100.0%; ), |g|=  401837.3
DEBUG:diffBragg.main:RotXYZ0_xtal0_deg=-0.0487, RotXYZ1_xtal0_deg=-0.1111, RotXYZ2_xtal0_deg=-0.0567, G_xtal0=205183795757193408.0000, Nabc0=23.7476, Ndef0=13.1938, Nabc1=31.0641, Ndef1=16.9269, Nabc2=25.5749, Ndef2=-11.4341, ucell0=27.3355, ucell1=32.4007, ucell2=34.3366, ucell3=1.5568, ucell4=1.2531, ucell5=1.2067, 
DEBUG:diffBragg.main:Hop=0 |it=515 | t/it=0.0567sF=   1917056 sigZ=  20.70218 (Fracs of F: LogLike: 100.0%; ), |g|=  296763.4
DEBUG:diffBragg.main:RotXYZ0_xtal0_deg=-0.0494, RotXYZ1_xtal0_deg=-0.1109, RotXYZ2_xtal0_deg=-0.0576, G_xtal0=205131400896763424.0000, Nabc0=23.7595, Ndef0=13.1901, Nabc1=31.0893, Ndef1=16.9431, Nabc2=25.5701, Ndef2=-11.4353, ucell0=27.3357, ucell1=32.4007, ucell2=34.3371, ucell3=1.5568, ucell4=1.2531, ucell5=1.2067, 
DEBUG:diffBragg.main:Hop=0 |it=516 | t/it=0.0567sF=   1917035 sigZ=  20.70265 (Fracs of F: LogLike: 100.0%; ), |g|=  254641.4
DEBUG:diffBragg.main:RotXYZ0_xtal0_deg=-0.0504, RotXYZ1_xtal0_deg=-0.1106, RotXYZ2_xtal0_deg=-0.0592, G_xtal0=204934937455182368.0000, Nabc0=23.7534, Ndef0=13.1815, Nabc1=31.1086, Ndef1=16.9552, Nabc2=25.5646, Ndef2=-11.4336, ucell0=27.3356, ucell1=32.4006, ucell2=34.3377, ucell3=1.5569, ucell4=1.2531, ucell5=1.2067, 
DEBUG:diffBragg.main:Hop=0 |it=517 | t/it=0.0567sF=   1917011 sigZ=  20.70292 (Fracs of F: LogLike: 100.0%; ), |g|=  364278.4
DEBUG:diffBragg.main:RotXYZ0_xtal0_deg=-0.0530, RotXYZ1_xtal0_deg=-0.1101, RotXYZ2_xtal0_deg=-0.0630, G_xtal0=204556455286241888.0000, Nabc0=23.7079, Ndef0=13.1944, Nabc1=31.1865, Ndef1=16.9798, Nabc2=25.5547, Ndef2=-11.4100, ucell0=27.3341, ucell1=32.4003, ucell2=34.3388, ucell3=1.5569, ucell4=1.2531, ucell5=1.2066, 
DEBUG:diffBragg.main:Hop=0 |it=518 | t/it=0.0567sF=   1916962 sigZ=  20.70385 (Fracs of F: LogLike: 100.0%; ), |g|=  664488.6
DEBUG:diffBragg.main:RotXYZ0_xtal0_deg=-0.0556, RotXYZ1_xtal0_deg=-0.1096, RotXYZ2_xtal0_deg=-0.0668, G_xtal0=204090771302601504.0000, Nabc0=23.6200, Ndef0=13.2038, Nabc1=31.2279, Ndef1=16.9906, Nabc2=25.5467, Ndef2=-11.3631, ucell0=27.3320, ucell1=32.4003, ucell2=34.3398, ucell3=1.5569, ucell4=1.2531, ucell5=1.2066, 
DEBUG:diffBragg.main:Hop=0 |it=519 | t/it=0.0567sF=   1916891 sigZ=  20.70322 (Fracs of F: LogLike: 100.0%; ), |g|=   1007883
DEBUG:diffBragg.main:RotXYZ0_xtal0_deg=-0.0565, RotXYZ1_xtal0_deg=-0.1096, RotXYZ2_xtal0_deg=-0.0682, G_xtal0=203926985849617472.0000, Nabc0=23.5537, Ndef0=13.2251, Nabc1=31.2389, Ndef1=16.9841, Nabc2=25.5457, Ndef2=-11.3264, ucell0=27.3303, ucell1=32.4003, ucell2=34.3398, ucell3=1.5569, ucell4=1.2532, ucell5=1.2065, 
DEBUG:diffBragg.main:Hop=0 |it=520 | t/it=0.0567sF=   1916815 sigZ=  20.70223 (Fracs of F: LogLike: 100.0%; ), |g|=  794041.5
DEBUG:diffBragg.main:RotXYZ0_xtal0_deg=-0.0584, RotXYZ1_xtal0_deg=-0.1094, RotXYZ2_xtal0_deg=-0.0709, G_xtal0=203758527073851456.0000, Nabc0=23.4279, Ndef0=13.2706, Nabc1=31.2291, Ndef1=16.9957, Nabc2=25.5254, Ndef2=-11.2117, ucell0=27.3272, ucell1=32.4012, ucell2=34.3399, ucell3=1.5569, ucell4=1.2532, ucell5=1.2065, 
DEBUG:diffBragg.main:Hop=0 |it=521 | t/it=0.0567sF=   1916681 sigZ=  20.69949 (Fracs of F: LogLike: 100.0%; ), |g|=  267466.2
DEBUG:diffBragg.main:RotXYZ0_xtal0_deg=-0.0580, RotXYZ1_xtal0_deg=-0.1092, RotXYZ2_xtal0_deg=-0.0703, G_xtal0=203987462869885184.0000, Nabc0=23.4636, Ndef0=13.2617, Nabc1=31.1866, Ndef1=17.0258, Nabc2=25.5073, Ndef2=-11.1922, ucell0=27.3284, ucell1=32.4017, ucell2=34.3401, ucell3=1.5569, ucell4=1.2532, ucell5=1.2065, 
DEBUG:diffBragg.main:Hop=0 |it=522 | t/it=0.0567sF=   1916657 sigZ=  20.69911 (Fracs of F: LogLike: 100.0%; ), |g|=  423802.3
DEBUG:diffBragg.main:RotXYZ0_xtal0_deg=-0.0584, RotXYZ1_xtal0_deg=-0.1089, RotXYZ2_xtal0_deg=-0.0709, G_xtal0=203986905284143040.0000, Nabc0=23.4795, Ndef0=13.2410, Nabc1=31.1530, Ndef1=17.0401, Nabc2=25.4909, Ndef2=-11.1850, ucell0=27.3292, ucell1=32.4021, ucell2=34.3405, ucell3=1.5570, ucell4=1.2532, ucell5=1.2065, 
DEBUG:diffBragg.main:Hop=0 |it=523 | t/it=0.0567sF=   1916629 sigZ=  20.69854 (Fracs of F: LogLike: 100.0%; ), |g|=  369782.2
DEBUG:diffBragg.main:RotXYZ0_xtal0_deg=-0.0596, RotXYZ1_xtal0_deg=-0.1079, RotXYZ2_xtal0_deg=-0.0728, G_xtal0=204046905152777120.0000, Nabc0=23.5375, Ndef0=13.1856, Nabc1=31.0979, Ndef1=17.0816, Nabc2=25.4488, Ndef2=-11.1803, ucell0=27.3316, ucell1=32.4028, ucell2=34.3418, ucell3=1.5570, ucell4=1.2531, ucell5=1.2066, 
DEBUG:diffBragg.main:Hop=0 |it=524 | t/it=0.0567sF=   1916562 sigZ=  20.69744 (Fracs of F: LogLike: 100.0%; ), |g|=  423431.6
DEBUG:diffBragg.main:RotXYZ0_xtal0_deg=-0.0628, RotXYZ1_xtal0_deg=-0.1060, RotXYZ2_xtal0_deg=-0.0775, G_xtal0=203967432360086720.0000, Nabc0=23.6164, Ndef0=13.0899, Nabc1=31.0317, Ndef1=17.1311, Nabc2=25.3789, Ndef2=-11.1921, ucell0=27.3353, ucell1=32.4035, ucell2=34.3443, ucell3=1.5572, ucell4=1.2529, ucell5=1.2067, 
DEBUG:diffBragg.main:Hop=0 |it=525 | t/it=0.0567sF=   1916460 sigZ=    20.696 (Fracs of F: LogLike: 100.0%; ), |g|=  954214.2
DEBUG:diffBragg.main:RotXYZ0_xtal0_deg=-0.0687, RotXYZ1_xtal0_deg=-0.1029, RotXYZ2_xtal0_deg=-0.0863, G_xtal0=203882419996700384.0000, Nabc0=23.7340, Ndef0=12.9477, Nabc1=30.9767, Ndef1=17.2177, Nabc2=25.2590, Ndef2=-11.2148, ucell0=27.3405, ucell1=32.4042, ucell2=34.3486, ucell3=1.5574, ucell4=1.2527, ucell5=1.2069, 
DEBUG:diffBragg.main:Hop=0 |it=526 | t/it=0.0567sF=   1916266 sigZ=  20.69464 (Fracs of F: LogLike: 100.0%; ), |g|=   1037567
DEBUG:diffBragg.main:RotXYZ0_xtal0_deg=-0.0822, RotXYZ1_xtal0_deg=-0.0969, RotXYZ2_xtal0_deg=-0.1063, G_xtal0=203480499409198560.0000, Nabc0=23.8712, Ndef0=12.7138, Nabc1=30.9661, Ndef1=17.3305, Nabc2=25.0380, Ndef2=-11.2641, ucell0=27.3476, ucell1=32.4045, ucell2=34.3570, ucell3=1.5578, ucell4=1.2522, ucell5=1.2071, 
DEBUG:diffBragg.main:Hop=0 |it=527 | t/it=0.0567sF=   1915878 sigZ=  20.69197 (Fracs of F: LogLike: 100.0%; ), |g|=   1512300
DEBUG:diffBragg.main:RotXYZ0_xtal0_deg=-0.1016, RotXYZ1_xtal0_deg=-0.0888, RotXYZ2_xtal0_deg=-0.1351, G_xtal0=203014583483122784.0000, Nabc0=24.0141, Ndef0=12.4777, Nabc1=31.0666, Ndef1=17.4440, Nabc2=24.7403, Ndef2=-11.3351, ucell0=27.3545, ucell1=32.4045, ucell2=34.3691, ucell3=1.5583, ucell4=1.2517, ucell5=1.2073, 
DEBUG:diffBragg.main:Hop=0 |it=528 | t/it=0.0567sF=   1915496 sigZ=  20.69149 (Fracs of F: LogLike: 100.0%; ), |g|=   1595503
DEBUG:diffBragg.main:RotXYZ0_xtal0_deg=-0.1134, RotXYZ1_xtal0_deg=-0.0841, RotXYZ2_xtal0_deg=-0.1526, G_xtal0=203092225387065568.0000, Nabc0=24.0896, Ndef0=12.3597, Nabc1=31.1622, Ndef1=17.5202, Nabc2=24.5526, Ndef2=-11.3232, ucell0=27.3578, ucell1=32.4041, ucell2=34.3756, ucell3=1.5586, ucell4=1.2514, ucell5=1.2074, 
DEBUG:diffBragg.main:Hop=0 |it=529 | t/it=0.0567sF=   1915241 sigZ=  20.68782 (Fracs of F: LogLike: 100.0%; ), |g|=   1058437
DEBUG:diffBragg.main:RotXYZ0_xtal0_deg=-0.1079, RotXYZ1_xtal0_deg=-0.0872, RotXYZ2_xtal0_deg=-0.1444, G_xtal0=203649325544568000.0000, Nabc0=23.9754, Ndef0=12.5489, Nabc1=31.2771, Ndef1=17.4465, Nabc2=24.6515, Ndef2=-11.2602, ucell0=27.3517, ucell1=32.4033, ucell2=34.3713, ucell3=1.5584, ucell4=1.2517, ucell5=1.2073, 
DEBUG:diffBragg.main:Hop=0 |it=530 | t/it=0.0567sF=   1915017 sigZ=  20.68497 (Fracs of F: LogLike: 100.0%; ), |g|=   1341693
DEBUG:diffBragg.main:RotXYZ0_xtal0_deg=-0.1073, RotXYZ1_xtal0_deg=-0.0876, RotXYZ2_xtal0_deg=-0.1434, G_xtal0=204487045179749184.0000, Nabc0=24.0119, Ndef0=12.6590, Nabc1=31.4095, Ndef1=17.4554, Nabc2=24.6468, Ndef2=-11.2688, ucell0=27.3508, ucell1=32.4027, ucell2=34.3707, ucell3=1.5584, ucell4=1.2518, ucell5=1.2072, 
DEBUG:diffBragg.main:Hop=0 |it=531 | t/it=0.0567sF=   1914752 sigZ=   20.6887 (Fracs of F: LogLike: 100.0%; ), |g|=   1152336
DEBUG:diffBragg.main:RotXYZ0_xtal0_deg=-0.1103, RotXYZ1_xtal0_deg=-0.0864, RotXYZ2_xtal0_deg=-0.1480, G_xtal0=205675751623037376.0000, Nabc0=24.1139, Ndef0=12.7382, Nabc1=31.5727, Ndef1=17.4860, Nabc2=24.5679, Ndef2=-11.2617, ucell0=27.3520, ucell1=32.4023, ucell2=34.3725, ucell3=1.5585, ucell4=1.2517, ucell5=1.2072, 
DEBUG:diffBragg.main:Hop=0 |it=532 | t/it=0.0567sF=   1914497 sigZ=  20.69011 (Fracs of F: LogLike: 100.0%; ), |g|=   1277932
DEBUG:diffBragg.main:RotXYZ0_xtal0_deg=-0.1150, RotXYZ1_xtal0_deg=-0.0839, RotXYZ2_xtal0_deg=-0.1550, G_xtal0=207892215861861184.0000, Nabc0=24.3507, Ndef0=12.8552, Nabc1=31.7837, Ndef1=17.5541, Nabc2=24.4181, Ndef2=-11.2341, ucell0=27.3565, ucell1=32.4024, ucell2=34.3760, ucell3=1.5586, ucell4=1.2515, ucell5=1.2074, 
DEBUG:diffBragg.main:Hop=0 |it=533 | t/it=0.0567sF=   1914277 sigZ=  20.69222 (Fracs of F: LogLike: 100.0%; ), |g|=   1994348
DEBUG:diffBragg.main:RotXYZ0_xtal0_deg=-0.1176, RotXYZ1_xtal0_deg=-0.0824, RotXYZ2_xtal0_deg=-0.1587, G_xtal0=208657740285608992.0000, Nabc0=24.4600, Ndef0=12.8573, Nabc1=31.8138, Ndef1=17.5713, Nabc2=24.3448, Ndef2=-11.2186, ucell0=27.3595, ucell1=32.4030, ucell2=34.3781, ucell3=1.5587, ucell4=1.2513, ucell5=1.2075, 
DEBUG:diffBragg.main:Hop=0 |it=534 | t/it=0.0567sF=   1914062 sigZ=  20.68959 (Fracs of F: LogLike: 100.0%; ), |g|=   1061476
DEBUG:diffBragg.main:RotXYZ0_xtal0_deg=-0.1156, RotXYZ1_xtal0_deg=-0.0827, RotXYZ2_xtal0_deg=-0.1558, G_xtal0=209043529896413696.0000, Nabc0=24.5135, Ndef0=12.8704, Nabc1=31.7501, Ndef1=17.5653, Nabc2=24.3488, Ndef2=-11.1930, ucell0=27.3611, ucell1=32.4038, ucell2=34.3776, ucell3=1.5587, ucell4=1.2513, ucell5=1.2075, 
DEBUG:diffBragg.main:Hop=0 |it=535 | t/it=0.0567sF=   1913914 sigZ=  20.68637 (Fracs of F: LogLike: 100.0%; ), |g|=   1029842
DEBUG:diffBragg.main:RotXYZ0_xtal0_deg=-0.1162, RotXYZ1_xtal0_deg=-0.0805, RotXYZ2_xtal0_deg=-0.1567, G_xtal0=210472600806073600.0000, Nabc0=24.7962, Ndef0=12.8293, Nabc1=31.5945, Ndef1=17.6342, Nabc2=24.2384, Ndef2=-11.1458, ucell0=27.3699, ucell1=32.4059, ucell2=34.3807, ucell3=1.5589, ucell4=1.2510, ucell5=1.2078, 
DEBUG:diffBragg.main:Hop=0 |it=536 | t/it=0.0567sF=   1913687 sigZ=  20.68199 (Fracs of F: LogLike: 100.0%; ), |g|=   1649360
DEBUG:diffBragg.main:RotXYZ0_xtal0_deg=-0.1190, RotXYZ1_xtal0_deg=-0.0768, RotXYZ2_xtal0_deg=-0.1609, G_xtal0=213008831174429728.0000, Nabc0=25.2048, Ndef0=12.8601, Nabc1=31.4510, Ndef1=17.7070, Nabc2=24.0544, Ndef2=-11.0959, ucell0=27.3810, ucell1=32.4091, ucell2=34.3858, ucell3=1.5591, ucell4=1.2505, ucell5=1.2083, 
DEBUG:diffBragg.main:Hop=0 |it=537 | t/it=0.0567sF=   1914146 sigZ=   20.6863 (Fracs of F: LogLike: 100.0%; ), |g|=   4639342
DEBUG:diffBragg.main:RotXYZ0_xtal0_deg=-0.1170, RotXYZ1_xtal0_deg=-0.0794, RotXYZ2_xtal0_deg=-0.1580, G_xtal0=211233459257883616.0000, Nabc0=24.9186, Ndef0=12.8386, Nabc1=31.5514, Ndef1=17.6561, Nabc2=24.1830, Ndef2=-11.1308, ucell0=27.3732, ucell1=32.4069, ucell2=34.3822, ucell3=1.5589, ucell4=1.2509, ucell5=1.2080, 
DEBUG:diffBragg.main:Hop=0 |it=538 | t/it=0.0567sF=   1913570 sigZ=  20.68172 (Fracs of F: LogLike: 100.0%; ), |g|=   1152180
DEBUG:diffBragg.main:RotXYZ0_xtal0_deg=-0.1183, RotXYZ1_xtal0_deg=-0.0783, RotXYZ2_xtal0_deg=-0.1598, G_xtal0=211807881008930464.0000, Nabc0=25.0130, Ndef0=12.8360, Nabc1=31.5230, Ndef1=17.6846, Nabc2=24.1314, Ndef2=-11.1083, ucell0=27.3759, ucell1=32.4074, ucell2=34.3839, ucell3=1.5590, ucell4=1.2508, ucell5=1.2081, 
DEBUG:diffBragg.main:Hop=0 |it=539 | t/it=0.0567sF=   1913494 sigZ=  20.68073 (Fracs of F: LogLike: 100.0%; ), |g|=  601412.3
DEBUG:diffBragg.main:RotXYZ0_xtal0_deg=-0.1195, RotXYZ1_xtal0_deg=-0.0775, RotXYZ2_xtal0_deg=-0.1617, G_xtal0=212280366386020000.0000, Nabc0=25.0784, Ndef0=12.8434, Nabc1=31.5144, Ndef1=17.7056, Nabc2=24.0915, Ndef2=-11.0911, ucell0=27.3775, ucell1=32.4078, ucell2=34.3853, ucell3=1.5591, ucell4=1.2507, ucell5=1.2081, 
DEBUG:diffBragg.main:Hop=0 |it=540 | t/it=0.0567sF=   1913439 sigZ=  20.68048 (Fracs of F: LogLike: 100.0%; ), |g|=    554113
DEBUG:diffBragg.main:RotXYZ0_xtal0_deg=-0.1210, RotXYZ1_xtal0_deg=-0.0765, RotXYZ2_xtal0_deg=-0.1639, G_xtal0=212771013380183296.0000, Nabc0=25.1423, Ndef0=12.8511, Nabc1=31.5005, Ndef1=17.7276, Nabc2=24.0494, Ndef2=-11.0701, ucell0=27.3791, ucell1=32.4083, ucell2=34.3870, ucell3=1.5591, ucell4=1.2506, ucell5=1.2082, 
DEBUG:diffBragg.main:Hop=0 |it=541 | t/it=0.0567sF=   1913365 sigZ=  20.68005 (Fracs of F: LogLike: 100.0%; ), |g|=  773652.2
DEBUG:diffBragg.main:RotXYZ0_xtal0_deg=-0.1234, RotXYZ1_xtal0_deg=-0.0752, RotXYZ2_xtal0_deg=-0.1675, G_xtal0=213121937743968192.0000, Nabc0=25.1912, Ndef0=12.8435, Nabc1=31.4586, Ndef1=17.7490, Nabc2=24.0058, Ndef2=-11.0443, ucell0=27.3806, ucell1=32.4090, ucell2=34.3894, ucell3=1.5592, ucell4=1.2505, ucell5=1.2083, 
DEBUG:diffBragg.main:Hop=0 |it=542 | t/it=0.0567sF=   1913245 sigZ=  20.67885 (Fracs of F: LogLike: 100.0%; ), |g|=    916393
DEBUG:diffBragg.main:RotXYZ0_xtal0_deg=-0.1279, RotXYZ1_xtal0_deg=-0.0738, RotXYZ2_xtal0_deg=-0.1742, G_xtal0=213169261538805120.0000, Nabc0=25.1549, Ndef0=12.8667, Nabc1=31.4656, Ndef1=17.7284, Nabc2=23.9815, Ndef2=-11.0408, ucell0=27.3796, ucell1=32.4091, ucell2=34.3925, ucell3=1.5592, ucell4=1.2504, ucell5=1.2082, 
DEBUG:diffBragg.main:Hop=0 |it=543 | t/it=0.0567sF=   1913121 sigZ=  20.67889 (Fracs of F: LogLike: 100.0%; ), |g|=   1847418
DEBUG:diffBragg.main:RotXYZ0_xtal0_deg=-0.1337, RotXYZ1_xtal0_deg=-0.0712, RotXYZ2_xtal0_deg=-0.1828, G_xtal0=213394285322027680.0000, Nabc0=25.2066, Ndef0=12.8275, Nabc1=31.4129, Ndef1=17.7409, Nabc2=23.9107, Ndef2=-11.0201, ucell0=27.3820, ucell1=32.4097, ucell2=34.3968, ucell3=1.5594, ucell4=1.2503, ucell5=1.2083, 
DEBUG:diffBragg.main:Hop=0 |it=544 | t/it=0.0567sF=   1912869 sigZ=  20.67553 (Fracs of F: LogLike: 100.0%; ), |g|=   1117118
DEBUG:diffBragg.main:RotXYZ0_xtal0_deg=-0.1432, RotXYZ1_xtal0_deg=-0.0678, RotXYZ2_xtal0_deg=-0.1968, G_xtal0=212989298806125952.0000, Nabc0=25.1589, Ndef0=12.7808, Nabc1=31.3640, Ndef1=17.7035, Nabc2=23.8588, Ndef2=-11.0223, ucell0=27.3826, ucell1=32.4097, ucell2=34.4022, ucell3=1.5595, ucell4=1.2501, ucell5=1.2083, 
DEBUG:diffBragg.main:Hop=0 |it=545 | t/it=0.0567sF=   1912456 sigZ=  20.67072 (Fracs of F: LogLike: 100.0%; ), |g|=   1129603
DEBUG:diffBragg.main:RotXYZ0_xtal0_deg=-0.1576, RotXYZ1_xtal0_deg=-0.0634, RotXYZ2_xtal0_deg=-0.2181, G_xtal0=211897142892375040.0000, Nabc0=24.9826, Ndef0=12.7493, Nabc1=31.3263, Ndef1=17.6036, Nabc2=23.8309, Ndef2=-11.0503, ucell0=27.3807, ucell1=32.4086, ucell2=34.4094, ucell3=1.5597, ucell4=1.2500, ucell5=1.2082, 
DEBUG:diffBragg.main:Hop=0 |it=546 | t/it=0.0567sF=   1911898 sigZ=  20.66619 (Fracs of F: LogLike: 100.0%; ), |g|=   2071676
DEBUG:diffBragg.main:RotXYZ0_xtal0_deg=-0.1797, RotXYZ1_xtal0_deg=-0.0560, RotXYZ2_xtal0_deg=-0.2509, G_xtal0=210980615371788224.0000, Nabc0=24.8068, Ndef0=12.7360, Nabc1=31.2721, Ndef1=17.4780, Nabc2=23.7511, Ndef2=-11.0753, ucell0=27.3796, ucell1=32.4072, ucell2=34.4208, ucell3=1.5599, ucell4=1.2498, ucell5=1.2081, 
DEBUG:diffBragg.main:Hop=0 |it=547 | t/it=0.0567sF=   1911357 sigZ=  20.66346 (Fracs of F: LogLike: 100.0%; ), |g|=   3645071
DEBUG:diffBragg.main:RotXYZ0_xtal0_deg=-0.2016, RotXYZ1_xtal0_deg=-0.0507, RotXYZ2_xtal0_deg=-0.2834, G_xtal0=208650150836314368.0000, Nabc0=24.3444, Ndef0=12.7929, Nabc1=31.3255, Ndef1=17.2708, Nabc2=23.8011, Ndef2=-11.1265, ucell0=27.3700, ucell1=32.4033, ucell2=34.4295, ucell3=1.5601, ucell4=1.2498, ucell5=1.2077, 
DEBUG:diffBragg.main:Hop=0 |it=548 | t/it=0.0567sF=   1911057 sigZ=  20.66435 (Fracs of F: LogLike: 100.0%; ), |g|=   2585251
DEBUG:diffBragg.main:RotXYZ0_xtal0_deg=-0.1990, RotXYZ1_xtal0_deg=-0.0502, RotXYZ2_xtal0_deg=-0.2796, G_xtal0=210266893663566112.0000, Nabc0=24.5871, Ndef0=12.8197, Nabc1=31.2942, Ndef1=17.3414, Nabc2=23.7168, Ndef2=-11.0655, ucell0=27.3753, ucell1=32.4047, ucell2=34.4299, ucell3=1.5602, ucell4=1.2497, ucell5=1.2079, 
DEBUG:diffBragg.main:Hop=0 |it=549 | t/it=0.0567sF=   1910656 sigZ=  20.65939 (Fracs of F: LogLike: 100.0%; ), |g|=   1932216
DEBUG:diffBragg.main:RotXYZ0_xtal0_deg=-0.1925, RotXYZ1_xtal0_deg=-0.0532, RotXYZ2_xtal0_deg=-0.2699, G_xtal0=209778906571058624.0000, Nabc0=24.5060, Ndef0=12.8328, Nabc1=31.3306, Ndef1=17.3343, Nabc2=23.8115, Ndef2=-11.0771, ucell0=27.3722, ucell1=32.4039, ucell2=34.4252, ucell3=1.5600, ucell4=1.2499, ucell5=1.2078, 
DEBUG:diffBragg.main:Added 0 pixels from 0 shoeboxes to the untrusted list (8700 / 8700 trusted pixels remain)
DEBUG:diffBragg.main:Hop=0 |it=550 | t/it=0.0567sF=   1910634 sigZ=   20.6593 (Fracs of F: LogLike: 100.0%; ), |g|=   2812010
DEBUG:diffBragg.main:RotXYZ0_xtal0_deg=-0.1979, RotXYZ1_xtal0_deg=-0.0513, RotXYZ2_xtal0_deg=-0.2780, G_xtal0=209636701842149440.0000, Nabc0=24.4693, Ndef0=12.8408, Nabc1=31.3144, Ndef1=17.3098, Nabc2=23.7859, Ndef2=-11.0820, ucell0=27.3720, ucell1=32.4038, ucell2=34.4281, ucell3=1.5601, ucell4=1.2498, ucell5=1.2078, 
DEBUG:diffBragg.main:Hop=0 |it=551 | t/it=0.0567sF=   1910444 sigZ=  20.65983 (Fracs of F: LogLike: 100.0%; ), |g|=  709284.7
DEBUG:diffBragg.main:RotXYZ0_xtal0_deg=-0.1999, RotXYZ1_xtal0_deg=-0.0509, RotXYZ2_xtal0_deg=-0.2809, G_xtal0=209437749494529088.0000, Nabc0=24.4228, Ndef0=12.8545, Nabc1=31.3111, Ndef1=17.2893, Nabc2=23.7964, Ndef2=-11.0849, ucell0=27.3709, ucell1=32.4035, ucell2=34.4288, ucell3=1.5601, ucell4=1.2498, ucell5=1.2078, 
DEBUG:diffBragg.main:Hop=0 |it=552 | t/it=0.0567sF=   1910390 sigZ=  20.66039 (Fracs of F: LogLike: 100.0%; ), |g|=  552646.7
DEBUG:diffBragg.main:RotXYZ0_xtal0_deg=-0.2022, RotXYZ1_xtal0_deg=-0.0508, RotXYZ2_xtal0_deg=-0.2843, G_xtal0=208954241378425312.0000, Nabc0=24.3001, Ndef0=12.9008, Nabc1=31.3095, Ndef1=17.2378, Nabc2=23.8518, Ndef2=-11.0872, ucell0=27.3677, ucell1=32.4028, ucell2=34.4287, ucell3=1.5600, ucell4=1.2499, ucell5=1.2077, 
DEBUG:diffBragg.main:Hop=0 |it=553 | t/it=0.0567sF=   1910259 sigZ=  20.66122 (Fracs of F: LogLike: 100.0%; ), |g|=  973175.2
DEBUG:diffBragg.main:RotXYZ0_xtal0_deg=-0.2042, RotXYZ1_xtal0_deg=-0.0509, RotXYZ2_xtal0_deg=-0.2872, G_xtal0=208487943675955936.0000, Nabc0=24.1691, Ndef0=12.9553, Nabc1=31.2901, Ndef1=17.1848, Nabc2=23.9274, Ndef2=-11.0767, ucell0=27.3641, ucell1=32.4021, ucell2=34.4284, ucell3=1.5600, ucell4=1.2500, ucell5=1.2076, 
DEBUG:diffBragg.main:Hop=0 |it=554 | t/it=0.0567sF=   1910081 sigZ=  20.66091 (Fracs of F: LogLike: 100.0%; ), |g|=   1307097
DEBUG:diffBragg.main:RotXYZ0_xtal0_deg=-0.2066, RotXYZ1_xtal0_deg=-0.0510, RotXYZ2_xtal0_deg=-0.2907, G_xtal0=208113704464465312.0000, Nabc0=23.9871, Ndef0=13.0685, Nabc1=31.1976, Ndef1=17.1084, Nabc2=24.0813, Ndef2=-11.0337, ucell0=27.3588, ucell1=32.4019, ucell2=34.4281, ucell3=1.5599, ucell4=1.2501, ucell5=1.2074, 
DEBUG:diffBragg.main:Hop=0 |it=555 | t/it=0.0567sF=   1909679 sigZ=  20.65933 (Fracs of F: LogLike: 100.0%; ), |g|=   1861713
DEBUG:diffBragg.main:RotXYZ0_xtal0_deg=-0.2204, RotXYZ1_xtal0_deg=-0.0480, RotXYZ2_xtal0_deg=-0.3112, G_xtal0=207260206659427904.0000, Nabc0=23.6118, Ndef0=13.2344, Nabc1=30.9319, Ndef1=16.9542, Nabc2=24.3618, Ndef2=-10.9056, ucell0=27.3498, ucell1=32.4012, ucell2=34.4325, ucell3=1.5598, ucell4=1.2502, ucell5=1.2071, 
DEBUG:diffBragg.main:Hop=0 |it=556 | t/it=0.0567sF=   1909433 sigZ=  20.65333 (Fracs of F: LogLike: 100.0%; ), |g|=   2437392
DEBUG:diffBragg.main:RotXYZ0_xtal0_deg=-0.2159, RotXYZ1_xtal0_deg=-0.0484, RotXYZ2_xtal0_deg=-0.3045, G_xtal0=208685021533562208.0000, Nabc0=23.8058, Ndef0=13.2597, Nabc1=30.8180, Ndef1=17.0182, Nabc2=24.3673, Ndef2=-10.8536, ucell0=27.3545, ucell1=32.4038, ucell2=34.4323, ucell3=1.5598, ucell4=1.2501, ucell5=1.2073, 
DEBUG:diffBragg.main:Hop=0 |it=557 | t/it=0.0567sF=   1908852 sigZ=   20.6475 (Fracs of F: LogLike: 100.0%; ), |g|=   3011504
DEBUG:diffBragg.main:RotXYZ0_xtal0_deg=-0.2125, RotXYZ1_xtal0_deg=-0.0496, RotXYZ2_xtal0_deg=-0.2996, G_xtal0=208849100771079200.0000, Nabc0=23.8053, Ndef0=13.2814, Nabc1=30.7652, Ndef1=17.0305, Nabc2=24.4428, Ndef2=-10.8605, ucell0=27.3542, ucell1=32.4046, ucell2=34.4310, ucell3=1.5598, ucell4=1.2502, ucell5=1.2073, 
DEBUG:diffBragg.main:Hop=0 |it=558 | t/it=0.0567sF=   1908537 sigZ=  20.64825 (Fracs of F: LogLike: 100.0%; ), |g|=   1620277
DEBUG:diffBragg.main:RotXYZ0_xtal0_deg=-0.2098, RotXYZ1_xtal0_deg=-0.0498, RotXYZ2_xtal0_deg=-0.2956, G_xtal0=209454100641451712.0000, Nabc0=23.9295, Ndef0=13.2326, Nabc1=30.7130, Ndef1=17.0939, Nabc2=24.4327, Ndef2=-10.8568, ucell0=27.3579, ucell1=32.4058, ucell2=34.4312, ucell3=1.5598, ucell4=1.2501, ucell5=1.2075, 
DEBUG:diffBragg.main:Hop=0 |it=559 | t/it=0.0567sF=   1908201 sigZ=  20.64445 (Fracs of F: LogLike: 100.0%; ), |g|=   1025580
DEBUG:diffBragg.main:RotXYZ0_xtal0_deg=-0.2018, RotXYZ1_xtal0_deg=-0.0513, RotXYZ2_xtal0_deg=-0.2836, G_xtal0=210835699260169216.0000, Nabc0=24.1710, Ndef0=13.1744, Nabc1=30.5798, Ndef1=17.2278, Nabc2=24.4704, Ndef2=-10.8427, ucell0=27.3645, ucell1=32.4082, ucell2=34.4293, ucell3=1.5597, ucell4=1.2500, ucell5=1.2077, 
DEBUG:diffBragg.main:Hop=0 |it=560 | t/it=0.0567sF=   1907949 sigZ=  20.64225 (Fracs of F: LogLike: 100.0%; ), |g|=   1461883
DEBUG:diffBragg.main:RotXYZ0_xtal0_deg=-0.1991, RotXYZ1_xtal0_deg=-0.0522, RotXYZ2_xtal0_deg=-0.2797, G_xtal0=211156220439712192.0000, Nabc0=24.1797, Ndef0=13.2061, Nabc1=30.5048, Ndef1=17.2253, Nabc2=24.5575, Ndef2=-10.8255, ucell0=27.3646, ucell1=32.4086, ucell2=34.4282, ucell3=1.5597, ucell4=1.2500, ucell5=1.2077, 
DEBUG:diffBragg.main:Hop=0 |it=561 | t/it=0.0567sF=   1907886 sigZ=  20.64037 (Fracs of F: LogLike: 100.0%; ), |g|=   1799755
DEBUG:diffBragg.main:RotXYZ0_xtal0_deg=-0.2001, RotXYZ1_xtal0_deg=-0.0520, RotXYZ2_xtal0_deg=-0.2812, G_xtal0=211004393562344256.0000, Nabc0=24.1449, Ndef0=13.2155, Nabc1=30.5138, Ndef1=17.2063, Nabc2=24.5631, Ndef2=-10.8304, ucell0=27.3637, ucell1=32.4083, ucell2=34.4281, ucell3=1.5597, ucell4=1.2500, ucell5=1.2077, 
DEBUG:diffBragg.main:Hop=0 |it=562 | t/it=0.0567sF=   1907781 sigZ=   20.6404 (Fracs of F: LogLike: 100.0%; ), |g|=  865702.2
DEBUG:diffBragg.main:RotXYZ0_xtal0_deg=-0.1988, RotXYZ1_xtal0_deg=-0.0526, RotXYZ2_xtal0_deg=-0.2793, G_xtal0=211039697998106784.0000, Nabc0=24.1437, Ndef0=13.2151, Nabc1=30.5121, Ndef1=17.2001, Nabc2=24.5884, Ndef2=-10.8507, ucell0=27.3637, ucell1=32.4082, ucell2=34.4270, ucell3=1.5597, ucell4=1.2501, ucell5=1.2077, 
DEBUG:diffBragg.main:Hop=0 |it=563 | t/it=0.0567sF=   1907677 sigZ=  20.64085 (Fracs of F: LogLike: 100.0%; ), |g|=  610398.9
DEBUG:diffBragg.main:RotXYZ0_xtal0_deg=-0.1968, RotXYZ1_xtal0_deg=-0.0533, RotXYZ2_xtal0_deg=-0.2762, G_xtal0=211177872848763872.0000, Nabc0=24.1505, Ndef0=13.2120, Nabc1=30.4878, Ndef1=17.1938, Nabc2=24.6415, Ndef2=-10.8819, ucell0=27.3639, ucell1=32.4081, ucell2=34.4254, ucell3=1.5596, ucell4=1.2501, ucell5=1.2077, 
DEBUG:diffBragg.main:Hop=0 |it=564 | t/it=0.0567sF=   1907573 sigZ=  20.64141 (Fracs of F: LogLike: 100.0%; ), |g|=    777061
DEBUG:diffBragg.main:RotXYZ0_xtal0_deg=-0.1971, RotXYZ1_xtal0_deg=-0.0532, RotXYZ2_xtal0_deg=-0.2766, G_xtal0=211278401656353600.0000, Nabc0=24.1410, Ndef0=13.1877, Nabc1=30.4299, Ndef1=17.1751, Nabc2=24.7152, Ndef2=-10.9371, ucell0=27.3642, ucell1=32.4076, ucell2=34.4253, ucell3=1.5596, ucell4=1.2501, ucell5=1.2077, 
DEBUG:diffBragg.main:Hop=0 |it=565 | t/it=0.0567sF=   1907386 sigZ=  20.64139 (Fracs of F: LogLike: 100.0%; ), |g|=  890128.8
DEBUG:diffBragg.main:RotXYZ0_xtal0_deg=-0.2016, RotXYZ1_xtal0_deg=-0.0519, RotXYZ2_xtal0_deg=-0.2833, G_xtal0=211402452258623680.0000, Nabc0=24.0495, Ndef0=13.0510, Nabc1=30.1463, Ndef1=17.0650, Nabc2=25.0653, Ndef2=-11.2096, ucell0=27.3648, ucell1=32.4063, ucell2=34.4273, ucell3=1.5596, ucell4=1.2501, ucell5=1.2076, 
DEBUG:diffBragg.main:Hop=0 |it=566 | t/it=0.0567sF=   1907343 sigZ=  20.64508 (Fracs of F: LogLike: 100.0%; ), |g|=   3674147
DEBUG:diffBragg.main:RotXYZ0_xtal0_deg=-0.2081, RotXYZ1_xtal0_deg=-0.0499, RotXYZ2_xtal0_deg=-0.2929, G_xtal0=211048297387965120.0000, Nabc0=23.9888, Ndef0=13.0040, Nabc1=30.1504, Ndef1=17.0140, Nabc2=25.0510, Ndef2=-11.2441, ucell0=27.3637, ucell1=32.4046, ucell2=34.4304, ucell3=1.5596, ucell4=1.2500, ucell5=1.2076, 
DEBUG:diffBragg.main:Hop=0 |it=567 | t/it=0.0567sF=   1906734 sigZ=  20.63832 (Fracs of F: LogLike: 100.0%; ), |g|=  895647.7
DEBUG:diffBragg.main:RotXYZ0_xtal0_deg=-0.2126, RotXYZ1_xtal0_deg=-0.0482, RotXYZ2_xtal0_deg=-0.2997, G_xtal0=210850797308380352.0000, Nabc0=23.9787, Ndef0=12.9671, Nabc1=30.1622, Ndef1=17.0133, Nabc2=24.9991, Ndef2=-11.2632, ucell0=27.3639, ucell1=32.4042, ucell2=34.4334, ucell3=1.5597, ucell4=1.2499, ucell5=1.2076, 
DEBUG:diffBragg.main:Hop=0 |it=568 | t/it=0.0567sF=   1906555 sigZ=  20.63762 (Fracs of F: LogLike: 100.0%; ), |g|=  523258.9
DEBUG:diffBragg.main:RotXYZ0_xtal0_deg=-0.2199, RotXYZ1_xtal0_deg=-0.0457, RotXYZ2_xtal0_deg=-0.3104, G_xtal0=210602477782701600.0000, Nabc0=23.9425, Ndef0=12.8758, Nabc1=30.1211, Ndef1=16.9708, Nabc2=25.0132, Ndef2=-11.3501, ucell0=27.3642, ucell1=32.4032, ucell2=34.4380, ucell3=1.5598, ucell4=1.2498, ucell5=1.2076, 
DEBUG:diffBragg.main:Hop=0 |it=569 | t/it=0.0567sF=   1906458 sigZ=  20.63553 (Fracs of F: LogLike: 100.0%; ), |g|=    744930
DEBUG:diffBragg.main:RotXYZ0_xtal0_deg=-0.2239, RotXYZ1_xtal0_deg=-0.0444, RotXYZ2_xtal0_deg=-0.3165, G_xtal0=210267770395332896.0000, Nabc0=23.9086, Ndef0=12.8469, Nabc1=30.1659, Ndef1=16.9604, Nabc2=24.9748, Ndef2=-11.3956, ucell0=27.3638, ucell1=32.4021, ucell2=34.4397, ucell3=1.5599, ucell4=1.2497, ucell5=1.2076, 
DEBUG:diffBragg.main:Hop=0 |it=570 | t/it=0.0567sF=   1906453 sigZ=  20.63844 (Fracs of F: LogLike: 100.0%; ), |g|=   1198371
DEBUG:diffBragg.main:RotXYZ0_xtal0_deg=-0.2219, RotXYZ1_xtal0_deg=-0.0451, RotXYZ2_xtal0_deg=-0.3134, G_xtal0=210437549665013984.0000, Nabc0=23.9258, Ndef0=12.8615, Nabc1=30.1432, Ndef1=16.9657, Nabc2=24.9943, Ndef2=-11.3726, ucell0=27.3640, ucell1=32.4027, ucell2=34.4388, ucell3=1.5598, ucell4=1.2498, ucell5=1.2076, 
DEBUG:diffBragg.main:Hop=0 |it=571 | t/it=0.0567sF=   1906424 sigZ=  20.63678 (Fracs of F: LogLike: 100.0%; ), |g|=  441887.2
DEBUG:diffBragg.main:RotXYZ0_xtal0_deg=-0.2219, RotXYZ1_xtal0_deg=-0.0451, RotXYZ2_xtal0_deg=-0.3134, G_xtal0=210425714382021664.0000, Nabc0=23.9214, Ndef0=12.8597, Nabc1=30.1438, Ndef1=16.9615, Nabc2=25.0054, Ndef2=-11.3881, ucell0=27.3640, ucell1=32.4025, ucell2=34.4388, ucell3=1.5598, ucell4=1.2498, ucell5=1.2076, 
DEBUG:diffBragg.main:Hop=0 |it=572 | t/it=0.0567sF=   1906406 sigZ=   20.6376 (Fracs of F: LogLike: 100.0%; ), |g|=  362917.9
DEBUG:diffBragg.main:RotXYZ0_xtal0_deg=-0.2220, RotXYZ1_xtal0_deg=-0.0452, RotXYZ2_xtal0_deg=-0.3136, G_xtal0=210349449082131808.0000, Nabc0=23.9138, Ndef0=12.8590, Nabc1=30.1759, Ndef1=16.9501, Nabc2=25.0052, Ndef2=-11.4115, ucell0=27.3640, ucell1=32.4019, ucell2=34.4386, ucell3=1.5598, ucell4=1.2498, ucell5=1.2076, 
DEBUG:diffBragg.main:Hop=0 |it=573 | t/it=0.0567sF=   1906363 sigZ=  20.63838 (Fracs of F: LogLike: 100.0%; ), |g|=  436148.5
DEBUG:diffBragg.main:RotXYZ0_xtal0_deg=-0.2233, RotXYZ1_xtal0_deg=-0.0448, RotXYZ2_xtal0_deg=-0.3155, G_xtal0=210190464516429408.0000, Nabc0=23.9023, Ndef0=12.8413, Nabc1=30.2402, Ndef1=16.9322, Nabc2=24.9991, Ndef2=-11.4578, ucell0=27.3643, ucell1=32.4008, ucell2=34.4390, ucell3=1.5598, ucell4=1.2498, ucell5=1.2076, 
DEBUG:diffBragg.main:Hop=0 |it=574 | t/it=0.0567sF=   1906298 sigZ=  20.63901 (Fracs of F: LogLike: 100.0%; ), |g|=  666280.3
DEBUG:diffBragg.main:RotXYZ0_xtal0_deg=-0.2246, RotXYZ1_xtal0_deg=-0.0445, RotXYZ2_xtal0_deg=-0.3174, G_xtal0=210026392653024800.0000, Nabc0=23.9009, Ndef0=12.8372, Nabc1=30.3444, Ndef1=16.9165, Nabc2=24.9664, Ndef2=-11.4899, ucell0=27.3646, ucell1=32.3995, ucell2=34.4398, ucell3=1.5599, ucell4=1.2497, ucell5=1.2075, 
DEBUG:diffBragg.main:Hop=0 |it=575 | t/it=0.0568sF=   1906237 sigZ=  20.63897 (Fracs of F: LogLike: 100.0%; ), |g|=   1041607
DEBUG:diffBragg.main:RotXYZ0_xtal0_deg=-0.2250, RotXYZ1_xtal0_deg=-0.0443, RotXYZ2_xtal0_deg=-0.3180, G_xtal0=210014508636282848.0000, Nabc0=23.9115, Ndef0=12.8326, Nabc1=30.3837, Ndef1=16.9225, Nabc2=24.9464, Ndef2=-11.4929, ucell0=27.3650, ucell1=32.3993, ucell2=34.4402, ucell3=1.5599, ucell4=1.2497, ucell5=1.2076, 
DEBUG:diffBragg.main:Hop=0 |it=576 | t/it=0.0568sF=   1906167 sigZ=  20.63856 (Fracs of F: LogLike: 100.0%; ), |g|=  630771.1
DEBUG:diffBragg.main:RotXYZ0_xtal0_deg=-0.2245, RotXYZ1_xtal0_deg=-0.0443, RotXYZ2_xtal0_deg=-0.3173, G_xtal0=210117198638992352.0000, Nabc0=23.9512, Ndef0=12.8358, Nabc1=30.4671, Ndef1=16.9513, Nabc2=24.9160, Ndef2=-11.4852, ucell0=27.3663, ucell1=32.3989, ucell2=34.4407, ucell3=1.5599, ucell4=1.2497, ucell5=1.2076, 
DEBUG:diffBragg.main:Hop=0 |it=577 | t/it=0.0568sF=   1906044 sigZ=  20.63771 (Fracs of F: LogLike: 100.0%; ), |g|=  960596.2
DEBUG:diffBragg.main:RotXYZ0_xtal0_deg=-0.2222, RotXYZ1_xtal0_deg=-0.0450, RotXYZ2_xtal0_deg=-0.3139, G_xtal0=210368319251115840.0000, Nabc0=24.0042, Ndef0=12.8532, Nabc1=30.5414, Ndef1=16.9927, Nabc2=24.9190, Ndef2=-11.4763, ucell0=27.3678, ucell1=32.3987, ucell2=34.4402, ucell3=1.5599, ucell4=1.2496, ucell5=1.2076, 
DEBUG:diffBragg.main:Hop=0 |it=578 | t/it=0.0568sF=   1905919 sigZ=   20.6376 (Fracs of F: LogLike: 100.0%; ), |g|=   1276925
DEBUG:diffBragg.main:RotXYZ0_xtal0_deg=-0.2146, RotXYZ1_xtal0_deg=-0.0473, RotXYZ2_xtal0_deg=-0.3026, G_xtal0=211212520181325856.0000, Nabc0=24.1309, Ndef0=12.8994, Nabc1=30.6392, Ndef1=17.0805, Nabc2=25.0305, Ndef2=-11.4947, ucell0=27.3718, ucell1=32.3985, ucell2=34.4377, ucell3=1.5597, ucell4=1.2496, ucell5=1.2078, 
DEBUG:diffBragg.main:Hop=0 |it=579 | t/it=0.0568sF=   1905709 sigZ=  20.63967 (Fracs of F: LogLike: 100.0%; ), |g|=   1519079
DEBUG:diffBragg.main:RotXYZ0_xtal0_deg=-0.2065, RotXYZ1_xtal0_deg=-0.0500, RotXYZ2_xtal0_deg=-0.2905, G_xtal0=212005881265650752.0000, Nabc0=24.2480, Ndef0=12.9536, Nabc1=30.7692, Ndef1=17.1824, Nabc2=25.1586, Ndef2=-11.5216, ucell0=27.3755, ucell1=32.3969, ucell2=34.4347, ucell3=1.5596, ucell4=1.2496, ucell5=1.2079, 
DEBUG:diffBragg.main:Hop=0 |it=580 | t/it=0.0568sF=   1905638 sigZ=  20.64389 (Fracs of F: LogLike: 100.0%; ), |g|=   1622109
DEBUG:diffBragg.main:RotXYZ0_xtal0_deg=-0.2072, RotXYZ1_xtal0_deg=-0.0498, RotXYZ2_xtal0_deg=-0.2916, G_xtal0=211932358896983872.0000, Nabc0=24.2148, Ndef0=12.9497, Nabc1=30.6761, Ndef1=17.1508, Nabc2=25.1739, Ndef2=-11.5128, ucell0=27.3745, ucell1=32.3978, ucell2=34.4346, ucell3=1.5596, ucell4=1.2496, ucell5=1.2078, 
DEBUG:diffBragg.main:Hop=0 |it=581 | t/it=0.0568sF=   1905515 sigZ=  20.64205 (Fracs of F: LogLike: 100.0%; ), |g|=  453166.6
DEBUG:diffBragg.main:RotXYZ0_xtal0_deg=-0.2074, RotXYZ1_xtal0_deg=-0.0497, RotXYZ2_xtal0_deg=-0.2919, G_xtal0=211909762545608384.0000, Nabc0=24.2026, Ndef0=12.9507, Nabc1=30.6568, Ndef1=17.1389, Nabc2=25.1871, Ndef2=-11.5186, ucell0=27.3743, ucell1=32.3978, ucell2=34.4344, ucell3=1.5596, ucell4=1.2496, ucell5=1.2078, 
DEBUG:diffBragg.main:Hop=0 |it=582 | t/it=0.0568sF=   1905493 sigZ=    20.642 (Fracs of F: LogLike: 100.0%; ), |g|=  354864.2
DEBUG:diffBragg.main:RotXYZ0_xtal0_deg=-0.2071, RotXYZ1_xtal0_deg=-0.0498, RotXYZ2_xtal0_deg=-0.2914, G_xtal0=211970767683968192.0000, Nabc0=24.2007, Ndef0=12.9598, Nabc1=30.6428, Ndef1=17.1375, Nabc2=25.2083, Ndef2=-11.5178, ucell0=27.3745, ucell1=32.3979, ucell2=34.4342, ucell3=1.5596, ucell4=1.2497, ucell5=1.2078, 
DEBUG:diffBragg.main:Hop=0 |it=583 | t/it=0.0568sF=   1905464 sigZ=  20.64215 (Fracs of F: LogLike: 100.0%; ), |g|=  362929.8
DEBUG:diffBragg.main:RotXYZ0_xtal0_deg=-0.2064, RotXYZ1_xtal0_deg=-0.0501, RotXYZ2_xtal0_deg=-0.2904, G_xtal0=212152629818680320.0000, Nabc0=24.2110, Ndef0=12.9910, Nabc1=30.6532, Ndef1=17.1502, Nabc2=25.2381, Ndef2=-11.5016, ucell0=27.3754, ucell1=32.3977, ucell2=34.4338, ucell3=1.5596, ucell4=1.2496, ucell5=1.2079, 
DEBUG:diffBragg.main:Hop=0 |it=584 | t/it=0.0568sF=   1905396 sigZ=  20.64255 (Fracs of F: LogLike: 100.0%; ), |g|=    485944
DEBUG:diffBragg.main:RotXYZ0_xtal0_deg=-0.2060, RotXYZ1_xtal0_deg=-0.0500, RotXYZ2_xtal0_deg=-0.2898, G_xtal0=212598702919434400.0000, Nabc0=24.2470, Ndef0=13.0776, Nabc1=30.6949, Ndef1=17.1923, Nabc2=25.2512, Ndef2=-11.4300, ucell0=27.3782, ucell1=32.3982, ucell2=34.4346, ucell3=1.5596, ucell4=1.2496, ucell5=1.2080, 
DEBUG:diffBragg.main:Hop=0 |it=585 | t/it=0.0568sF=   1905468 sigZ=  20.64487 (Fracs of F: LogLike: 100.0%; ), |g|=   2771492
DEBUG:diffBragg.main:RotXYZ0_xtal0_deg=-0.2063, RotXYZ1_xtal0_deg=-0.0500, RotXYZ2_xtal0_deg=-0.2902, G_xtal0=212320797150186272.0000, Nabc0=24.2246, Ndef0=13.0237, Nabc1=30.6689, Ndef1=17.1661, Nabc2=25.2430, Ndef2=-11.4746, ucell0=27.3765, ucell1=32.3979, ucell2=34.4341, ucell3=1.5596, ucell4=1.2496, ucell5=1.2079, 
DEBUG:diffBragg.main:Hop=0 |it=586 | t/it=0.0568sF=   1905353 sigZ=  20.64302 (Fracs of F: LogLike: 100.0%; ), |g|=  995887.2
DEBUG:diffBragg.main:RotXYZ0_xtal0_deg=-0.2061, RotXYZ1_xtal0_deg=-0.0500, RotXYZ2_xtal0_deg=-0.2898, G_xtal0=212563659574325824.0000, Nabc0=24.2531, Ndef0=13.0708, Nabc1=30.7281, Ndef1=17.1997, Nabc2=25.2403, Ndef2=-11.4290, ucell0=27.3783, ucell1=32.3977, ucell2=34.4343, ucell3=1.5596, ucell4=1.2496, ucell5=1.2080, 
DEBUG:diffBragg.main:Hop=0 |it=587 | t/it=0.0568sF=   1905251 sigZ=  20.64282 (Fracs of F: LogLike: 100.0%; ), |g|=  776979.2
DEBUG:diffBragg.main:RotXYZ0_xtal0_deg=-0.2091, RotXYZ1_xtal0_deg=-0.0486, RotXYZ2_xtal0_deg=-0.2942, G_xtal0=212912892001961952.0000, Nabc0=24.2978, Ndef0=13.1785, Nabc1=30.8699, Ndef1=17.2805, Nabc2=25.1525, Ndef2=-11.2934, ucell0=27.3818, ucell1=32.3974, ucell2=34.4371, ucell3=1.5597, ucell4=1.2494, ucell5=1.2081, 
DEBUG:diffBragg.main:Hop=0 |it=588 | t/it=0.0568sF=   1905066 sigZ=    20.643 (Fracs of F: LogLike: 100.0%; ), |g|=   1348238
DEBUG:diffBragg.main:RotXYZ0_xtal0_deg=-0.2119, RotXYZ1_xtal0_deg=-0.0474, RotXYZ2_xtal0_deg=-0.2984, G_xtal0=213309601599915904.0000, Nabc0=24.3401, Ndef0=13.2585, Nabc1=30.9748, Ndef1=17.3485, Nabc2=25.0820, Ndef2=-11.1491, ucell0=27.3853, ucell1=32.3977, ucell2=34.4397, ucell3=1.5598, ucell4=1.2493, ucell5=1.2082, 
DEBUG:diffBragg.main:Hop=0 |it=589 | t/it=0.0568sF=   1904967 sigZ=  20.63975 (Fracs of F: LogLike: 100.0%; ), |g|=   1163072
DEBUG:diffBragg.main:RotXYZ0_xtal0_deg=-0.2127, RotXYZ1_xtal0_deg=-0.0471, RotXYZ2_xtal0_deg=-0.2996, G_xtal0=213218001793619040.0000, Nabc0=24.3318, Ndef0=13.2453, Nabc1=30.9611, Ndef1=17.3448, Nabc2=25.0613, Ndef2=-11.1514, ucell0=27.3847, ucell1=32.3979, ucell2=34.4404, ucell3=1.5598, ucell4=1.2493, ucell5=1.2082, 
DEBUG:diffBragg.main:Hop=0 |it=590 | t/it=0.0568sF=   1904877 sigZ=    20.639 (Fracs of F: LogLike: 100.0%; ), |g|=  468682.2
DEBUG:diffBragg.main:RotXYZ0_xtal0_deg=-0.2142, RotXYZ1_xtal0_deg=-0.0465, RotXYZ2_xtal0_deg=-0.3018, G_xtal0=213169006655648320.0000, Nabc0=24.3188, Ndef0=13.2364, Nabc1=30.9352, Ndef1=17.3451, Nabc2=25.0400, Ndef2=-11.1385, ucell0=27.3844, ucell1=32.3983, ucell2=34.4414, ucell3=1.5598, ucell4=1.2493, ucell5=1.2082, 
DEBUG:diffBragg.main:Hop=0 |it=591 | t/it=0.0568sF=   1904819 sigZ=  20.63818 (Fracs of F: LogLike: 100.0%; ), |g|=    400139
DEBUG:diffBragg.main:RotXYZ0_xtal0_deg=-0.2161, RotXYZ1_xtal0_deg=-0.0458, RotXYZ2_xtal0_deg=-0.3046, G_xtal0=213258771840438048.0000, Nabc0=24.3015, Ndef0=13.2386, Nabc1=30.8875, Ndef1=17.3518, Nabc2=25.0381, Ndef2=-11.1015, ucell0=27.3846, ucell1=32.3988, ucell2=34.4429, ucell3=1.5598, ucell4=1.2492, ucell5=1.2082, 
DEBUG:diffBragg.main:Hop=0 |it=592 | t/it=0.0568sF=   1904743 sigZ=  20.63628 (Fracs of F: LogLike: 100.0%; ), |g|=  562689.4
DEBUG:diffBragg.main:RotXYZ0_xtal0_deg=-0.2222, RotXYZ1_xtal0_deg=-0.0438, RotXYZ2_xtal0_deg=-0.3136, G_xtal0=213364255689276576.0000, Nabc0=24.2168, Ndef0=13.2169, Nabc1=30.7192, Ndef1=17.3707, Nabc2=25.0502, Ndef2=-11.0610, ucell0=27.3840, ucell1=32.3997, ucell2=34.4465, ucell3=1.5599, ucell4=1.2491, ucell5=1.2082, 
DEBUG:diffBragg.main:Hop=0 |it=593 | t/it=0.0568sF=   1904737 sigZ=  20.63798 (Fracs of F: LogLike: 100.0%; ), |g|=   2011931
DEBUG:diffBragg.main:RotXYZ0_xtal0_deg=-0.2191, RotXYZ1_xtal0_deg=-0.0448, RotXYZ2_xtal0_deg=-0.3091, G_xtal0=213311169663766624.0000, Nabc0=24.2594, Ndef0=13.2278, Nabc1=30.8038, Ndef1=17.3612, Nabc2=25.0441, Ndef2=-11.0814, ucell0=27.3843, ucell1=32.3992, ucell2=34.4447, ucell3=1.5599, ucell4=1.2492, ucell5=1.2082, 
DEBUG:diffBragg.main:Hop=0 |it=594 | t/it=0.0568sF=   1904657 sigZ=  20.63663 (Fracs of F: LogLike: 100.0%; ), |g|=  855843.9
DEBUG:diffBragg.main:RotXYZ0_xtal0_deg=-0.2216, RotXYZ1_xtal0_deg=-0.0439, RotXYZ2_xtal0_deg=-0.3127, G_xtal0=213636167766877888.0000, Nabc0=24.2234, Ndef0=13.2404, Nabc1=30.6992, Ndef1=17.3675, Nabc2=25.0980, Ndef2=-11.0246, ucell0=27.3851, ucell1=32.3999, ucell2=34.4463, ucell3=1.5599, ucell4=1.2491, ucell5=1.2082, 
DEBUG:diffBragg.main:Hop=0 |it=595 | t/it=0.0568sF=   1904529 sigZ=   20.6332 (Fracs of F: LogLike: 100.0%; ), |g|=  471126.9
DEBUG:diffBragg.main:RotXYZ0_xtal0_deg=-0.2231, RotXYZ1_xtal0_deg=-0.0434, RotXYZ2_xtal0_deg=-0.3150, G_xtal0=213999492307400096.0000, Nabc0=24.1935, Ndef0=13.2487, Nabc1=30.6241, Ndef1=17.3757, Nabc2=25.1710, Ndef2=-10.9973, ucell0=27.3864, ucell1=32.3999, ucell2=34.4474, ucell3=1.5599, ucell4=1.2491, ucell5=1.2083, 
DEBUG:diffBragg.main:Hop=0 |it=596 | t/it=0.0568sF=   1904404 sigZ=   20.6311 (Fracs of F: LogLike: 100.0%; ), |g|=  493267.5
DEBUG:diffBragg.main:RotXYZ0_xtal0_deg=-0.2262, RotXYZ1_xtal0_deg=-0.0424, RotXYZ2_xtal0_deg=-0.3194, G_xtal0=214826838607953536.0000, Nabc0=24.1376, Ndef0=13.2787, Nabc1=30.5111, Ndef1=17.3883, Nabc2=25.3274, Ndef2=-10.9774, ucell0=27.3894, ucell1=32.3995, ucell2=34.4494, ucell3=1.5599, ucell4=1.2489, ucell5=1.2084, 
DEBUG:diffBragg.main:Hop=0 |it=597 | t/it=0.0568sF=   1904276 sigZ=  20.63112 (Fracs of F: LogLike: 100.0%; ), |g|=   1594587
DEBUG:diffBragg.main:RotXYZ0_xtal0_deg=-0.2276, RotXYZ1_xtal0_deg=-0.0419, RotXYZ2_xtal0_deg=-0.3215, G_xtal0=215358046559746720.0000, Nabc0=24.1341, Ndef0=13.3108, Nabc1=30.5326, Ndef1=17.4177, Nabc2=25.3886, Ndef2=-10.9536, ucell0=27.3923, ucell1=32.3985, ucell2=34.4509, ucell3=1.5599, ucell4=1.2489, ucell5=1.2085, 
DEBUG:diffBragg.main:Hop=0 |it=598 | t/it=0.0568sF=   1904081 sigZ=  20.63022 (Fracs of F: LogLike: 100.0%; ), |g|=  822395.3
DEBUG:diffBragg.main:RotXYZ0_xtal0_deg=-0.2291, RotXYZ1_xtal0_deg=-0.0414, RotXYZ2_xtal0_deg=-0.3237, G_xtal0=215904142024897376.0000, Nabc0=24.1402, Ndef0=13.3378, Nabc1=30.6092, Ndef1=17.4522, Nabc2=25.4343, Ndef2=-10.9538, ucell0=27.3957, ucell1=32.3969, ucell2=34.4527, ucell3=1.5599, ucell4=1.2487, ucell5=1.2086, 
DEBUG:diffBragg.main:Hop=0 |it=599 | t/it=0.0568sF=   1903817 sigZ=  20.63018 (Fracs of F: LogLike: 100.0%; ), |g|=   1237205
DEBUG:diffBragg.main:RotXYZ0_xtal0_deg=-0.2403, RotXYZ1_xtal0_deg=-0.0377, RotXYZ2_xtal0_deg=-0.3399, G_xtal0=218931963960311392.0000, Nabc0=24.0985, Ndef0=13.4064, Nabc1=30.8913, Ndef1=17.5850, Nabc2=25.7505, Ndef2=-11.0327, ucell0=27.4127, ucell1=32.3882, ucell2=34.4638, ucell3=1.5600, ucell4=1.2481, ucell5=1.2090, 
DEBUG:diffBragg.main:Added 0 pixels from 0 shoeboxes to the untrusted list (8700 / 8700 trusted pixels remain)
DEBUG:diffBragg.main:Hop=0 |it=600 | t/it=0.0568sF=   1902596 sigZ=  20.63017 (Fracs of F: LogLike: 100.0%; ), |g|=   3225895
DEBUG:diffBragg.main:RotXYZ0_xtal0_deg=-0.2629, RotXYZ1_xtal0_deg=-0.0302, RotXYZ2_xtal0_deg=-0.3731, G_xtal0=223786323982431264.0000, Nabc0=23.9554, Ndef0=13.4485, Nabc1=31.1842, Ndef1=17.7691, Nabc2=26.2714, Ndef2=-11.1441, ucell0=27.4388, ucell1=32.3753, ucell2=34.4841, ucell3=1.5601, ucell4=1.2471, ucell5=1.2097, 
DEBUG:diffBragg.main:Hop=0 |it=601 | t/it=0.0568sF=   1901013 sigZ=  20.62724 (Fracs of F: LogLike: 100.0%; ), |g|=   3361544
DEBUG:diffBragg.main:RotXYZ0_xtal0_deg=-0.3114, RotXYZ1_xtal0_deg=-0.0139, RotXYZ2_xtal0_deg=-0.4440, G_xtal0=233168298737587552.0000, Nabc0=23.6769, Ndef0=13.4590, Nabc1=31.8460, Ndef1=18.0317, Nabc2=27.1508, Ndef2=-11.3908, ucell0=27.4908, ucell1=32.3522, ucell2=34.5270, ucell3=1.5604, ucell4=1.2449, ucell5=1.2110, 
DEBUG:diffBragg.main:Hop=0 |it=602 | t/it=0.0568sF=   1906682 sigZ=  20.66451 (Fracs of F: LogLike: 100.0%; ), |g|=1.856297e+07
DEBUG:diffBragg.main:RotXYZ0_xtal0_deg=-0.2729, RotXYZ1_xtal0_deg=-0.0268, RotXYZ2_xtal0_deg=-0.3876, G_xtal0=225695498118819968.0000, Nabc0=23.8982, Ndef0=13.4507, Nabc1=31.3191, Ndef1=17.8229, Nabc2=26.4503, Ndef2=-11.1946, ucell0=27.4494, ucell1=32.3705, ucell2=34.4929, ucell3=1.5602, ucell4=1.2466, ucell5=1.2100, 
DEBUG:diffBragg.main:Hop=0 |it=603 | t/it=0.0568sF=   1900615 sigZ=  20.62606 (Fracs of F: LogLike: 100.0%; ), |g|=   5191566
DEBUG:diffBragg.main:RotXYZ0_xtal0_deg=-0.2912, RotXYZ1_xtal0_deg=-0.0207, RotXYZ2_xtal0_deg=-0.4145, G_xtal0=229094906904274080.0000, Nabc0=23.7727, Ndef0=13.4623, Nabc1=31.4856, Ndef1=17.9333, Nabc2=26.7957, Ndef2=-11.2698, ucell0=27.4674, ucell1=32.3618, ucell2=34.5088, ucell3=1.5603, ucell4=1.2458, ucell5=1.2104, 
DEBUG:diffBragg.main:Hop=0 |it=604 | t/it=0.0568sF=   1899926 sigZ=  20.62517 (Fracs of F: LogLike: 100.0%; ), |g|=   1764815
DEBUG:diffBragg.main:RotXYZ0_xtal0_deg=-0.2882, RotXYZ1_xtal0_deg=-0.0217, RotXYZ2_xtal0_deg=-0.4101, G_xtal0=227957743333520928.0000, Nabc0=23.8123, Ndef0=13.4120, Nabc1=31.5494, Ndef1=17.8839, Nabc2=26.6091, Ndef2=-11.3076, ucell0=27.4627, ucell1=32.3631, ucell2=34.5060, ucell3=1.5603, ucell4=1.2460, ucell5=1.2103, 
DEBUG:diffBragg.main:Hop=0 |it=605 | t/it=0.0568sF=   1899559 sigZ=  20.62215 (Fracs of F: LogLike: 100.0%; ), |g|=   1076701
DEBUG:diffBragg.main:RotXYZ0_xtal0_deg=-0.2882, RotXYZ1_xtal0_deg=-0.0217, RotXYZ2_xtal0_deg=-0.4101, G_xtal0=226826032584653728.0000, Nabc0=23.8345, Ndef0=13.3508, Nabc1=31.6473, Ndef1=17.8057, Nabc2=26.3720, Ndef2=-11.3889, ucell0=27.4585, ucell1=32.3637, ucell2=34.5055, ucell3=1.5603, ucell4=1.2461, ucell5=1.2101, 
DEBUG:diffBragg.main:Hop=0 |it=606 | t/it=0.0568sF=   1899273 sigZ=  20.62234 (Fracs of F: LogLike: 100.0%; ), |g|=   1596882
DEBUG:diffBragg.main:RotXYZ0_xtal0_deg=-0.2918, RotXYZ1_xtal0_deg=-0.0205, RotXYZ2_xtal0_deg=-0.4155, G_xtal0=227263800998993856.0000, Nabc0=23.8188, Ndef0=13.3386, Nabc1=31.7145, Ndef1=17.7946, Nabc2=26.3785, Ndef2=-11.4105, ucell0=27.4614, ucell1=32.3618, ucell2=34.5082, ucell3=1.5604, ucell4=1.2459, ucell5=1.2102, 
DEBUG:diffBragg.main:Hop=0 |it=607 | t/it=0.0568sF=   1899066 sigZ=  20.61933 (Fracs of F: LogLike: 100.0%; ), |g|=   1513165
DEBUG:diffBragg.main:RotXYZ0_xtal0_deg=-0.2997, RotXYZ1_xtal0_deg=-0.0178, RotXYZ2_xtal0_deg=-0.4271, G_xtal0=228114915161197824.0000, Nabc0=23.7729, Ndef0=13.3248, Nabc1=31.8023, Ndef1=17.7671, Nabc2=26.3917, Ndef2=-11.4567, ucell0=27.4667, ucell1=32.3583, ucell2=34.5137, ucell3=1.5605, ucell4=1.2457, ucell5=1.2103, 
DEBUG:diffBragg.main:Hop=0 |it=608 | t/it=0.0568sF=   1898670 sigZ=  20.61632 (Fracs of F: LogLike: 100.0%; ), |g|=   2244998
DEBUG:diffBragg.main:RotXYZ0_xtal0_deg=-0.3254, RotXYZ1_xtal0_deg=-0.0092, RotXYZ2_xtal0_deg=-0.4649, G_xtal0=230622494216546784.0000, Nabc0=23.6018, Ndef0=13.2808, Nabc1=31.9810, Ndef1=17.6602, Nabc2=26.4192, Ndef2=-11.5962, ucell0=27.4823, ucell1=32.3482, ucell2=34.5312, ucell3=1.5608, ucell4=1.2449, ucell5=1.2106, 
DEBUG:diffBragg.main:Hop=0 |it=609 | t/it=0.0568sF=   1897562 sigZ=  20.60978 (Fracs of F: LogLike: 100.0%; ), |g|=   3792884
DEBUG:diffBragg.main:RotXYZ0_xtal0_deg=-0.3732, RotXYZ1_xtal0_deg=0.0067, RotXYZ2_xtal0_deg=-0.5354, G_xtal0=234401957841045504.0000, Nabc0=23.2234, Ndef0=13.1036, Nabc1=32.0601, Ndef1=17.4028, Nabc2=26.4289, Ndef2=-11.8547, ucell0=27.5051, ucell1=32.3320, ucell2=34.5630, ucell3=1.5613, ucell4=1.2436, ucell5=1.2111, 
DEBUG:diffBragg.main:Hop=0 |it=610 | t/it=0.0568sF=   1896028 sigZ=  20.59778 (Fracs of F: LogLike: 100.0%; ), |g|=   4196605
DEBUG:diffBragg.main:RotXYZ0_xtal0_deg=-0.4011, RotXYZ1_xtal0_deg=0.0160, RotXYZ2_xtal0_deg=-0.5765, G_xtal0=236798967887228864.0000, Nabc0=22.9430, Ndef0=13.1083, Nabc1=31.8172, Ndef1=17.2455, Nabc2=26.5342, Ndef2=-11.9754, ucell0=27.5171, ucell1=32.3245, ucell2=34.5783, ucell3=1.5615, ucell4=1.2430, ucell5=1.2114, 
DEBUG:diffBragg.main:Hop=0 |it=611 | t/it=0.0568sF=   1897174 sigZ=  20.61913 (Fracs of F: LogLike: 100.0%; ), |g|=   8419157
DEBUG:diffBragg.main:RotXYZ0_xtal0_deg=-0.3827, RotXYZ1_xtal0_deg=0.0099, RotXYZ2_xtal0_deg=-0.5493, G_xtal0=235213620259041344.0000, Nabc0=23.1281, Ndef0=13.1052, Nabc1=31.9777, Ndef1=17.3494, Nabc2=26.4646, Ndef2=-11.8956, ucell0=27.5091, ucell1=32.3295, ucell2=34.5682, ucell3=1.5614, ucell4=1.2434, ucell5=1.2112, 
DEBUG:diffBragg.main:Hop=0 |it=612 | t/it=0.0568sF=   1895639 sigZ=  20.60044 (Fracs of F: LogLike: 100.0%; ), |g|=   3246013
DEBUG:diffBragg.main:RotXYZ0_xtal0_deg=-0.3818, RotXYZ1_xtal0_deg=0.0096, RotXYZ2_xtal0_deg=-0.5481, G_xtal0=234670000578168256.0000, Nabc0=23.0591, Ndef0=13.1281, Nabc1=31.6072, Ndef1=17.2694, Nabc2=26.4914, Ndef2=-11.8091, ucell0=27.5039, ucell1=32.3330, ucell2=34.5652, ucell3=1.5614, ucell4=1.2436, ucell5=1.2111, 
DEBUG:diffBragg.main:Hop=0 |it=613 | t/it=0.0568sF=   1894949 sigZ=  20.59317 (Fracs of F: LogLike: 100.0%; ), |g|=   1474278
DEBUG:diffBragg.main:RotXYZ0_xtal0_deg=-0.3837, RotXYZ1_xtal0_deg=0.0102, RotXYZ2_xtal0_deg=-0.5509, G_xtal0=234552861798259200.0000, Nabc0=23.0300, Ndef0=13.1299, Nabc1=31.5389, Ndef1=17.2186, Nabc2=26.4639, Ndef2=-11.8058, ucell0=27.5031, ucell1=32.3335, ucell2=34.5661, ucell3=1.5614, ucell4=1.2436, ucell5=1.2111, 
DEBUG:diffBragg.main:Hop=0 |it=614 | t/it=0.0568sF=   1894825 sigZ=  20.59171 (Fracs of F: LogLike: 100.0%; ), |g|=  659516.4
DEBUG:diffBragg.main:RotXYZ0_xtal0_deg=-0.3795, RotXYZ1_xtal0_deg=0.0088, RotXYZ2_xtal0_deg=-0.5447, G_xtal0=233923248790897184.0000, Nabc0=23.0611, Ndef0=13.1432, Nabc1=31.5123, Ndef1=17.2120, Nabc2=26.4124, Ndef2=-11.7803, ucell0=27.4996, ucell1=32.3354, ucell2=34.5628, ucell3=1.5613, ucell4=1.2438, ucell5=1.2110, 
DEBUG:diffBragg.main:Hop=0 |it=615 | t/it=0.0568sF=   1894782 sigZ=  20.59108 (Fracs of F: LogLike: 100.0%; ), |g|=  675835.5
DEBUG:diffBragg.main:RotXYZ0_xtal0_deg=-0.3776, RotXYZ1_xtal0_deg=0.0082, RotXYZ2_xtal0_deg=-0.5420, G_xtal0=233481074163697792.0000, Nabc0=23.0728, Ndef0=13.1715, Nabc1=31.4711, Ndef1=17.1829, Nabc2=26.3608, Ndef2=-11.7476, ucell0=27.4971, ucell1=32.3368, ucell2=34.5611, ucell3=1.5613, ucell4=1.2438, ucell5=1.2109, 
DEBUG:diffBragg.main:Hop=0 |it=616 | t/it=0.0568sF=   1894675 sigZ=  20.58971 (Fracs of F: LogLike: 100.0%; ), |g|=  675109.2
DEBUG:diffBragg.main:RotXYZ0_xtal0_deg=-0.3788, RotXYZ1_xtal0_deg=0.0086, RotXYZ2_xtal0_deg=-0.5438, G_xtal0=232634510216745376.0000, Nabc0=23.0596, Ndef0=13.4990, Nabc1=31.2266, Ndef1=16.9857, Nabc2=26.1697, Ndef2=-11.4715, ucell0=27.4910, ucell1=32.3395, ucell2=34.5598, ucell3=1.5613, ucell4=1.2440, ucell5=1.2108, 
DEBUG:diffBragg.main:Hop=0 |it=617 | t/it=0.0568sF=   1896173 sigZ=  20.59424 (Fracs of F: LogLike: 100.0%; ), |g|=1.024266e+07
DEBUG:diffBragg.main:RotXYZ0_xtal0_deg=-0.3779, RotXYZ1_xtal0_deg=0.0083, RotXYZ2_xtal0_deg=-0.5424, G_xtal0=233294412980966304.0000, Nabc0=23.0699, Ndef0=13.2437, Nabc1=31.4172, Ndef1=17.1395, Nabc2=26.3186, Ndef2=-11.6867, ucell0=27.4958, ucell1=32.3374, ucell2=34.5608, ucell3=1.5613, ucell4=1.2439, ucell5=1.2109, 
DEBUG:diffBragg.main:Hop=0 |it=618 | t/it=0.0568sF=   1894544 sigZ=  20.58809 (Fracs of F: LogLike: 100.0%; ), |g|=   2307144
DEBUG:diffBragg.main:RotXYZ0_xtal0_deg=-0.3802, RotXYZ1_xtal0_deg=0.0091, RotXYZ2_xtal0_deg=-0.5460, G_xtal0=233093611305621248.0000, Nabc0=23.0570, Ndef0=13.3320, Nabc1=31.3689, Ndef1=17.0527, Nabc2=26.2296, Ndef2=-11.6168, ucell0=27.4946, ucell1=32.3378, ucell2=34.5619, ucell3=1.5613, ucell4=1.2439, ucell5=1.2109, 
DEBUG:diffBragg.main:Hop=0 |it=619 | t/it=0.0568sF=   1894282 sigZ=  20.58456 (Fracs of F: LogLike: 100.0%; ), |g|=  911901.4
DEBUG:diffBragg.main:RotXYZ0_xtal0_deg=-0.3855, RotXYZ1_xtal0_deg=0.0109, RotXYZ2_xtal0_deg=-0.5537, G_xtal0=233625767186312736.0000, Nabc0=23.0323, Ndef0=13.3935, Nabc1=31.4058, Ndef1=17.0127, Nabc2=26.2171, Ndef2=-11.5921, ucell0=27.4978, ucell1=32.3358, ucell2=34.5656, ucell3=1.5613, ucell4=1.2437, ucell5=1.2110, 
DEBUG:diffBragg.main:Hop=0 |it=620 | t/it=0.0568sF=   1894153 sigZ=  20.58355 (Fracs of F: LogLike: 100.0%; ), |g|=  599933.4
DEBUG:diffBragg.main:RotXYZ0_xtal0_deg=-0.3911, RotXYZ1_xtal0_deg=0.0128, RotXYZ2_xtal0_deg=-0.5619, G_xtal0=234499511355355936.0000, Nabc0=23.0325, Ndef0=13.5082, Nabc1=31.5441, Ndef1=16.9959, Nabc2=26.2145, Ndef2=-11.5548, ucell0=27.5037, ucell1=32.3328, ucell2=34.5701, ucell3=1.5614, ucell4=1.2435, ucell5=1.2111, 
DEBUG:diffBragg.main:Hop=0 |it=621 | t/it=0.0568sF=   1893987 sigZ=  20.58432 (Fracs of F: LogLike: 100.0%; ), |g|=  695606.4
DEBUG:diffBragg.main:RotXYZ0_xtal0_deg=-0.4024, RotXYZ1_xtal0_deg=0.0167, RotXYZ2_xtal0_deg=-0.5785, G_xtal0=236154624370513728.0000, Nabc0=22.9694, Ndef0=13.6469, Nabc1=31.5886, Ndef1=16.9405, Nabc2=26.2965, Ndef2=-11.4819, ucell0=27.5133, ucell1=32.3285, ucell2=34.5775, ucell3=1.5615, ucell4=1.2431, ucell5=1.2113, 
DEBUG:diffBragg.main:Hop=0 |it=622 | t/it=0.0568sF=   1893956 sigZ=  20.58194 (Fracs of F: LogLike: 100.0%; ), |g|=   1493235
DEBUG:diffBragg.main:RotXYZ0_xtal0_deg=-0.3974, RotXYZ1_xtal0_deg=0.0150, RotXYZ2_xtal0_deg=-0.5711, G_xtal0=235807918776953024.0000, Nabc0=23.0255, Ndef0=13.6473, Nabc1=31.6752, Ndef1=16.9948, Nabc2=26.2813, Ndef2=-11.4982, ucell0=27.5118, ucell1=32.3293, ucell2=34.5750, ucell3=1.5614, ucell4=1.2432, ucell5=1.2113, 
DEBUG:diffBragg.main:Hop=0 |it=623 | t/it=0.0568sF=   1893854 sigZ=  20.58472 (Fracs of F: LogLike: 100.0%; ), |g|=  337131.8
DEBUG:diffBragg.main:RotXYZ0_xtal0_deg=-0.3956, RotXYZ1_xtal0_deg=0.0144, RotXYZ2_xtal0_deg=-0.5684, G_xtal0=235706499231177152.0000, Nabc0=23.0394, Ndef0=13.6459, Nabc1=31.6801, Ndef1=17.0111, Nabc2=26.2900, Ndef2=-11.4984, ucell0=27.5113, ucell1=32.3298, ucell2=34.5738, ucell3=1.5614, ucell4=1.2432, ucell5=1.2113, 
DEBUG:diffBragg.main:Hop=0 |it=624 | t/it=0.0568sF=   1893842 sigZ=  20.58515 (Fracs of F: LogLike: 100.0%; ), |g|=  180054.1
DEBUG:diffBragg.main:RotXYZ0_xtal0_deg=-0.3951, RotXYZ1_xtal0_deg=0.0142, RotXYZ2_xtal0_deg=-0.5676, G_xtal0=235807781105315008.0000, Nabc0=23.0458, Ndef0=13.6601, Nabc1=31.6908, Ndef1=17.0218, Nabc2=26.3106, Ndef2=-11.4924, ucell0=27.5118, ucell1=32.3298, ucell2=34.5736, ucell3=1.5614, ucell4=1.2432, ucell5=1.2113, 
DEBUG:diffBragg.main:Hop=0 |it=625 | t/it=0.0568sF=   1893836 sigZ=   20.5856 (Fracs of F: LogLike: 100.0%; ), |g|=  242698.4
DEBUG:diffBragg.main:RotXYZ0_xtal0_deg=-0.3949, RotXYZ1_xtal0_deg=0.0142, RotXYZ2_xtal0_deg=-0.5673, G_xtal0=235810322228286080.0000, Nabc0=23.0470, Ndef0=13.6675, Nabc1=31.6851, Ndef1=17.0208, Nabc2=26.3141, Ndef2=-11.4843, ucell0=27.5118, ucell1=32.3299, ucell2=34.5734, ucell3=1.5614, ucell4=1.2432, ucell5=1.2113, 
DEBUG:diffBragg.main:Hop=0 |it=626 | t/it=0.0568sF=   1893834 sigZ=  20.58522 (Fracs of F: LogLike: 100.0%; ), |g|=  177122.9
DEBUG:diffBragg.main:RotXYZ0_xtal0_deg=-0.3950, RotXYZ1_xtal0_deg=0.0142, RotXYZ2_xtal0_deg=-0.5676, G_xtal0=235843000997055584.0000, Nabc0=23.0455, Ndef0=13.6731, Nabc1=31.6804, Ndef1=17.0195, Nabc2=26.3179, Ndef2=-11.4795, ucell0=27.5119, ucell1=32.3298, ucell2=34.5735, ucell3=1.5614, ucell4=1.2432, ucell5=1.2113, 
DEBUG:diffBragg.main:Hop=0 |it=627 | t/it=0.0568sF=   1893833 sigZ=  20.58515 (Fracs of F: LogLike: 100.0%; ), |g|=  143362.9
DEBUG:diffBragg.main:RotXYZ0_xtal0_deg=-0.3948, RotXYZ1_xtal0_deg=0.0142, RotXYZ2_xtal0_deg=-0.5672, G_xtal0=235907783590358752.0000, Nabc0=23.0471, Ndef0=13.6889, Nabc1=31.6691, Ndef1=17.0225, Nabc2=26.3328, Ndef2=-11.4626, ucell0=27.5121, ucell1=32.3300, ucell2=34.5734, ucell3=1.5614, ucell4=1.2432, ucell5=1.2113, 
DEBUG:diffBragg.main:Hop=0 |it=628 | t/it=0.0568sF=   1893831 sigZ=   20.5847 (Fracs of F: LogLike: 100.0%; ), |g|=  224210.1
DEBUG:diffBragg.main:RotXYZ0_xtal0_deg=-0.3950, RotXYZ1_xtal0_deg=0.0142, RotXYZ2_xtal0_deg=-0.5675, G_xtal0=235945861999775456.0000, Nabc0=23.0456, Ndef0=13.6931, Nabc1=31.6660, Ndef1=17.0240, Nabc2=26.3376, Ndef2=-11.4604, ucell0=27.5123, ucell1=32.3299, ucell2=34.5735, ucell3=1.5614, ucell4=1.2432, ucell5=1.2113, 
DEBUG:diffBragg.main:Hop=0 |it=629 | t/it=0.0568sF=   1893829 sigZ=  20.58499 (Fracs of F: LogLike: 100.0%; ), |g|=  74721.25
DEBUG:diffBragg.main:RotXYZ0_xtal0_deg=-0.3948, RotXYZ1_xtal0_deg=0.0142, RotXYZ2_xtal0_deg=-0.5673, G_xtal0=235937577373670176.0000, Nabc0=23.0467, Ndef0=13.6916, Nabc1=31.6658, Ndef1=17.0266, Nabc2=26.3389, Ndef2=-11.4612, ucell0=27.5123, ucell1=32.3300, ucell2=34.5734, ucell3=1.5614, ucell4=1.2432, ucell5=1.2113, 
DEBUG:diffBragg.main:Hop=0 |it=630 | t/it=0.0568sF=   1893829 sigZ=  20.58509 (Fracs of F: LogLike: 100.0%; ), |g|=  66301.44
DEBUG:diffBragg.main:RotXYZ0_xtal0_deg=-0.3946, RotXYZ1_xtal0_deg=0.0141, RotXYZ2_xtal0_deg=-0.5670, G_xtal0=235938147714020384.0000, Nabc0=23.0484, Ndef0=13.6899, Nabc1=31.6668, Ndef1=17.0309, Nabc2=26.3421, Ndef2=-11.4618, ucell0=27.5123, ucell1=32.3300, ucell2=34.5734, ucell3=1.5614, ucell4=1.2432, ucell5=1.2113, 
DEBUG:diffBragg.main:Hop=0 |it=631 | t/it=0.0568sF=   1893829 sigZ=  20.58516 (Fracs of F: LogLike: 100.0%; ), |g|=   83256.1
DEBUG:diffBragg.main:RotXYZ0_xtal0_deg=-0.3945, RotXYZ1_xtal0_deg=0.0141, RotXYZ2_xtal0_deg=-0.5667, G_xtal0=235950504611347904.0000, Nabc0=23.0507, Ndef0=13.6877, Nabc1=31.6719, Ndef1=17.0358, Nabc2=26.3457, Ndef2=-11.4640, ucell0=27.5123, ucell1=32.3300, ucell2=34.5734, ucell3=1.5614, ucell4=1.2432, ucell5=1.2113, 
DEBUG:diffBragg.main:Hop=0 |it=632 | t/it=0.0568sF=   1893828 sigZ=  20.58528 (Fracs of F: LogLike: 100.0%; ), |g|=  101343.5
DEBUG:diffBragg.main:RotXYZ0_xtal0_deg=-0.3946, RotXYZ1_xtal0_deg=0.0141, RotXYZ2_xtal0_deg=-0.5670, G_xtal0=235997515722928768.0000, Nabc0=23.0506, Ndef0=13.6880, Nabc1=31.6741, Ndef1=17.0384, Nabc2=26.3511, Ndef2=-11.4636, ucell0=27.5126, ucell1=32.3299, ucell2=34.5735, ucell3=1.5614, ucell4=1.2432, ucell5=1.2113, 
DEBUG:diffBragg.main:Hop=0 |it=633 | t/it=0.0568sF=   1893828 sigZ=  20.58521 (Fracs of F: LogLike: 100.0%; ), |g|=  61477.59
DEBUG:diffBragg.main:RotXYZ0_xtal0_deg=-0.3949, RotXYZ1_xtal0_deg=0.0142, RotXYZ2_xtal0_deg=-0.5673, G_xtal0=236044768916918112.0000, Nabc0=23.0498, Ndef0=13.6880, Nabc1=31.6775, Ndef1=17.0398, Nabc2=26.3549, Ndef2=-11.4645, ucell0=27.5129, ucell1=32.3298, ucell2=34.5737, ucell3=1.5614, ucell4=1.2432, ucell5=1.2113, 
DEBUG:diffBragg.main:Hop=0 |it=634 | t/it=0.0568sF=   1893827 sigZ=  20.58518 (Fracs of F: LogLike: 100.0%; ), |g|=   46147.3
DEBUG:diffBragg.main:RotXYZ0_xtal0_deg=-0.3952, RotXYZ1_xtal0_deg=0.0143, RotXYZ2_xtal0_deg=-0.5678, G_xtal0=236109841463311744.0000, Nabc0=23.0483, Ndef0=13.6887, Nabc1=31.6808, Ndef1=17.0405, Nabc2=26.3597, Ndef2=-11.4653, ucell0=27.5133, ucell1=32.3296, ucell2=34.5740, ucell3=1.5614, ucell4=1.2432, ucell5=1.2114, 
DEBUG:diffBragg.main:Hop=0 |it=635 | t/it=0.0568sF=   1893827 sigZ=  20.58517 (Fracs of F: LogLike: 100.0%; ), |g|=  61165.15
DEBUG:diffBragg.main:RotXYZ0_xtal0_deg=-0.3955, RotXYZ1_xtal0_deg=0.0144, RotXYZ2_xtal0_deg=-0.5683, G_xtal0=236167213563661728.0000, Nabc0=23.0470, Ndef0=13.6895, Nabc1=31.6829, Ndef1=17.0410, Nabc2=26.3642, Ndef2=-11.4662, ucell0=27.5136, ucell1=32.3295, ucell2=34.5743, ucell3=1.5614, ucell4=1.2432, ucell5=1.2114, 
DEBUG:diffBragg.main:Hop=0 |it=636 | t/it=0.0568sF=   1893826 sigZ=  20.58522 (Fracs of F: LogLike: 100.0%; ), |g|=     53942
DEBUG:diffBragg.main:RotXYZ0_xtal0_deg=-0.3964, RotXYZ1_xtal0_deg=0.0147, RotXYZ2_xtal0_deg=-0.5696, G_xtal0=236260218872468768.0000, Nabc0=23.0432, Ndef0=13.6810, Nabc1=31.6832, Ndef1=17.0419, Nabc2=26.3670, Ndef2=-11.4742, ucell0=27.5143, ucell1=32.3291, ucell2=34.5749, ucell3=1.5614, ucell4=1.2431, ucell5=1.2114, 
DEBUG:diffBragg.main:Hop=0 |it=637 | t/it=0.0568sF=   1893827 sigZ=  20.58534 (Fracs of F: LogLike: 100.0%; ), |g|=  293223.9
DEBUG:diffBragg.main:RotXYZ0_xtal0_deg=-0.3959, RotXYZ1_xtal0_deg=0.0145, RotXYZ2_xtal0_deg=-0.5688, G_xtal0=236205384721993344.0000, Nabc0=23.0455, Ndef0=13.6860, Nabc1=31.6830, Ndef1=17.0414, Nabc2=26.3654, Ndef2=-11.4695, ucell0=27.5139, ucell1=32.3293, ucell2=34.5745, ucell3=1.5614, ucell4=1.2432, ucell5=1.2114, 
DEBUG:diffBragg.main:Hop=0 |it=638 | t/it=0.0568sF=   1893825 sigZ=  20.58527 (Fracs of F: LogLike: 100.0%; ), |g|=  124667.3
DEBUG:diffBragg.main:RotXYZ0_xtal0_deg=-0.3961, RotXYZ1_xtal0_deg=0.0146, RotXYZ2_xtal0_deg=-0.5691, G_xtal0=236242042400361440.0000, Nabc0=23.0447, Ndef0=13.6866, Nabc1=31.6834, Ndef1=17.0412, Nabc2=26.3683, Ndef2=-11.4704, ucell0=27.5141, ucell1=32.3292, ucell2=34.5747, ucell3=1.5614, ucell4=1.2431, ucell5=1.2114, 
DEBUG:diffBragg.main:Hop=0 |it=639 | t/it=0.0568sF=   1893825 sigZ=  20.58531 (Fracs of F: LogLike: 100.0%; ), |g|=  58819.93
DEBUG:diffBragg.main:RotXYZ0_xtal0_deg=-0.3963, RotXYZ1_xtal0_deg=0.0147, RotXYZ2_xtal0_deg=-0.5694, G_xtal0=236256649691707232.0000, Nabc0=23.0439, Ndef0=13.6850, Nabc1=31.6813, Ndef1=17.0398, Nabc2=26.3683, Ndef2=-11.4721, ucell0=27.5142, ucell1=32.3292, ucell2=34.5748, ucell3=1.5614, ucell4=1.2431, ucell5=1.2114, 
DEBUG:diffBragg.main:Hop=0 |it=640 | t/it=0.0568sF=   1893824 sigZ=  20.58533 (Fracs of F: LogLike: 100.0%; ), |g|=  67353.49
DEBUG:diffBragg.main:RotXYZ0_xtal0_deg=-0.3965, RotXYZ1_xtal0_deg=0.0147, RotXYZ2_xtal0_deg=-0.5697, G_xtal0=236258290783315584.0000, Nabc0=23.0427, Ndef0=13.6801, Nabc1=31.6754, Ndef1=17.0369, Nabc2=26.3658, Ndef2=-11.4757, ucell0=27.5143, ucell1=32.3291, ucell2=34.5750, ucell3=1.5614, ucell4=1.2431, ucell5=1.2114, 
DEBUG:diffBragg.main:Hop=0 |it=641 | t/it=0.0568sF=   1893823 sigZ=  20.58529 (Fracs of F: LogLike: 100.0%; ), |g|=  124548.2
DEBUG:diffBragg.main:RotXYZ0_xtal0_deg=-0.3969, RotXYZ1_xtal0_deg=0.0149, RotXYZ2_xtal0_deg=-0.5702, G_xtal0=236244295145092480.0000, Nabc0=23.0414, Ndef0=13.6706, Nabc1=31.6654, Ndef1=17.0323, Nabc2=26.3604, Ndef2=-11.4815, ucell0=27.5143, ucell1=32.3291, ucell2=34.5752, ucell3=1.5614, ucell4=1.2431, ucell5=1.2114, 
DEBUG:diffBragg.main:Hop=0 |it=642 | t/it=0.0568sF=   1893821 sigZ=  20.58513 (Fracs of F: LogLike: 100.0%; ), |g|=  150096.7
DEBUG:diffBragg.main:RotXYZ0_xtal0_deg=-0.3968, RotXYZ1_xtal0_deg=0.0148, RotXYZ2_xtal0_deg=-0.5702, G_xtal0=236190355685750208.0000, Nabc0=23.0454, Ndef0=13.6512, Nabc1=31.6542, Ndef1=17.0342, Nabc2=26.3531, Ndef2=-11.4941, ucell0=27.5143, ucell1=32.3292, ucell2=34.5753, ucell3=1.5614, ucell4=1.2431, ucell5=1.2114, 
DEBUG:diffBragg.main:Hop=0 |it=643 | t/it=0.0568sF=   1893820 sigZ=  20.58532 (Fracs of F: LogLike: 100.0%; ), |g|=  334530.2
DEBUG:diffBragg.main:RotXYZ0_xtal0_deg=-0.3969, RotXYZ1_xtal0_deg=0.0149, RotXYZ2_xtal0_deg=-0.5702, G_xtal0=236169960482140128.0000, Nabc0=23.0460, Ndef0=13.6447, Nabc1=31.6474, Ndef1=17.0316, Nabc2=26.3501, Ndef2=-11.4963, ucell0=27.5143, ucell1=32.3293, ucell2=34.5753, ucell3=1.5614, ucell4=1.2431, ucell5=1.2114, 
DEBUG:diffBragg.main:Hop=0 |it=644 | t/it=0.0568sF=   1893818 sigZ=  20.58493 (Fracs of F: LogLike: 100.0%; ), |g|=  147575.5
DEBUG:diffBragg.main:RotXYZ0_xtal0_deg=-0.3967, RotXYZ1_xtal0_deg=0.0148, RotXYZ2_xtal0_deg=-0.5699, G_xtal0=236145869538710176.0000, Nabc0=23.0482, Ndef0=13.6419, Nabc1=31.6461, Ndef1=17.0330, Nabc2=26.3491, Ndef2=-11.4964, ucell0=27.5142, ucell1=32.3293, ucell2=34.5752, ucell3=1.5614, ucell4=1.2431, ucell5=1.2114, 
DEBUG:diffBragg.main:Hop=0 |it=645 | t/it=0.0568sF=   1893817 sigZ=  20.58475 (Fracs of F: LogLike: 100.0%; ), |g|=  73476.14
DEBUG:diffBragg.main:RotXYZ0_xtal0_deg=-0.3963, RotXYZ1_xtal0_deg=0.0147, RotXYZ2_xtal0_deg=-0.5694, G_xtal0=236106767339323616.0000, Nabc0=23.0520, Ndef0=13.6381, Nabc1=31.6445, Ndef1=17.0359, Nabc2=26.3478, Ndef2=-11.4971, ucell0=27.5140, ucell1=32.3294, ucell2=34.5749, ucell3=1.5614, ucell4=1.2431, ucell5=1.2114, 
DEBUG:diffBragg.main:Hop=0 |it=646 | t/it=0.0568sF=   1893816 sigZ=  20.58468 (Fracs of F: LogLike: 100.0%; ), |g|=  78595.12
DEBUG:diffBragg.main:RotXYZ0_xtal0_deg=-0.3960, RotXYZ1_xtal0_deg=0.0146, RotXYZ2_xtal0_deg=-0.5689, G_xtal0=236076831037416416.0000, Nabc0=23.0559, Ndef0=13.6355, Nabc1=31.6422, Ndef1=17.0387, Nabc2=26.3473, Ndef2=-11.4974, ucell0=27.5139, ucell1=32.3295, ucell2=34.5747, ucell3=1.5614, ucell4=1.2432, ucell5=1.2114, 
DEBUG:diffBragg.main:Hop=0 |it=647 | t/it=0.0568sF=   1893816 sigZ=  20.58466 (Fracs of F: LogLike: 100.0%; ), |g|=  86462.07
DEBUG:diffBragg.main:RotXYZ0_xtal0_deg=-0.3952, RotXYZ1_xtal0_deg=0.0143, RotXYZ2_xtal0_deg=-0.5677, G_xtal0=236005209223991200.0000, Nabc0=23.0661, Ndef0=13.6326, Nabc1=31.6349, Ndef1=17.0451, Nabc2=26.3466, Ndef2=-11.4959, ucell0=27.5137, ucell1=32.3298, ucell2=34.5743, ucell3=1.5614, ucell4=1.2432, ucell5=1.2114, 
DEBUG:diffBragg.main:Hop=0 |it=648 | t/it=0.0568sF=   1893815 sigZ=  20.58471 (Fracs of F: LogLike: 100.0%; ), |g|=  96347.98
DEBUG:diffBragg.main:RotXYZ0_xtal0_deg=-0.3942, RotXYZ1_xtal0_deg=0.0140, RotXYZ2_xtal0_deg=-0.5662, G_xtal0=235927980486743648.0000, Nabc0=23.0859, Ndef0=13.6295, Nabc1=31.6097, Ndef1=17.0513, Nabc2=26.3483, Ndef2=-11.4885, ucell0=27.5136, ucell1=32.3303, ucell2=34.5738, ucell3=1.5614, ucell4=1.2432, ucell5=1.2114, 
DEBUG:diffBragg.main:Hop=0 |it=649 | t/it=0.0568sF=   1893822 sigZ=  20.58405 (Fracs of F: LogLike: 100.0%; ), |g|=  688459.6
DEBUG:diffBragg.main:RotXYZ0_xtal0_deg=-0.3950, RotXYZ1_xtal0_deg=0.0142, RotXYZ2_xtal0_deg=-0.5674, G_xtal0=235987386447380256.0000, Nabc0=23.0707, Ndef0=13.6319, Nabc1=31.6291, Ndef1=17.0465, Nabc2=26.3470, Ndef2=-11.4942, ucell0=27.5137, ucell1=32.3299, ucell2=34.5742, ucell3=1.5614, ucell4=1.2432, ucell5=1.2114, 
DEBUG:diffBragg.main:Added 0 pixels from 0 shoeboxes to the untrusted list (8700 / 8700 trusted pixels remain)
DEBUG:diffBragg.main:Hop=0 |it=650 | t/it=0.0568sF=   1893814 sigZ=  20.58455 (Fracs of F: LogLike: 100.0%; ), |g|=  138981.2
DEBUG:diffBragg.main:RotXYZ0_xtal0_deg=-0.3947, RotXYZ1_xtal0_deg=0.0141, RotXYZ2_xtal0_deg=-0.5669, G_xtal0=235961967831867296.0000, Nabc0=23.0772, Ndef0=13.6319, Nabc1=31.6194, Ndef1=17.0486, Nabc2=26.3471, Ndef2=-11.4920, ucell0=27.5137, ucell1=32.3301, ucell2=34.5740, ucell3=1.5614, ucell4=1.2432, ucell5=1.2114, 
DEBUG:diffBragg.main:Hop=0 |it=651 | t/it=0.0568sF=   1893813 sigZ=  20.58457 (Fracs of F: LogLike: 100.0%; ), |g|=  104268.4
DEBUG:diffBragg.main:RotXYZ0_xtal0_deg=-0.3948, RotXYZ1_xtal0_deg=0.0141, RotXYZ2_xtal0_deg=-0.5670, G_xtal0=235972318353803904.0000, Nabc0=23.0828, Ndef0=13.6343, Nabc1=31.6046, Ndef1=17.0482, Nabc2=26.3480, Ndef2=-11.4883, ucell0=27.5139, ucell1=32.3302, ucell2=34.5742, ucell3=1.5614, ucell4=1.2432, ucell5=1.2114, 
DEBUG:diffBragg.main:Hop=0 |it=652 | t/it=0.0568sF=   1893810 sigZ=  20.58455 (Fracs of F: LogLike: 100.0%; ), |g|=  136620.4
DEBUG:diffBragg.main:RotXYZ0_xtal0_deg=-0.3951, RotXYZ1_xtal0_deg=0.0143, RotXYZ2_xtal0_deg=-0.5675, G_xtal0=236013448217967392.0000, Nabc0=23.0854, Ndef0=13.6389, Nabc1=31.5918, Ndef1=17.0456, Nabc2=26.3497, Ndef2=-11.4835, ucell0=27.5143, ucell1=32.3302, ucell2=34.5745, ucell3=1.5614, ucell4=1.2432, ucell5=1.2114, 
DEBUG:diffBragg.main:Hop=0 |it=653 | t/it=0.0568sF=   1893809 sigZ=  20.58441 (Fracs of F: LogLike: 100.0%; ), |g|=    144351
DEBUG:diffBragg.main:RotXYZ0_xtal0_deg=-0.3957, RotXYZ1_xtal0_deg=0.0145, RotXYZ2_xtal0_deg=-0.5683, G_xtal0=236068743317603616.0000, Nabc0=23.0859, Ndef0=13.6437, Nabc1=31.5827, Ndef1=17.0399, Nabc2=26.3508, Ndef2=-11.4805, ucell0=27.5148, ucell1=32.3300, ucell2=34.5749, ucell3=1.5614, ucell4=1.2431, ucell5=1.2114, 
DEBUG:diffBragg.main:Hop=0 |it=654 | t/it=0.0568sF=   1893807 sigZ=   20.5842 (Fracs of F: LogLike: 100.0%; ), |g|=  124931.8
DEBUG:diffBragg.main:RotXYZ0_xtal0_deg=-0.3966, RotXYZ1_xtal0_deg=0.0148, RotXYZ2_xtal0_deg=-0.5697, G_xtal0=236173333797896032.0000, Nabc0=23.0858, Ndef0=13.6543, Nabc1=31.5729, Ndef1=17.0300, Nabc2=26.3538, Ndef2=-11.4761, ucell0=27.5156, ucell1=32.3297, ucell2=34.5756, ucell3=1.5614, ucell4=1.2431, ucell5=1.2114, 
DEBUG:diffBragg.main:Hop=0 |it=655 | t/it=0.0568sF=   1893804 sigZ=  20.58394 (Fracs of F: LogLike: 100.0%; ), |g|=  87290.21
DEBUG:diffBragg.main:RotXYZ0_xtal0_deg=-0.3968, RotXYZ1_xtal0_deg=0.0148, RotXYZ2_xtal0_deg=-0.5699, G_xtal0=236188190972027776.0000, Nabc0=23.0869, Ndef0=13.6558, Nabc1=31.5729, Ndef1=17.0270, Nabc2=26.3538, Ndef2=-11.4766, ucell0=27.5157, ucell1=32.3296, ucell2=34.5757, ucell3=1.5614, ucell4=1.2431, ucell5=1.2114, 
DEBUG:diffBragg.main:Hop=0 |it=656 | t/it=0.0568sF=   1893803 sigZ=  20.58381 (Fracs of F: LogLike: 100.0%; ), |g|=  114487.6
DEBUG:diffBragg.main:RotXYZ0_xtal0_deg=-0.3971, RotXYZ1_xtal0_deg=0.0150, RotXYZ2_xtal0_deg=-0.5704, G_xtal0=236226523843715488.0000, Nabc0=23.0883, Ndef0=13.6604, Nabc1=31.5743, Ndef1=17.0202, Nabc2=26.3538, Ndef2=-11.4791, ucell0=27.5161, ucell1=32.3294, ucell2=34.5759, ucell3=1.5614, ucell4=1.2431, ucell5=1.2114, 
DEBUG:diffBragg.main:Hop=0 |it=657 | t/it=0.0568sF=   1893801 sigZ=  20.58386 (Fracs of F: LogLike: 100.0%; ), |g|=  138812.9
DEBUG:diffBragg.main:RotXYZ0_xtal0_deg=-0.3974, RotXYZ1_xtal0_deg=0.0150, RotXYZ2_xtal0_deg=-0.5708, G_xtal0=236253145807529248.0000, Nabc0=23.0945, Ndef0=13.6636, Nabc1=31.5718, Ndef1=17.0117, Nabc2=26.3533, Ndef2=-11.4836, ucell0=27.5166, ucell1=32.3293, ucell2=34.5761, ucell3=1.5614, ucell4=1.2431, ucell5=1.2115, 
DEBUG:diffBragg.main:Hop=0 |it=658 | t/it=0.0568sF=   1893799 sigZ=  20.58382 (Fracs of F: LogLike: 100.0%; ), |g|=  208293.3
DEBUG:diffBragg.main:RotXYZ0_xtal0_deg=-0.3977, RotXYZ1_xtal0_deg=0.0151, RotXYZ2_xtal0_deg=-0.5711, G_xtal0=236276133120236416.0000, Nabc0=23.0977, Ndef0=13.6674, Nabc1=31.5694, Ndef1=17.0085, Nabc2=26.3531, Ndef2=-11.4854, ucell0=27.5169, ucell1=32.3292, ucell2=34.5763, ucell3=1.5614, ucell4=1.2431, ucell5=1.2115, 
DEBUG:diffBragg.main:Hop=0 |it=659 | t/it=0.0568sF=   1893797 sigZ=   20.5841 (Fracs of F: LogLike: 100.0%; ), |g|=  80648.95
DEBUG:diffBragg.main:RotXYZ0_xtal0_deg=-0.3976, RotXYZ1_xtal0_deg=0.0151, RotXYZ2_xtal0_deg=-0.5710, G_xtal0=236268589351720992.0000, Nabc0=23.1032, Ndef0=13.6680, Nabc1=31.5657, Ndef1=17.0085, Nabc2=26.3527, Ndef2=-11.4867, ucell0=27.5170, ucell1=32.3292, ucell2=34.5763, ucell3=1.5615, ucell4=1.2430, ucell5=1.2115, 
DEBUG:diffBragg.main:Hop=0 |it=660 | t/it=0.0568sF=   1893796 sigZ=  20.58426 (Fracs of F: LogLike: 100.0%; ), |g|=  124801.3
DEBUG:diffBragg.main:RotXYZ0_xtal0_deg=-0.3974, RotXYZ1_xtal0_deg=0.0150, RotXYZ2_xtal0_deg=-0.5706, G_xtal0=236247604250040224.0000, Nabc0=23.1133, Ndef0=13.6676, Nabc1=31.5608, Ndef1=17.0090, Nabc2=26.3514, Ndef2=-11.4898, ucell0=27.5172, ucell1=32.3292, ucell2=34.5763, ucell3=1.5615, ucell4=1.2430, ucell5=1.2115, 
DEBUG:diffBragg.main:Hop=0 |it=661 | t/it=0.0568sF=   1893795 sigZ=  20.58447 (Fracs of F: LogLike: 100.0%; ), |g|=  224362.4
DEBUG:diffBragg.main:RotXYZ0_xtal0_deg=-0.3969, RotXYZ1_xtal0_deg=0.0149, RotXYZ2_xtal0_deg=-0.5700, G_xtal0=236206424633221376.0000, Nabc0=23.1336, Ndef0=13.6657, Nabc1=31.5527, Ndef1=17.0090, Nabc2=26.3487, Ndef2=-11.4961, ucell0=27.5176, ucell1=32.3292, ucell2=34.5763, ucell3=1.5614, ucell4=1.2430, ucell5=1.2115, 
DEBUG:diffBragg.main:Hop=0 |it=662 | t/it=0.0568sF=   1893792 sigZ=  20.58465 (Fracs of F: LogLike: 100.0%; ), |g|=    312336
DEBUG:diffBragg.main:RotXYZ0_xtal0_deg=-0.3962, RotXYZ1_xtal0_deg=0.0146, RotXYZ2_xtal0_deg=-0.5687, G_xtal0=236123572433985792.0000, Nabc0=23.1678, Ndef0=13.6597, Nabc1=31.5487, Ndef1=17.0104, Nabc2=26.3424, Ndef2=-11.5105, ucell0=27.5182, ucell1=32.3293, ucell2=34.5762, ucell3=1.5614, ucell4=1.2430, ucell5=1.2115, 
DEBUG:diffBragg.main:Hop=0 |it=663 | t/it=0.0568sF=   1893788 sigZ=  20.58504 (Fracs of F: LogLike: 100.0%; ), |g|=  388049.6
DEBUG:diffBragg.main:RotXYZ0_xtal0_deg=-0.3958, RotXYZ1_xtal0_deg=0.0145, RotXYZ2_xtal0_deg=-0.5681, G_xtal0=236082887938888864.0000, Nabc0=23.1970, Ndef0=13.6570, Nabc1=31.5401, Ndef1=17.0066, Nabc2=26.3381, Ndef2=-11.5195, ucell0=27.5189, ucell1=32.3292, ucell2=34.5763, ucell3=1.5614, ucell4=1.2430, ucell5=1.2115, 
DEBUG:diffBragg.main:Hop=0 |it=664 | t/it=0.0568sF=   1893785 sigZ=  20.58476 (Fracs of F: LogLike: 100.0%; ), |g|=  198571.4
DEBUG:diffBragg.main:RotXYZ0_xtal0_deg=-0.3959, RotXYZ1_xtal0_deg=0.0145, RotXYZ2_xtal0_deg=-0.5683, G_xtal0=236095715521661920.0000, Nabc0=23.1934, Ndef0=13.6567, Nabc1=31.5445, Ndef1=17.0055, Nabc2=26.3380, Ndef2=-11.5194, ucell0=27.5189, ucell1=32.3292, ucell2=34.5764, ucell3=1.5614, ucell4=1.2430, ucell5=1.2115, 
DEBUG:diffBragg.main:Hop=0 |it=665 | t/it=0.0568sF=   1893783 sigZ=   20.5846 (Fracs of F: LogLike: 100.0%; ), |g|=  59341.67
DEBUG:diffBragg.main:RotXYZ0_xtal0_deg=-0.3961, RotXYZ1_xtal0_deg=0.0146, RotXYZ2_xtal0_deg=-0.5686, G_xtal0=236112504384267904.0000, Nabc0=23.1901, Ndef0=13.6569, Nabc1=31.5497, Ndef1=17.0039, Nabc2=26.3376, Ndef2=-11.5199, ucell0=27.5189, ucell1=32.3291, ucell2=34.5765, ucell3=1.5614, ucell4=1.2430, ucell5=1.2115, 
DEBUG:diffBragg.main:Hop=0 |it=666 | t/it=0.0568sF=   1893782 sigZ=  20.58449 (Fracs of F: LogLike: 100.0%; ), |g|=  123432.2
DEBUG:diffBragg.main:RotXYZ0_xtal0_deg=-0.3962, RotXYZ1_xtal0_deg=0.0146, RotXYZ2_xtal0_deg=-0.5688, G_xtal0=236120910052861536.0000, Nabc0=23.1888, Ndef0=13.6571, Nabc1=31.5535, Ndef1=17.0029, Nabc2=26.3371, Ndef2=-11.5210, ucell0=27.5189, ucell1=32.3290, ucell2=34.5766, ucell3=1.5615, ucell4=1.2430, ucell5=1.2115, 
DEBUG:diffBragg.main:Hop=0 |it=667 | t/it=0.0568sF=   1893781 sigZ=  20.58449 (Fracs of F: LogLike: 100.0%; ), |g|=  159239.9
DEBUG:diffBragg.main:RotXYZ0_xtal0_deg=-0.3966, RotXYZ1_xtal0_deg=0.0147, RotXYZ2_xtal0_deg=-0.5693, G_xtal0=236144812354860096.0000, Nabc0=23.1863, Ndef0=13.6579, Nabc1=31.5679, Ndef1=17.0001, Nabc2=26.3345, Ndef2=-11.5257, ucell0=27.5191, ucell1=32.3288, ucell2=34.5768, ucell3=1.5615, ucell4=1.2430, ucell5=1.2115, 
DEBUG:diffBragg.main:Hop=0 |it=668 | t/it=0.0568sF=   1893778 sigZ=  20.58459 (Fracs of F: LogLike: 100.0%; ), |g|=  196385.4
DEBUG:diffBragg.main:RotXYZ0_xtal0_deg=-0.3969, RotXYZ1_xtal0_deg=0.0148, RotXYZ2_xtal0_deg=-0.5698, G_xtal0=236164110796210656.0000, Nabc0=23.1851, Ndef0=13.6590, Nabc1=31.5830, Ndef1=16.9997, Nabc2=26.3309, Ndef2=-11.5294, ucell0=27.5193, ucell1=32.3285, ucell2=34.5771, ucell3=1.5615, ucell4=1.2430, ucell5=1.2115, 
DEBUG:diffBragg.main:Hop=0 |it=669 | t/it=0.0568sF=   1893776 sigZ=  20.58483 (Fracs of F: LogLike: 100.0%; ), |g|=    159740
DEBUG:diffBragg.main:RotXYZ0_xtal0_deg=-0.3973, RotXYZ1_xtal0_deg=0.0150, RotXYZ2_xtal0_deg=-0.5702, G_xtal0=236180443327564064.0000, Nabc0=23.1888, Ndef0=13.6610, Nabc1=31.5982, Ndef1=16.9985, Nabc2=26.3256, Ndef2=-11.5340, ucell0=27.5197, ucell1=32.3283, ucell2=34.5774, ucell3=1.5615, ucell4=1.2430, ucell5=1.2115, 
DEBUG:diffBragg.main:Hop=0 |it=670 | t/it=0.0568sF=   1893773 sigZ=  20.58507 (Fracs of F: LogLike: 100.0%; ), |g|=  82120.41
DEBUG:diffBragg.main:RotXYZ0_xtal0_deg=-0.3973, RotXYZ1_xtal0_deg=0.0150, RotXYZ2_xtal0_deg=-0.5702, G_xtal0=236175572605476544.0000, Nabc0=23.1941, Ndef0=13.6620, Nabc1=31.5993, Ndef1=17.0004, Nabc2=26.3232, Ndef2=-11.5340, ucell0=27.5199, ucell1=32.3283, ucell2=34.5775, ucell3=1.5615, ucell4=1.2430, ucell5=1.2115, 
DEBUG:diffBragg.main:Hop=0 |it=671 | t/it=0.0568sF=   1893772 sigZ=  20.58528 (Fracs of F: LogLike: 100.0%; ), |g|=  127229.9
DEBUG:diffBragg.main:RotXYZ0_xtal0_deg=-0.3973, RotXYZ1_xtal0_deg=0.0150, RotXYZ2_xtal0_deg=-0.5702, G_xtal0=236169066171054528.0000, Nabc0=23.2044, Ndef0=13.6640, Nabc1=31.5992, Ndef1=17.0051, Nabc2=26.3186, Ndef2=-11.5312, ucell0=27.5203, ucell1=32.3282, ucell2=34.5777, ucell3=1.5615, ucell4=1.2429, ucell5=1.2116, 
DEBUG:diffBragg.main:Hop=0 |it=672 | t/it=0.0568sF=   1893769 sigZ=  20.58549 (Fracs of F: LogLike: 100.0%; ), |g|=  304868.5
DEBUG:diffBragg.main:RotXYZ0_xtal0_deg=-0.3975, RotXYZ1_xtal0_deg=0.0150, RotXYZ2_xtal0_deg=-0.5705, G_xtal0=236175718425014528.0000, Nabc0=23.2164, Ndef0=13.6674, Nabc1=31.6022, Ndef1=17.0114, Nabc2=26.3113, Ndef2=-11.5251, ucell0=27.5211, ucell1=32.3282, ucell2=34.5781, ucell3=1.5615, ucell4=1.2429, ucell5=1.2116, 
DEBUG:diffBragg.main:Hop=0 |it=673 | t/it=0.0568sF=   1893765 sigZ=  20.58558 (Fracs of F: LogLike: 100.0%; ), |g|=  436945.6
DEBUG:diffBragg.main:RotXYZ0_xtal0_deg=-0.3981, RotXYZ1_xtal0_deg=0.0152, RotXYZ2_xtal0_deg=-0.5712, G_xtal0=236197237309573856.0000, Nabc0=23.2448, Ndef0=13.6740, Nabc1=31.6126, Ndef1=17.0233, Nabc2=26.2940, Ndef2=-11.5140, ucell0=27.5228, ucell1=32.3279, ucell2=34.5790, ucell3=1.5615, ucell4=1.2429, ucell5=1.2116, 
DEBUG:diffBragg.main:Hop=0 |it=674 | t/it=0.0568sF=   1893757 sigZ=  20.58564 (Fracs of F: LogLike: 100.0%; ), |g|=  488888.4
DEBUG:diffBragg.main:RotXYZ0_xtal0_deg=-0.3993, RotXYZ1_xtal0_deg=0.0156, RotXYZ2_xtal0_deg=-0.5727, G_xtal0=236247529365866496.0000, Nabc0=23.2876, Ndef0=13.6840, Nabc1=31.6282, Ndef1=17.0404, Nabc2=26.2666, Ndef2=-11.4891, ucell0=27.5256, ucell1=32.3275, ucell2=34.5806, ucell3=1.5615, ucell4=1.2428, ucell5=1.2117, 
DEBUG:diffBragg.main:Hop=0 |it=675 | t/it=0.0568sF=   1893769 sigZ=   20.5848 (Fracs of F: LogLike: 100.0%; ), |g|=   1171288
DEBUG:diffBragg.main:RotXYZ0_xtal0_deg=-0.3985, RotXYZ1_xtal0_deg=0.0153, RotXYZ2_xtal0_deg=-0.5716, G_xtal0=236211792868280768.0000, Nabc0=23.2572, Ndef0=13.6769, Nabc1=31.6171, Ndef1=17.0282, Nabc2=26.2861, Ndef2=-11.5068, ucell0=27.5236, ucell1=32.3278, ucell2=34.5795, ucell3=1.5615, ucell4=1.2428, ucell5=1.2117, 
DEBUG:diffBragg.main:Hop=0 |it=676 | t/it=0.0568sF=   1893755 sigZ=  20.58536 (Fracs of F: LogLike: 100.0%; ), |g|=  598139.9
DEBUG:diffBragg.main:RotXYZ0_xtal0_deg=-0.3993, RotXYZ1_xtal0_deg=0.0156, RotXYZ2_xtal0_deg=-0.5727, G_xtal0=236248998925967136.0000, Nabc0=23.2842, Ndef0=13.6828, Nabc1=31.6339, Ndef1=17.0399, Nabc2=26.2673, Ndef2=-11.4963, ucell0=27.5254, ucell1=32.3274, ucell2=34.5806, ucell3=1.5615, ucell4=1.2428, ucell5=1.2117, 
DEBUG:diffBragg.main:Hop=0 |it=677 | t/it=0.0568sF=   1893747 sigZ=  20.58533 (Fracs of F: LogLike: 100.0%; ), |g|=  338431.4
DEBUG:diffBragg.main:RotXYZ0_xtal0_deg=-0.3999, RotXYZ1_xtal0_deg=0.0158, RotXYZ2_xtal0_deg=-0.5734, G_xtal0=236278666680409888.0000, Nabc0=23.2942, Ndef0=13.6844, Nabc1=31.6443, Ndef1=17.0454, Nabc2=26.2584, Ndef2=-11.4900, ucell0=27.5263, ucell1=32.3272, ucell2=34.5812, ucell3=1.5615, ucell4=1.2427, ucell5=1.2117, 
DEBUG:diffBragg.main:Hop=0 |it=678 | t/it=0.0568sF=   1893742 sigZ=  20.58502 (Fracs of F: LogLike: 100.0%; ), |g|=  110841.8
DEBUG:diffBragg.main:RotXYZ0_xtal0_deg=-0.4001, RotXYZ1_xtal0_deg=0.0158, RotXYZ2_xtal0_deg=-0.5738, G_xtal0=236296196256473088.0000, Nabc0=23.2931, Ndef0=13.6839, Nabc1=31.6468, Ndef1=17.0475, Nabc2=26.2569, Ndef2=-11.4864, ucell0=27.5265, ucell1=32.3272, ucell2=34.5814, ucell3=1.5616, ucell4=1.2427, ucell5=1.2117, 
DEBUG:diffBragg.main:Hop=0 |it=679 | t/it=0.0568sF=   1893740 sigZ=  20.58475 (Fracs of F: LogLike: 100.0%; ), |g|=    180053
DEBUG:diffBragg.main:RotXYZ0_xtal0_deg=-0.4003, RotXYZ1_xtal0_deg=0.0159, RotXYZ2_xtal0_deg=-0.5741, G_xtal0=236314202739610528.0000, Nabc0=23.2900, Ndef0=13.6836, Nabc1=31.6467, Ndef1=17.0507, Nabc2=26.2563, Ndef2=-11.4815, ucell0=27.5265, ucell1=32.3272, ucell2=34.5816, ucell3=1.5616, ucell4=1.2427, ucell5=1.2118, 
DEBUG:diffBragg.main:Hop=0 |it=680 | t/it=0.0568sF=   1893738 sigZ=  20.58454 (Fracs of F: LogLike: 100.0%; ), |g|=  241155.9
DEBUG:diffBragg.main:RotXYZ0_xtal0_deg=-0.4009, RotXYZ1_xtal0_deg=0.0161, RotXYZ2_xtal0_deg=-0.5749, G_xtal0=236354970724447072.0000, Nabc0=23.2888, Ndef0=13.6850, Nabc1=31.6455, Ndef1=17.0609, Nabc2=26.2525, Ndef2=-11.4679, ucell0=27.5270, ucell1=32.3272, ucell2=34.5821, ucell3=1.5616, ucell4=1.2427, ucell5=1.2118, 
DEBUG:diffBragg.main:Hop=0 |it=681 | t/it=0.0568sF=   1893734 sigZ=  20.58432 (Fracs of F: LogLike: 100.0%; ), |g|=  190156.6
DEBUG:diffBragg.main:RotXYZ0_xtal0_deg=-0.4015, RotXYZ1_xtal0_deg=0.0163, RotXYZ2_xtal0_deg=-0.5757, G_xtal0=236398637861648544.0000, Nabc0=23.2908, Ndef0=13.6878, Nabc1=31.6470, Ndef1=17.0695, Nabc2=26.2464, Ndef2=-11.4571, ucell0=27.5277, ucell1=32.3271, ucell2=34.5828, ucell3=1.5616, ucell4=1.2427, ucell5=1.2118, 
DEBUG:diffBragg.main:Hop=0 |it=682 | t/it=0.0568sF=   1893736 sigZ=  20.58441 (Fracs of F: LogLike: 100.0%; ), |g|=  305448.5
DEBUG:diffBragg.main:RotXYZ0_xtal0_deg=-0.4011, RotXYZ1_xtal0_deg=0.0162, RotXYZ2_xtal0_deg=-0.5752, G_xtal0=236371451080483680.0000, Nabc0=23.2896, Ndef0=13.6861, Nabc1=31.6460, Ndef1=17.0641, Nabc2=26.2502, Ndef2=-11.4638, ucell0=27.5273, ucell1=32.3271, ucell2=34.5824, ucell3=1.5616, ucell4=1.2427, ucell5=1.2118, 
DEBUG:diffBragg.main:Hop=0 |it=683 | t/it=0.0568sF=   1893734 sigZ=  20.58435 (Fracs of F: LogLike: 100.0%; ), |g|=  165036.6
DEBUG:diffBragg.main:RotXYZ0_xtal0_deg=-0.4013, RotXYZ1_xtal0_deg=0.0162, RotXYZ2_xtal0_deg=-0.5754, G_xtal0=236386310492620928.0000, Nabc0=23.2876, Ndef0=13.6863, Nabc1=31.6452, Ndef1=17.0676, Nabc2=26.2495, Ndef2=-11.4596, ucell0=27.5274, ucell1=32.3271, ucell2=34.5825, ucell3=1.5616, ucell4=1.2427, ucell5=1.2118, 
DEBUG:diffBragg.main:Hop=0 |it=684 | t/it=0.0568sF=   1893733 sigZ=  20.58434 (Fracs of F: LogLike: 100.0%; ), |g|=  58686.23
DEBUG:diffBragg.main:RotXYZ0_xtal0_deg=-0.4013, RotXYZ1_xtal0_deg=0.0162, RotXYZ2_xtal0_deg=-0.5755, G_xtal0=236391289794580640.0000, Nabc0=23.2861, Ndef0=13.6860, Nabc1=31.6450, Ndef1=17.0684, Nabc2=26.2497, Ndef2=-11.4592, ucell0=27.5274, ucell1=32.3271, ucell2=34.5825, ucell3=1.5616, ucell4=1.2427, ucell5=1.2118, 
DEBUG:diffBragg.main:Hop=0 |it=685 | t/it=0.0568sF=   1893732 sigZ=  20.58438 (Fracs of F: LogLike: 100.0%; ), |g|=  58388.03
DEBUG:diffBragg.main:RotXYZ0_xtal0_deg=-0.4014, RotXYZ1_xtal0_deg=0.0163, RotXYZ2_xtal0_deg=-0.5757, G_xtal0=236399489897372480.0000, Nabc0=23.2836, Ndef0=13.6849, Nabc1=31.6456, Ndef1=17.0691, Nabc2=26.2498, Ndef2=-11.4593, ucell0=27.5274, ucell1=32.3271, ucell2=34.5826, ucell3=1.5616, ucell4=1.2427, ucell5=1.2118, 
DEBUG:diffBragg.main:Hop=0 |it=686 | t/it=0.0568sF=   1893732 sigZ=  20.58442 (Fracs of F: LogLike: 100.0%; ), |g|=  109793.5
DEBUG:diffBragg.main:RotXYZ0_xtal0_deg=-0.4017, RotXYZ1_xtal0_deg=0.0164, RotXYZ2_xtal0_deg=-0.5761, G_xtal0=236419604807292384.0000, Nabc0=23.2786, Ndef0=13.6820, Nabc1=31.6480, Ndef1=17.0706, Nabc2=26.2497, Ndef2=-11.4598, ucell0=27.5274, ucell1=32.3270, ucell2=34.5827, ucell3=1.5616, ucell4=1.2427, ucell5=1.2118, 
DEBUG:diffBragg.main:Hop=0 |it=687 | t/it=0.0568sF=   1893731 sigZ=  20.58444 (Fracs of F: LogLike: 100.0%; ), |g|=  174390.3
DEBUG:diffBragg.main:RotXYZ0_xtal0_deg=-0.4023, RotXYZ1_xtal0_deg=0.0166, RotXYZ2_xtal0_deg=-0.5769, G_xtal0=236461042428272032.0000, Nabc0=23.2698, Ndef0=13.6760, Nabc1=31.6538, Ndef1=17.0737, Nabc2=26.2486, Ndef2=-11.4604, ucell0=27.5276, ucell1=32.3268, ucell2=34.5831, ucell3=1.5616, ucell4=1.2427, ucell5=1.2118, 
DEBUG:diffBragg.main:Hop=0 |it=688 | t/it=0.0568sF=   1893728 sigZ=  20.58438 (Fracs of F: LogLike: 100.0%; ), |g|=    211646
DEBUG:diffBragg.main:RotXYZ0_xtal0_deg=-0.4029, RotXYZ1_xtal0_deg=0.0168, RotXYZ2_xtal0_deg=-0.5778, G_xtal0=236507124063182880.0000, Nabc0=23.2546, Ndef0=13.6652, Nabc1=31.6580, Ndef1=17.0778, Nabc2=26.2500, Ndef2=-11.4641, ucell0=27.5276, ucell1=32.3267, ucell2=34.5834, ucell3=1.5616, ucell4=1.2427, ucell5=1.2118, 
DEBUG:diffBragg.main:Hop=0 |it=689 | t/it=0.0568sF=   1893727 sigZ=   20.5845 (Fracs of F: LogLike: 100.0%; ), |g|=  241217.8
DEBUG:diffBragg.main:RotXYZ0_xtal0_deg=-0.4032, RotXYZ1_xtal0_deg=0.0168, RotXYZ2_xtal0_deg=-0.5782, G_xtal0=236527272953335424.0000, Nabc0=23.2519, Ndef0=13.6621, Nabc1=31.6619, Ndef1=17.0780, Nabc2=26.2487, Ndef2=-11.4636, ucell0=27.5278, ucell1=32.3266, ucell2=34.5836, ucell3=1.5616, ucell4=1.2426, ucell5=1.2118, 
DEBUG:diffBragg.main:Hop=0 |it=690 | t/it=0.0568sF=   1893725 sigZ=  20.58414 (Fracs of F: LogLike: 100.0%; ), |g|=  97419.13
DEBUG:diffBragg.main:RotXYZ0_xtal0_deg=-0.4031, RotXYZ1_xtal0_deg=0.0168, RotXYZ2_xtal0_deg=-0.5781, G_xtal0=236517887614659232.0000, Nabc0=23.2545, Ndef0=13.6631, Nabc1=31.6607, Ndef1=17.0775, Nabc2=26.2486, Ndef2=-11.4633, ucell0=27.5278, ucell1=32.3267, ucell2=34.5835, ucell3=1.5616, ucell4=1.2426, ucell5=1.2118, 
DEBUG:diffBragg.main:Hop=0 |it=691 | t/it=0.0568sF=   1893725 sigZ=   20.5841 (Fracs of F: LogLike: 100.0%; ), |g|=  40836.55
DEBUG:diffBragg.main:RotXYZ0_xtal0_deg=-0.4030, RotXYZ1_xtal0_deg=0.0168, RotXYZ2_xtal0_deg=-0.5780, G_xtal0=236513475993307552.0000, Nabc0=23.2552, Ndef0=13.6627, Nabc1=31.6604, Ndef1=17.0770, Nabc2=26.2488, Ndef2=-11.4641, ucell0=27.5277, ucell1=32.3267, ucell2=34.5835, ucell3=1.5616, ucell4=1.2426, ucell5=1.2118, 
DEBUG:diffBragg.main:Hop=0 |it=692 | t/it=0.0568sF=   1893725 sigZ=  20.58408 (Fracs of F: LogLike: 100.0%; ), |g|=  41329.69
DEBUG:diffBragg.main:RotXYZ0_xtal0_deg=-0.4030, RotXYZ1_xtal0_deg=0.0168, RotXYZ2_xtal0_deg=-0.5780, G_xtal0=236511590538851968.0000, Nabc0=23.2554, Ndef0=13.6621, Nabc1=31.6604, Ndef1=17.0769, Nabc2=26.2489, Ndef2=-11.4649, ucell0=27.5277, ucell1=32.3267, ucell2=34.5835, ucell3=1.5616, ucell4=1.2427, ucell5=1.2118, 
DEBUG:diffBragg.main:Hop=0 |it=693 | t/it=0.0568sF=   1893725 sigZ=  20.58408 (Fracs of F: LogLike: 100.0%; ), |g|=  61082.21
DEBUG:diffBragg.main:RotXYZ0_xtal0_deg=-0.4030, RotXYZ1_xtal0_deg=0.0168, RotXYZ2_xtal0_deg=-0.5779, G_xtal0=236506355337340416.0000, Nabc0=23.2558, Ndef0=13.6599, Nabc1=31.6605, Ndef1=17.0764, Nabc2=26.2493, Ndef2=-11.4676, ucell0=27.5277, ucell1=32.3267, ucell2=34.5835, ucell3=1.5616, ucell4=1.2427, ucell5=1.2118, 
DEBUG:diffBragg.main:Hop=0 |it=694 | t/it=0.0568sF=   1893725 sigZ=  20.58408 (Fracs of F: LogLike: 100.0%; ), |g|=  103833.9
DEBUG:diffBragg.main:RotXYZ0_xtal0_deg=-0.4029, RotXYZ1_xtal0_deg=0.0168, RotXYZ2_xtal0_deg=-0.5779, G_xtal0=236498314010796128.0000, Nabc0=23.2563, Ndef0=13.6565, Nabc1=31.6609, Ndef1=17.0758, Nabc2=26.2498, Ndef2=-11.4719, ucell0=27.5276, ucell1=32.3267, ucell2=34.5835, ucell3=1.5616, ucell4=1.2427, ucell5=1.2118, 
DEBUG:diffBragg.main:Hop=0 |it=695 | t/it=0.0568sF=   1893724 sigZ=  20.58411 (Fracs of F: LogLike: 100.0%; ), |g|=  125575.1
DEBUG:diffBragg.main:RotXYZ0_xtal0_deg=-0.4028, RotXYZ1_xtal0_deg=0.0167, RotXYZ2_xtal0_deg=-0.5777, G_xtal0=236480380908597920.0000, Nabc0=23.2591, Ndef0=13.6521, Nabc1=31.6611, Ndef1=17.0751, Nabc2=26.2504, Ndef2=-11.4784, ucell0=27.5276, ucell1=32.3267, ucell2=34.5834, ucell3=1.5616, ucell4=1.2427, ucell5=1.2118, 
DEBUG:diffBragg.main:Hop=0 |it=696 | t/it=0.0568sF=   1893724 sigZ=  20.58421 (Fracs of F: LogLike: 100.0%; ), |g|=  92758.29
DEBUG:diffBragg.main:RotXYZ0_xtal0_deg=-0.4029, RotXYZ1_xtal0_deg=0.0167, RotXYZ2_xtal0_deg=-0.5778, G_xtal0=236477706309515360.0000, Nabc0=23.2589, Ndef0=13.6475, Nabc1=31.6630, Ndef1=17.0751, Nabc2=26.2505, Ndef2=-11.4833, ucell0=27.5276, ucell1=32.3266, ucell2=34.5835, ucell3=1.5616, ucell4=1.2427, ucell5=1.2118, 
DEBUG:diffBragg.main:Hop=0 |it=697 | t/it=0.0568sF=   1893723 sigZ=  20.58423 (Fracs of F: LogLike: 100.0%; ), |g|=  71340.87
DEBUG:diffBragg.main:RotXYZ0_xtal0_deg=-0.4029, RotXYZ1_xtal0_deg=0.0167, RotXYZ2_xtal0_deg=-0.5778, G_xtal0=236476758736206080.0000, Nabc0=23.2599, Ndef0=13.6491, Nabc1=31.6627, Ndef1=17.0753, Nabc2=26.2501, Ndef2=-11.4824, ucell0=27.5276, ucell1=32.3266, ucell2=34.5835, ucell3=1.5616, ucell4=1.2427, ucell5=1.2118, 
DEBUG:diffBragg.main:Hop=0 |it=698 | t/it=0.0568sF=   1893723 sigZ=  20.58431 (Fracs of F: LogLike: 100.0%; ), |g|=   32691.9
DEBUG:diffBragg.main:RotXYZ0_xtal0_deg=-0.4029, RotXYZ1_xtal0_deg=0.0168, RotXYZ2_xtal0_deg=-0.5778, G_xtal0=236478265916822400.0000, Nabc0=23.2601, Ndef0=13.6498, Nabc1=31.6626, Ndef1=17.0756, Nabc2=26.2499, Ndef2=-11.4814, ucell0=27.5276, ucell1=32.3266, ucell2=34.5835, ucell3=1.5616, ucell4=1.2427, ucell5=1.2118, 
DEBUG:diffBragg.main:Hop=0 |it=699 | t/it=0.0568sF=   1893723 sigZ=  20.58432 (Fracs of F: LogLike: 100.0%; ), |g|=  43549.47
DEBUG:diffBragg.main:RotXYZ0_xtal0_deg=-0.4029, RotXYZ1_xtal0_deg=0.0168, RotXYZ2_xtal0_deg=-0.5778, G_xtal0=236477209388332480.0000, Nabc0=23.2612, Ndef0=13.6503, Nabc1=31.6624, Ndef1=17.0763, Nabc2=26.2494, Ndef2=-11.4804, ucell0=27.5277, ucell1=32.3266, ucell2=34.5835, ucell3=1.5616, ucell4=1.2426, ucell5=1.2118, 
DEBUG:diffBragg.main:Added 0 pixels from 0 shoeboxes to the untrusted list (8700 / 8700 trusted pixels remain)
DEBUG:diffBragg.main:Hop=0 |it=700 | t/it=0.0568sF=   1893723 sigZ=  20.58433 (Fracs of F: LogLike: 100.0%; ), |g|=  78982.52
DEBUG:diffBragg.main:RotXYZ0_xtal0_deg=-0.4029, RotXYZ1_xtal0_deg=0.0168, RotXYZ2_xtal0_deg=-0.5778, G_xtal0=236468450897211648.0000, Nabc0=23.2643, Ndef0=13.6501, Nabc1=31.6617, Ndef1=17.0770, Nabc2=26.2487, Ndef2=-11.4807, ucell0=27.5278, ucell1=32.3266, ucell2=34.5836, ucell3=1.5616, ucell4=1.2426, ucell5=1.2118, 
DEBUG:diffBragg.main:Hop=0 |it=701 | t/it=0.0568sF=   1893723 sigZ=  20.58437 (Fracs of F: LogLike: 100.0%; ), |g|=  116023.7
DEBUG:diffBragg.main:RotXYZ0_xtal0_deg=-0.4029, RotXYZ1_xtal0_deg=0.0167, RotXYZ2_xtal0_deg=-0.5778, G_xtal0=236443218393878400.0000, Nabc0=23.2716, Ndef0=13.6476, Nabc1=31.6604, Ndef1=17.0779, Nabc2=26.2475, Ndef2=-11.4837, ucell0=27.5280, ucell1=32.3266, ucell2=34.5836, ucell3=1.5616, ucell4=1.2426, ucell5=1.2118, 
DEBUG:diffBragg.main:Hop=0 |it=702 | t/it=0.0568sF=   1893722 sigZ=  20.58443 (Fracs of F: LogLike: 100.0%; ), |g|=  143117.2
DEBUG:diffBragg.main:RotXYZ0_xtal0_deg=-0.4028, RotXYZ1_xtal0_deg=0.0167, RotXYZ2_xtal0_deg=-0.5776, G_xtal0=236403638821900544.0000, Nabc0=23.2825, Ndef0=13.6437, Nabc1=31.6585, Ndef1=17.0799, Nabc2=26.2457, Ndef2=-11.4892, ucell0=27.5282, ucell1=32.3266, ucell2=34.5837, ucell3=1.5616, ucell4=1.2426, ucell5=1.2118, 
DEBUG:diffBragg.main:Hop=0 |it=703 | t/it=0.0568sF=   1893721 sigZ=   20.5847 (Fracs of F: LogLike: 100.0%; ), |g|=  177071.1
DEBUG:diffBragg.main:RotXYZ0_xtal0_deg=-0.4028, RotXYZ1_xtal0_deg=0.0167, RotXYZ2_xtal0_deg=-0.5775, G_xtal0=236366992410693440.0000, Nabc0=23.2919, Ndef0=13.6390, Nabc1=31.6569, Ndef1=17.0802, Nabc2=26.2446, Ndef2=-11.4941, ucell0=27.5284, ucell1=32.3266, ucell2=34.5837, ucell3=1.5616, ucell4=1.2426, ucell5=1.2118, 
DEBUG:diffBragg.main:Hop=0 |it=704 | t/it=0.0568sF=   1893720 sigZ=   20.5846 (Fracs of F: LogLike: 100.0%; ), |g|=  91883.06
DEBUG:diffBragg.main:RotXYZ0_xtal0_deg=-0.4027, RotXYZ1_xtal0_deg=0.0167, RotXYZ2_xtal0_deg=-0.5774, G_xtal0=236344253159418272.0000, Nabc0=23.2973, Ndef0=13.6355, Nabc1=31.6562, Ndef1=17.0805, Nabc2=26.2439, Ndef2=-11.4977, ucell0=27.5284, ucell1=32.3266, ucell2=34.5837, ucell3=1.5616, ucell4=1.2426, ucell5=1.2118, 
DEBUG:diffBragg.main:Hop=0 |it=705 | t/it=0.0568sF=   1893719 sigZ=  20.58457 (Fracs of F: LogLike: 100.0%; ), |g|=  54246.07
DEBUG:diffBragg.main:RotXYZ0_xtal0_deg=-0.4027, RotXYZ1_xtal0_deg=0.0167, RotXYZ2_xtal0_deg=-0.5773, G_xtal0=236320938070245696.0000, Nabc0=23.3034, Ndef0=13.6333, Nabc1=31.6550, Ndef1=17.0818, Nabc2=26.2429, Ndef2=-11.4994, ucell0=27.5285, ucell1=32.3266, ucell2=34.5838, ucell3=1.5616, ucell4=1.2426, ucell5=1.2118, 
DEBUG:diffBragg.main:Hop=0 |it=706 | t/it=0.0568sF=   1893719 sigZ=  20.58454 (Fracs of F: LogLike: 100.0%; ), |g|=  83146.24
DEBUG:diffBragg.main:RotXYZ0_xtal0_deg=-0.4027, RotXYZ1_xtal0_deg=0.0167, RotXYZ2_xtal0_deg=-0.5773, G_xtal0=236291024804480896.0000, Nabc0=23.3122, Ndef0=13.6321, Nabc1=31.6527, Ndef1=17.0847, Nabc2=26.2409, Ndef2=-11.4991, ucell0=27.5287, ucell1=32.3266, ucell2=34.5839, ucell3=1.5616, ucell4=1.2426, ucell5=1.2118, 
DEBUG:diffBragg.main:Hop=0 |it=707 | t/it=0.0568sF=   1893718 sigZ=  20.58453 (Fracs of F: LogLike: 100.0%; ), |g|=  108519.4
DEBUG:diffBragg.main:RotXYZ0_xtal0_deg=-0.4028, RotXYZ1_xtal0_deg=0.0167, RotXYZ2_xtal0_deg=-0.5774, G_xtal0=236243344902316224.0000, Nabc0=23.3286, Ndef0=13.6330, Nabc1=31.6477, Ndef1=17.0918, Nabc2=26.2359, Ndef2=-11.4930, ucell0=27.5292, ucell1=32.3267, ucell2=34.5843, ucell3=1.5616, ucell4=1.2426, ucell5=1.2118, 
DEBUG:diffBragg.main:Hop=0 |it=708 | t/it=0.0568sF=   1893717 sigZ=  20.58448 (Fracs of F: LogLike: 100.0%; ), |g|=    158434
DEBUG:diffBragg.main:RotXYZ0_xtal0_deg=-0.4029, RotXYZ1_xtal0_deg=0.0167, RotXYZ2_xtal0_deg=-0.5774, G_xtal0=236135664059817184.0000, Nabc0=23.3612, Ndef0=13.6295, Nabc1=31.6387, Ndef1=17.1037, Nabc2=26.2281, Ndef2=-11.4900, ucell0=27.5301, ucell1=32.3268, ucell2=34.5848, ucell3=1.5616, ucell4=1.2426, ucell5=1.2119, 
DEBUG:diffBragg.main:Hop=0 |it=709 | t/it=0.0568sF=   1893719 sigZ=  20.58446 (Fracs of F: LogLike: 100.0%; ), |g|=  274532.6
DEBUG:diffBragg.main:RotXYZ0_xtal0_deg=-0.4029, RotXYZ1_xtal0_deg=0.0167, RotXYZ2_xtal0_deg=-0.5774, G_xtal0=236211642244473760.0000, Nabc0=23.3382, Ndef0=13.6319, Nabc1=31.6451, Ndef1=17.0953, Nabc2=26.2336, Ndef2=-11.4921, ucell0=27.5295, ucell1=32.3268, ucell2=34.5844, ucell3=1.5616, ucell4=1.2426, ucell5=1.2118, 
DEBUG:diffBragg.main:Hop=0 |it=710 | t/it=0.0568sF=   1893716 sigZ=  20.58447 (Fracs of F: LogLike: 100.0%; ), |g|=  72753.57
DEBUG:diffBragg.main:RotXYZ0_xtal0_deg=-0.4030, RotXYZ1_xtal0_deg=0.0168, RotXYZ2_xtal0_deg=-0.5776, G_xtal0=236209646367643712.0000, Nabc0=23.3412, Ndef0=13.6349, Nabc1=31.6435, Ndef1=17.0986, Nabc2=26.2316, Ndef2=-11.4860, ucell0=27.5297, ucell1=32.3268, ucell2=34.5845, ucell3=1.5616, ucell4=1.2426, ucell5=1.2119, 
DEBUG:diffBragg.main:Hop=0 |it=711 | t/it=0.0568sF=   1893716 sigZ=  20.58443 (Fracs of F: LogLike: 100.0%; ), |g|=  41138.37
DEBUG:diffBragg.main:RotXYZ0_xtal0_deg=-0.4031, RotXYZ1_xtal0_deg=0.0168, RotXYZ2_xtal0_deg=-0.5777, G_xtal0=236208547366954432.0000, Nabc0=23.3427, Ndef0=13.6366, Nabc1=31.6428, Ndef1=17.0998, Nabc2=26.2303, Ndef2=-11.4835, ucell0=27.5298, ucell1=32.3268, ucell2=34.5846, ucell3=1.5616, ucell4=1.2426, ucell5=1.2119, 
DEBUG:diffBragg.main:Hop=0 |it=712 | t/it=0.0568sF=   1893716 sigZ=   20.5845 (Fracs of F: LogLike: 100.0%; ), |g|=  105723.8
DEBUG:diffBragg.main:RotXYZ0_xtal0_deg=-0.4031, RotXYZ1_xtal0_deg=0.0168, RotXYZ2_xtal0_deg=-0.5777, G_xtal0=236219203305201280.0000, Nabc0=23.3401, Ndef0=13.6376, Nabc1=31.6432, Ndef1=17.0998, Nabc2=26.2306, Ndef2=-11.4816, ucell0=27.5298, ucell1=32.3268, ucell2=34.5846, ucell3=1.5616, ucell4=1.2426, ucell5=1.2119, 
DEBUG:diffBragg.main:Hop=0 |it=713 | t/it=0.0568sF=   1893715 sigZ=  20.58443 (Fracs of F: LogLike: 100.0%; ), |g|=  43251.99
DEBUG:diffBragg.main:RotXYZ0_xtal0_deg=-0.4031, RotXYZ1_xtal0_deg=0.0168, RotXYZ2_xtal0_deg=-0.5778, G_xtal0=236223130779903808.0000, Nabc0=23.3391, Ndef0=13.6379, Nabc1=31.6434, Ndef1=17.0997, Nabc2=26.2305, Ndef2=-11.4810, ucell0=27.5298, ucell1=32.3268, ucell2=34.5846, ucell3=1.5616, ucell4=1.2426, ucell5=1.2119, 
DEBUG:diffBragg.main:Hop=0 |it=714 | t/it=0.0568sF=   1893715 sigZ=   20.5844 (Fracs of F: LogLike: 100.0%; ), |g|=  30915.63
DEBUG:diffBragg.main:RotXYZ0_xtal0_deg=-0.4033, RotXYZ1_xtal0_deg=0.0168, RotXYZ2_xtal0_deg=-0.5779, G_xtal0=236233767148087968.0000, Nabc0=23.3365, Ndef0=13.6388, Nabc1=31.6438, Ndef1=17.0998, Nabc2=26.2297, Ndef2=-11.4782, ucell0=27.5298, ucell1=32.3268, ucell2=34.5847, ucell3=1.5616, ucell4=1.2426, ucell5=1.2119, 
DEBUG:diffBragg.main:Hop=0 |it=715 | t/it=0.0568sF=   1893715 sigZ=  20.58428 (Fracs of F: LogLike: 100.0%; ), |g|=  52604.97
DEBUG:diffBragg.main:RotXYZ0_xtal0_deg=-0.4035, RotXYZ1_xtal0_deg=0.0169, RotXYZ2_xtal0_deg=-0.5782, G_xtal0=236234526234411680.0000, Nabc0=23.3364, Ndef0=13.6387, Nabc1=31.6435, Ndef1=17.1006, Nabc2=26.2273, Ndef2=-11.4755, ucell0=27.5300, ucell1=32.3267, ucell2=34.5848, ucell3=1.5616, ucell4=1.2426, ucell5=1.2119, 
DEBUG:diffBragg.main:Hop=0 |it=716 | t/it=0.0568sF=   1893714 sigZ=  20.58419 (Fracs of F: LogLike: 100.0%; ), |g|=  97910.01
DEBUG:diffBragg.main:RotXYZ0_xtal0_deg=-0.4039, RotXYZ1_xtal0_deg=0.0170, RotXYZ2_xtal0_deg=-0.5788, G_xtal0=236216955424834656.0000, Nabc0=23.3409, Ndef0=13.6366, Nabc1=31.6420, Ndef1=17.1027, Nabc2=26.2218, Ndef2=-11.4724, ucell0=27.5304, ucell1=32.3266, ucell2=34.5852, ucell3=1.5616, ucell4=1.2426, ucell5=1.2119, 
DEBUG:diffBragg.main:Hop=0 |it=717 | t/it=0.0568sF=   1893712 sigZ=    20.584 (Fracs of F: LogLike: 100.0%; ), |g|=  151853.2
DEBUG:diffBragg.main:RotXYZ0_xtal0_deg=-0.4046, RotXYZ1_xtal0_deg=0.0172, RotXYZ2_xtal0_deg=-0.5797, G_xtal0=236184992678588032.0000, Nabc0=23.3468, Ndef0=13.6313, Nabc1=31.6403, Ndef1=17.1054, Nabc2=26.2129, Ndef2=-11.4728, ucell0=27.5310, ucell1=32.3265, ucell2=34.5857, ucell3=1.5617, ucell4=1.2425, ucell5=1.2119, 
DEBUG:diffBragg.main:Hop=0 |it=718 | t/it=0.0568sF=   1893711 sigZ=  20.58415 (Fracs of F: LogLike: 100.0%; ), |g|=  215220.4
DEBUG:diffBragg.main:RotXYZ0_xtal0_deg=-0.4050, RotXYZ1_xtal0_deg=0.0174, RotXYZ2_xtal0_deg=-0.5802, G_xtal0=236142149066634176.0000, Nabc0=23.3568, Ndef0=13.6260, Nabc1=31.6378, Ndef1=17.1076, Nabc2=26.2062, Ndef2=-11.4734, ucell0=27.5315, ucell1=32.3264, ucell2=34.5861, ucell3=1.5617, ucell4=1.2425, ucell5=1.2119, 
DEBUG:diffBragg.main:Hop=0 |it=719 | t/it=0.0568sF=   1893708 sigZ=  20.58397 (Fracs of F: LogLike: 100.0%; ), |g|=  158426.3
DEBUG:diffBragg.main:RotXYZ0_xtal0_deg=-0.4058, RotXYZ1_xtal0_deg=0.0176, RotXYZ2_xtal0_deg=-0.5811, G_xtal0=236050018600660960.0000, Nabc0=23.3765, Ndef0=13.6131, Nabc1=31.6332, Ndef1=17.1111, Nabc2=26.1929, Ndef2=-11.4792, ucell0=27.5325, ucell1=32.3263, ucell2=34.5870, ucell3=1.5617, ucell4=1.2425, ucell5=1.2119, 
DEBUG:diffBragg.main:Hop=0 |it=720 | t/it=0.0568sF=   1893704 sigZ=  20.58387 (Fracs of F: LogLike: 100.0%; ), |g|=  151360.4
DEBUG:diffBragg.main:RotXYZ0_xtal0_deg=-0.4070, RotXYZ1_xtal0_deg=0.0180, RotXYZ2_xtal0_deg=-0.5826, G_xtal0=235932484275776096.0000, Nabc0=23.3987, Ndef0=13.5941, Nabc1=31.6280, Ndef1=17.1151, Nabc2=26.1744, Ndef2=-11.4888, ucell0=27.5337, ucell1=32.3260, ucell2=34.5882, ucell3=1.5617, ucell4=1.2424, ucell5=1.2120, 
DEBUG:diffBragg.main:Hop=0 |it=721 | t/it=0.0568sF=   1893699 sigZ=  20.58381 (Fracs of F: LogLike: 100.0%; ), |g|=  208079.5
DEBUG:diffBragg.main:RotXYZ0_xtal0_deg=-0.4089, RotXYZ1_xtal0_deg=0.0186, RotXYZ2_xtal0_deg=-0.5851, G_xtal0=235794614371463872.0000, Nabc0=23.4219, Ndef0=13.5686, Nabc1=31.6223, Ndef1=17.1200, Nabc2=26.1471, Ndef2=-11.4986, ucell0=27.5354, ucell1=32.3256, ucell2=34.5900, ucell3=1.5618, ucell4=1.2423, ucell5=1.2120, 
DEBUG:diffBragg.main:Hop=0 |it=722 | t/it=0.0568sF=   1893693 sigZ=   20.5837 (Fracs of F: LogLike: 100.0%; ), |g|=    238210
DEBUG:diffBragg.main:RotXYZ0_xtal0_deg=-0.4108, RotXYZ1_xtal0_deg=0.0191, RotXYZ2_xtal0_deg=-0.5876, G_xtal0=235739856266025952.0000, Nabc0=23.4264, Ndef0=13.5563, Nabc1=31.6196, Ndef1=17.1245, Nabc2=26.1247, Ndef2=-11.4946, ucell0=27.5367, ucell1=32.3251, ucell2=34.5916, ucell3=1.5618, ucell4=1.2423, ucell5=1.2121, 
DEBUG:diffBragg.main:Hop=0 |it=723 | t/it=0.0568sF=   1893689 sigZ=  20.58344 (Fracs of F: LogLike: 100.0%; ), |g|=  289194.1
DEBUG:diffBragg.main:RotXYZ0_xtal0_deg=-0.4102, RotXYZ1_xtal0_deg=0.0189, RotXYZ2_xtal0_deg=-0.5868, G_xtal0=235792265842807712.0000, Nabc0=23.4159, Ndef0=13.5640, Nabc1=31.6224, Ndef1=17.1212, Nabc2=26.1345, Ndef2=-11.4930, ucell0=27.5360, ucell1=32.3253, ucell2=34.5909, ucell3=1.5618, ucell4=1.2423, ucell5=1.2120, 
DEBUG:diffBragg.main:Hop=0 |it=724 | t/it=0.0568sF=   1893687 sigZ=  20.58346 (Fracs of F: LogLike: 100.0%; ), |g|=  96130.56
DEBUG:diffBragg.main:RotXYZ0_xtal0_deg=-0.4100, RotXYZ1_xtal0_deg=0.0189, RotXYZ2_xtal0_deg=-0.5867, G_xtal0=235832917699387168.0000, Nabc0=23.4059, Ndef0=13.5688, Nabc1=31.6246, Ndef1=17.1192, Nabc2=26.1382, Ndef2=-11.4898, ucell0=27.5357, ucell1=32.3253, ucell2=34.5907, ucell3=1.5618, ucell4=1.2423, ucell5=1.2120, 
DEBUG:diffBragg.main:Hop=0 |it=725 | t/it=0.0568sF=   1893687 sigZ=  20.58342 (Fracs of F: LogLike: 100.0%; ), |g|=  73765.06
DEBUG:diffBragg.main:RotXYZ0_xtal0_deg=-0.4101, RotXYZ1_xtal0_deg=0.0189, RotXYZ2_xtal0_deg=-0.5869, G_xtal0=235862176580236288.0000, Nabc0=23.3974, Ndef0=13.5714, Nabc1=31.6263, Ndef1=17.1175, Nabc2=26.1387, Ndef2=-11.4866, ucell0=27.5356, ucell1=32.3252, ucell2=34.5907, ucell3=1.5618, ucell4=1.2423, ucell5=1.2120, 
DEBUG:diffBragg.main:Hop=0 |it=726 | t/it=0.0568sF=   1893686 sigZ=  20.58335 (Fracs of F: LogLike: 100.0%; ), |g|=  94418.74
DEBUG:diffBragg.main:RotXYZ0_xtal0_deg=-0.4105, RotXYZ1_xtal0_deg=0.0191, RotXYZ2_xtal0_deg=-0.5874, G_xtal0=235874739862194496.0000, Nabc0=23.3910, Ndef0=13.5717, Nabc1=31.6275, Ndef1=17.1152, Nabc2=26.1359, Ndef2=-11.4850, ucell0=27.5357, ucell1=32.3251, ucell2=34.5909, ucell3=1.5618, ucell4=1.2423, ucell5=1.2120, 
DEBUG:diffBragg.main:Hop=0 |it=727 | t/it=0.0568sF=   1893685 sigZ=  20.58326 (Fracs of F: LogLike: 100.0%; ), |g|=  70831.27
DEBUG:diffBragg.main:RotXYZ0_xtal0_deg=-0.4113, RotXYZ1_xtal0_deg=0.0193, RotXYZ2_xtal0_deg=-0.5884, G_xtal0=235866132012207392.0000, Nabc0=23.3887, Ndef0=13.5695, Nabc1=31.6276, Ndef1=17.1129, Nabc2=26.1291, Ndef2=-11.4824, ucell0=27.5360, ucell1=32.3249, ucell2=34.5914, ucell3=1.5618, ucell4=1.2423, ucell5=1.2120, 
DEBUG:diffBragg.main:Hop=0 |it=728 | t/it=0.0568sF=   1893684 sigZ=  20.58293 (Fracs of F: LogLike: 100.0%; ), |g|=  128569.9
DEBUG:diffBragg.main:RotXYZ0_xtal0_deg=-0.4114, RotXYZ1_xtal0_deg=0.0193, RotXYZ2_xtal0_deg=-0.5887, G_xtal0=235870054317454016.0000, Nabc0=23.3858, Ndef0=13.5709, Nabc1=31.6282, Ndef1=17.1108, Nabc2=26.1283, Ndef2=-11.4827, ucell0=27.5360, ucell1=32.3249, ucell2=34.5915, ucell3=1.5618, ucell4=1.2423, ucell5=1.2120, 
DEBUG:diffBragg.main:Hop=0 |it=729 | t/it=0.0568sF=   1893683 sigZ=  20.58304 (Fracs of F: LogLike: 100.0%; ), |g|=  70488.22
DEBUG:diffBragg.main:RotXYZ0_xtal0_deg=-0.4116, RotXYZ1_xtal0_deg=0.0194, RotXYZ2_xtal0_deg=-0.5889, G_xtal0=235860502632395392.0000, Nabc0=23.3861, Ndef0=13.5719, Nabc1=31.6282, Ndef1=17.1083, Nabc2=26.1268, Ndef2=-11.4838, ucell0=27.5362, ucell1=32.3248, ucell2=34.5916, ucell3=1.5618, ucell4=1.2423, ucell5=1.2120, 
DEBUG:diffBragg.main:Hop=0 |it=730 | t/it=0.0568sF=   1893682 sigZ=  20.58313 (Fracs of F: LogLike: 100.0%; ), |g|=  98034.67
DEBUG:diffBragg.main:RotXYZ0_xtal0_deg=-0.4121, RotXYZ1_xtal0_deg=0.0195, RotXYZ2_xtal0_deg=-0.5895, G_xtal0=235834836474774528.0000, Nabc0=23.3885, Ndef0=13.5730, Nabc1=31.6278, Ndef1=17.1038, Nabc2=26.1232, Ndef2=-11.4859, ucell0=27.5364, ucell1=32.3247, ucell2=34.5919, ucell3=1.5618, ucell4=1.2423, ucell5=1.2120, 
DEBUG:diffBragg.main:Hop=0 |it=731 | t/it=0.0568sF=   1893680 sigZ=  20.58323 (Fracs of F: LogLike: 100.0%; ), |g|=  126154.3
DEBUG:diffBragg.main:RotXYZ0_xtal0_deg=-0.4122, RotXYZ1_xtal0_deg=0.0196, RotXYZ2_xtal0_deg=-0.5896, G_xtal0=235813130296413120.0000, Nabc0=23.3907, Ndef0=13.5771, Nabc1=31.6279, Ndef1=17.0975, Nabc2=26.1243, Ndef2=-11.4891, ucell0=27.5365, ucell1=32.3246, ucell2=34.5919, ucell3=1.5618, ucell4=1.2423, ucell5=1.2120, 
DEBUG:diffBragg.main:Hop=0 |it=732 | t/it=0.0568sF=   1893679 sigZ=  20.58334 (Fracs of F: LogLike: 100.0%; ), |g|=  140200.4
DEBUG:diffBragg.main:RotXYZ0_xtal0_deg=-0.4140, RotXYZ1_xtal0_deg=0.0201, RotXYZ2_xtal0_deg=-0.5921, G_xtal0=235672223815325472.0000, Nabc0=23.4072, Ndef0=13.5773, Nabc1=31.6246, Ndef1=17.0824, Nabc2=26.1081, Ndef2=-11.4997, ucell0=27.5377, ucell1=32.3240, ucell2=34.5933, ucell3=1.5618, ucell4=1.2422, ucell5=1.2121, 
DEBUG:diffBragg.main:Hop=0 |it=733 | t/it=0.0568sF=   1893676 sigZ=   20.5837 (Fracs of F: LogLike: 100.0%; ), |g|=  262810.5
DEBUG:diffBragg.main:RotXYZ0_xtal0_deg=-0.4128, RotXYZ1_xtal0_deg=0.0198, RotXYZ2_xtal0_deg=-0.5905, G_xtal0=235713326440334592.0000, Nabc0=23.4026, Ndef0=13.5854, Nabc1=31.6265, Ndef1=17.0801, Nabc2=26.1228, Ndef2=-11.4997, ucell0=27.5368, ucell1=32.3243, ucell2=34.5923, ucell3=1.5618, ucell4=1.2422, ucell5=1.2120, 
DEBUG:diffBragg.main:Hop=0 |it=734 | t/it=0.0568sF=   1893674 sigZ=  20.58357 (Fracs of F: LogLike: 100.0%; ), |g|=  92437.77
DEBUG:diffBragg.main:RotXYZ0_xtal0_deg=-0.4125, RotXYZ1_xtal0_deg=0.0197, RotXYZ2_xtal0_deg=-0.5900, G_xtal0=235715014445683232.0000, Nabc0=23.4024, Ndef0=13.5885, Nabc1=31.6268, Ndef1=17.0785, Nabc2=26.1278, Ndef2=-11.5007, ucell0=27.5365, ucell1=32.3244, ucell2=34.5920, ucell3=1.5618, ucell4=1.2423, ucell5=1.2120, 
DEBUG:diffBragg.main:Hop=0 |it=735 | t/it=0.0568sF=   1893673 sigZ=  20.58356 (Fracs of F: LogLike: 100.0%; ), |g|=  73772.72
DEBUG:diffBragg.main:RotXYZ0_xtal0_deg=-0.4125, RotXYZ1_xtal0_deg=0.0197, RotXYZ2_xtal0_deg=-0.5900, G_xtal0=235680330945033472.0000, Nabc0=23.4081, Ndef0=13.5913, Nabc1=31.6258, Ndef1=17.0753, Nabc2=26.1297, Ndef2=-11.5035, ucell0=27.5365, ucell1=32.3244, ucell2=34.5920, ucell3=1.5618, ucell4=1.2422, ucell5=1.2120, 
DEBUG:diffBragg.main:Hop=0 |it=736 | t/it=0.0568sF=   1893672 sigZ=  20.58359 (Fracs of F: LogLike: 100.0%; ), |g|=  98559.66
DEBUG:diffBragg.main:RotXYZ0_xtal0_deg=-0.4130, RotXYZ1_xtal0_deg=0.0198, RotXYZ2_xtal0_deg=-0.5907, G_xtal0=235642590703570432.0000, Nabc0=23.4113, Ndef0=13.5915, Nabc1=31.6250, Ndef1=17.0721, Nabc2=26.1260, Ndef2=-11.5054, ucell0=27.5367, ucell1=32.3242, ucell2=34.5924, ucell3=1.5618, ucell4=1.2422, ucell5=1.2120, 
DEBUG:diffBragg.main:Hop=0 |it=737 | t/it=0.0568sF=   1893671 sigZ=   20.5837 (Fracs of F: LogLike: 100.0%; ), |g|=  147175.5
DEBUG:diffBragg.main:RotXYZ0_xtal0_deg=-0.4131, RotXYZ1_xtal0_deg=0.0199, RotXYZ2_xtal0_deg=-0.5908, G_xtal0=235634785407253984.0000, Nabc0=23.4133, Ndef0=13.5904, Nabc1=31.6243, Ndef1=17.0732, Nabc2=26.1242, Ndef2=-11.5049, ucell0=27.5369, ucell1=32.3242, ucell2=34.5925, ucell3=1.5618, ucell4=1.2422, ucell5=1.2120, 
DEBUG:diffBragg.main:Hop=0 |it=738 | t/it=0.0568sF=   1893671 sigZ=  20.58367 (Fracs of F: LogLike: 100.0%; ), |g|=  53920.89
DEBUG:diffBragg.main:RotXYZ0_xtal0_deg=-0.4134, RotXYZ1_xtal0_deg=0.0199, RotXYZ2_xtal0_deg=-0.5911, G_xtal0=235614690284669376.0000, Nabc0=23.4173, Ndef0=13.5889, Nabc1=31.6231, Ndef1=17.0745, Nabc2=26.1213, Ndef2=-11.5047, ucell0=27.5371, ucell1=32.3242, ucell2=34.5928, ucell3=1.5618, ucell4=1.2422, ucell5=1.2121, 
DEBUG:diffBragg.main:Hop=0 |it=739 | t/it=0.0568sF=   1893670 sigZ=  20.58368 (Fracs of F: LogLike: 100.0%; ), |g|=  62049.47
DEBUG:diffBragg.main:RotXYZ0_xtal0_deg=-0.4139, RotXYZ1_xtal0_deg=0.0201, RotXYZ2_xtal0_deg=-0.5918, G_xtal0=235565647857771488.0000, Nabc0=23.4264, Ndef0=13.5861, Nabc1=31.6204, Ndef1=17.0767, Nabc2=26.1151, Ndef2=-11.5040, ucell0=27.5376, ucell1=32.3241, ucell2=34.5932, ucell3=1.5618, ucell4=1.2422, ucell5=1.2121, 
DEBUG:diffBragg.main:Hop=0 |it=740 | t/it=0.0568sF=   1893669 sigZ=  20.58369 (Fracs of F: LogLike: 100.0%; ), |g|=  132272.6
DEBUG:diffBragg.main:RotXYZ0_xtal0_deg=-0.4147, RotXYZ1_xtal0_deg=0.0203, RotXYZ2_xtal0_deg=-0.5928, G_xtal0=235486164069655008.0000, Nabc0=23.4411, Ndef0=13.5813, Nabc1=31.6158, Ndef1=17.0809, Nabc2=26.1056, Ndef2=-11.5020, ucell0=27.5384, ucell1=32.3240, ucell2=34.5940, ucell3=1.5618, ucell4=1.2422, ucell5=1.2121, 
DEBUG:diffBragg.main:Hop=0 |it=741 | t/it=0.0568sF=   1893667 sigZ=  20.58359 (Fracs of F: LogLike: 100.0%; ), |g|=    166003
DEBUG:diffBragg.main:RotXYZ0_xtal0_deg=-0.4155, RotXYZ1_xtal0_deg=0.0206, RotXYZ2_xtal0_deg=-0.5937, G_xtal0=235343379925754368.0000, Nabc0=23.4696, Ndef0=13.5816, Nabc1=31.6063, Ndef1=17.0939, Nabc2=26.0990, Ndef2=-11.4958, ucell0=27.5394, ucell1=32.3241, ucell2=34.5948, ucell3=1.5619, ucell4=1.2421, ucell5=1.2121, 
DEBUG:diffBragg.main:Hop=0 |it=742 | t/it=0.0568sF=   1893667 sigZ=  20.58412 (Fracs of F: LogLike: 100.0%; ), |g|=  450401.4
DEBUG:diffBragg.main:RotXYZ0_xtal0_deg=-0.4151, RotXYZ1_xtal0_deg=0.0204, RotXYZ2_xtal0_deg=-0.5932, G_xtal0=235416971342248352.0000, Nabc0=23.4549, Ndef0=13.5814, Nabc1=31.6112, Ndef1=17.0872, Nabc2=26.1024, Ndef2=-11.4990, ucell0=27.5389, ucell1=32.3240, ucell2=34.5944, ucell3=1.5619, ucell4=1.2421, ucell5=1.2121, 
DEBUG:diffBragg.main:Hop=0 |it=743 | t/it=0.0568sF=   1893666 sigZ=  20.58384 (Fracs of F: LogLike: 100.0%; ), |g|=  281063.3
DEBUG:diffBragg.main:RotXYZ0_xtal0_deg=-0.4161, RotXYZ1_xtal0_deg=0.0207, RotXYZ2_xtal0_deg=-0.5944, G_xtal0=235304816338266432.0000, Nabc0=23.4759, Ndef0=13.5774, Nabc1=31.6046, Ndef1=17.0933, Nabc2=26.0928, Ndef2=-11.4947, ucell0=27.5399, ucell1=32.3240, ucell2=34.5953, ucell3=1.5619, ucell4=1.2421, ucell5=1.2121, 
DEBUG:diffBragg.main:Hop=0 |it=744 | t/it=0.0568sF=   1893664 sigZ=  20.58363 (Fracs of F: LogLike: 100.0%; ), |g|=  163990.2
DEBUG:diffBragg.main:RotXYZ0_xtal0_deg=-0.4163, RotXYZ1_xtal0_deg=0.0208, RotXYZ2_xtal0_deg=-0.5946, G_xtal0=235242734200723584.0000, Nabc0=23.4874, Ndef0=13.5796, Nabc1=31.6005, Ndef1=17.0974, Nabc2=26.0928, Ndef2=-11.4899, ucell0=27.5402, ucell1=32.3240, ucell2=34.5955, ucell3=1.5619, ucell4=1.2421, ucell5=1.2122, 
DEBUG:diffBragg.main:Hop=0 |it=745 | t/it=0.0568sF=   1893662 sigZ=  20.58351 (Fracs of F: LogLike: 100.0%; ), |g|=  49183.84
DEBUG:diffBragg.main:RotXYZ0_xtal0_deg=-0.4160, RotXYZ1_xtal0_deg=0.0207, RotXYZ2_xtal0_deg=-0.5942, G_xtal0=235247920857629888.0000, Nabc0=23.4865, Ndef0=13.5838, Nabc1=31.6002, Ndef1=17.0993, Nabc2=26.0984, Ndef2=-11.4863, ucell0=27.5399, ucell1=32.3241, ucell2=34.5952, ucell3=1.5619, ucell4=1.2421, ucell5=1.2122, 
DEBUG:diffBragg.main:Hop=0 |it=746 | t/it=0.0568sF=   1893662 sigZ=  20.58348 (Fracs of F: LogLike: 100.0%; ), |g|=  104686.7
DEBUG:diffBragg.main:RotXYZ0_xtal0_deg=-0.4156, RotXYZ1_xtal0_deg=0.0206, RotXYZ2_xtal0_deg=-0.5938, G_xtal0=235270055737724320.0000, Nabc0=23.4817, Ndef0=13.5880, Nabc1=31.6009, Ndef1=17.1002, Nabc2=26.1041, Ndef2=-11.4833, ucell0=27.5396, ucell1=32.3242, ucell2=34.5949, ucell3=1.5619, ucell4=1.2421, ucell5=1.2121, 
DEBUG:diffBragg.main:Hop=0 |it=747 | t/it=0.0568sF=   1893661 sigZ=  20.58348 (Fracs of F: LogLike: 100.0%; ), |g|=  141523.5
DEBUG:diffBragg.main:RotXYZ0_xtal0_deg=-0.4153, RotXYZ1_xtal0_deg=0.0205, RotXYZ2_xtal0_deg=-0.5933, G_xtal0=235294672449699520.0000, Nabc0=23.4732, Ndef0=13.5964, Nabc1=31.6019, Ndef1=17.1002, Nabc2=26.1132, Ndef2=-11.4774, ucell0=27.5391, ucell1=32.3244, ucell2=34.5945, ucell3=1.5619, ucell4=1.2421, ucell5=1.2121, 
DEBUG:diffBragg.main:Hop=0 |it=748 | t/it=0.0568sF=   1893660 sigZ=  20.58346 (Fracs of F: LogLike: 100.0%; ), |g|=  168592.1
DEBUG:diffBragg.main:RotXYZ0_xtal0_deg=-0.4146, RotXYZ1_xtal0_deg=0.0203, RotXYZ2_xtal0_deg=-0.5926, G_xtal0=235354715185459872.0000, Nabc0=23.4521, Ndef0=13.6134, Nabc1=31.6044, Ndef1=17.1004, Nabc2=26.1324, Ndef2=-11.4657, ucell0=27.5380, ucell1=32.3246, ucell2=34.5937, ucell3=1.5618, ucell4=1.2422, ucell5=1.2121, 
DEBUG:diffBragg.main:Hop=0 |it=749 | t/it=0.0568sF=   1893659 sigZ=  20.58363 (Fracs of F: LogLike: 100.0%; ), |g|=  339937.8
DEBUG:diffBragg.main:RotXYZ0_xtal0_deg=-0.4149, RotXYZ1_xtal0_deg=0.0204, RotXYZ2_xtal0_deg=-0.5929, G_xtal0=235326337558289728.0000, Nabc0=23.4486, Ndef0=13.6230, Nabc1=31.6025, Ndef1=17.1009, Nabc2=26.1391, Ndef2=-11.4555, ucell0=27.5379, ucell1=32.3247, ucell2=34.5937, ucell3=1.5618, ucell4=1.2422, ucell5=1.2121, 
DEBUG:diffBragg.main:Added 0 pixels from 0 shoeboxes to the untrusted list (8700 / 8700 trusted pixels remain)
DEBUG:diffBragg.main:Hop=0 |it=750 | t/it=0.0568sF=   1893656 sigZ=  20.58338 (Fracs of F: LogLike: 100.0%; ), |g|=  187330.4
DEBUG:diffBragg.main:RotXYZ0_xtal0_deg=-0.4155, RotXYZ1_xtal0_deg=0.0206, RotXYZ2_xtal0_deg=-0.5938, G_xtal0=235293576194276928.0000, Nabc0=23.4467, Ndef0=13.6271, Nabc1=31.6011, Ndef1=17.0998, Nabc2=26.1392, Ndef2=-11.4507, ucell0=27.5381, ucell1=32.3246, ucell2=34.5940, ucell3=1.5618, ucell4=1.2422, ucell5=1.2121, 
DEBUG:diffBragg.main:Hop=0 |it=751 | t/it=0.0568sF=   1893654 sigZ=  20.58333 (Fracs of F: LogLike: 100.0%; ), |g|=  112920.1
DEBUG:diffBragg.main:RotXYZ0_xtal0_deg=-0.4165, RotXYZ1_xtal0_deg=0.0209, RotXYZ2_xtal0_deg=-0.5950, G_xtal0=235260425088154720.0000, Nabc0=23.4414, Ndef0=13.6302, Nabc1=31.6001, Ndef1=17.0969, Nabc2=26.1372, Ndef2=-11.4464, ucell0=27.5384, ucell1=32.3245, ucell2=34.5946, ucell3=1.5619, ucell4=1.2421, ucell5=1.2121, 
DEBUG:diffBragg.main:Hop=0 |it=752 | t/it=0.0568sF=   1893651 sigZ=  20.58333 (Fracs of F: LogLike: 100.0%; ), |g|=  152309.7
DEBUG:diffBragg.main:RotXYZ0_xtal0_deg=-0.4173, RotXYZ1_xtal0_deg=0.0211, RotXYZ2_xtal0_deg=-0.5962, G_xtal0=235235121995908128.0000, Nabc0=23.4365, Ndef0=13.6309, Nabc1=31.5996, Ndef1=17.0943, Nabc2=26.1339, Ndef2=-11.4441, ucell0=27.5387, ucell1=32.3243, ucell2=34.5951, ucell3=1.5619, ucell4=1.2421, ucell5=1.2121, 
DEBUG:diffBragg.main:Hop=0 |it=753 | t/it=0.0568sF=   1893649 sigZ=  20.58333 (Fracs of F: LogLike: 100.0%; ), |g|=  180366.1
DEBUG:diffBragg.main:RotXYZ0_xtal0_deg=-0.4194, RotXYZ1_xtal0_deg=0.0218, RotXYZ2_xtal0_deg=-0.5989, G_xtal0=235119417694783808.0000, Nabc0=23.4406, Ndef0=13.6307, Nabc1=31.5942, Ndef1=17.0953, Nabc2=26.1246, Ndef2=-11.4367, ucell0=27.5397, ucell1=32.3240, ucell2=34.5964, ucell3=1.5619, ucell4=1.2421, ucell5=1.2121, 
DEBUG:diffBragg.main:Hop=0 |it=754 | t/it=0.0568sF=   1893645 sigZ=  20.58335 (Fracs of F: LogLike: 100.0%; ), |g|=  209266.5
DEBUG:diffBragg.main:RotXYZ0_xtal0_deg=-0.4211, RotXYZ1_xtal0_deg=0.0223, RotXYZ2_xtal0_deg=-0.6013, G_xtal0=235089345742619584.0000, Nabc0=23.4272, Ndef0=13.6251, Nabc1=31.5945, Ndef1=17.0886, Nabc2=26.1164, Ndef2=-11.4336, ucell0=27.5403, ucell1=32.3235, ucell2=34.5974, ucell3=1.5619, ucell4=1.2420, ucell5=1.2122, 
DEBUG:diffBragg.main:Hop=0 |it=755 | t/it=0.0568sF=   1893643 sigZ=  20.58275 (Fracs of F: LogLike: 100.0%; ), |g|=  136282.2
DEBUG:diffBragg.main:RotXYZ0_xtal0_deg=-0.4206, RotXYZ1_xtal0_deg=0.0222, RotXYZ2_xtal0_deg=-0.6006, G_xtal0=235074288390712896.0000, Nabc0=23.4371, Ndef0=13.6263, Nabc1=31.5927, Ndef1=17.0933, Nabc2=26.1184, Ndef2=-11.4343, ucell0=27.5403, ucell1=32.3237, ucell2=34.5972, ucell3=1.5619, ucell4=1.2420, ucell5=1.2122, 
DEBUG:diffBragg.main:Hop=0 |it=756 | t/it=0.0568sF=   1893642 sigZ=  20.58302 (Fracs of F: LogLike: 100.0%; ), |g|=  52274.09
DEBUG:diffBragg.main:RotXYZ0_xtal0_deg=-0.4206, RotXYZ1_xtal0_deg=0.0222, RotXYZ2_xtal0_deg=-0.6005, G_xtal0=235059199932504128.0000, Nabc0=23.4409, Ndef0=13.6257, Nabc1=31.5917, Ndef1=17.0951, Nabc2=26.1185, Ndef2=-11.4344, ucell0=27.5403, ucell1=32.3237, ucell2=34.5972, ucell3=1.5619, ucell4=1.2420, ucell5=1.2122, 
DEBUG:diffBragg.main:Hop=0 |it=757 | t/it=0.0568sF=   1893642 sigZ=  20.58303 (Fracs of F: LogLike: 100.0%; ), |g|=  50035.43
DEBUG:diffBragg.main:RotXYZ0_xtal0_deg=-0.4208, RotXYZ1_xtal0_deg=0.0222, RotXYZ2_xtal0_deg=-0.6008, G_xtal0=235032548335535008.0000, Nabc0=23.4442, Ndef0=13.6219, Nabc1=31.5899, Ndef1=17.0981, Nabc2=26.1183, Ndef2=-11.4354, ucell0=27.5404, ucell1=32.3237, ucell2=34.5975, ucell3=1.5619, ucell4=1.2420, ucell5=1.2122, 
DEBUG:diffBragg.main:Hop=0 |it=758 | t/it=0.0568sF=   1893641 sigZ=  20.58307 (Fracs of F: LogLike: 100.0%; ), |g|=  99524.99
DEBUG:diffBragg.main:RotXYZ0_xtal0_deg=-0.4213, RotXYZ1_xtal0_deg=0.0224, RotXYZ2_xtal0_deg=-0.6015, G_xtal0=234990964757893024.0000, Nabc0=23.4459, Ndef0=13.6169, Nabc1=31.5874, Ndef1=17.1019, Nabc2=26.1197, Ndef2=-11.4359, ucell0=27.5406, ucell1=32.3237, ucell2=34.5978, ucell3=1.5619, ucell4=1.2420, ucell5=1.2122, 
DEBUG:diffBragg.main:Hop=0 |it=759 | t/it=0.0568sF=   1893639 sigZ=    20.583 (Fracs of F: LogLike: 100.0%; ), |g|=  148869.1
DEBUG:diffBragg.main:RotXYZ0_xtal0_deg=-0.4223, RotXYZ1_xtal0_deg=0.0227, RotXYZ2_xtal0_deg=-0.6028, G_xtal0=234937724277587200.0000, Nabc0=23.4457, Ndef0=13.6027, Nabc1=31.5844, Ndef1=17.1063, Nabc2=26.1185, Ndef2=-11.4415, ucell0=27.5410, ucell1=32.3235, ucell2=34.5985, ucell3=1.5619, ucell4=1.2420, ucell5=1.2122, 
DEBUG:diffBragg.main:Hop=0 |it=760 | t/it=0.0568sF=   1893636 sigZ=  20.58292 (Fracs of F: LogLike: 100.0%; ), |g|=  152310.2
DEBUG:diffBragg.main:RotXYZ0_xtal0_deg=-0.4243, RotXYZ1_xtal0_deg=0.0233, RotXYZ2_xtal0_deg=-0.6053, G_xtal0=234825721088205888.0000, Nabc0=23.4441, Ndef0=13.5791, Nabc1=31.5780, Ndef1=17.1150, Nabc2=26.1193, Ndef2=-11.4500, ucell0=27.5417, ucell1=32.3232, ucell2=34.5999, ucell3=1.5620, ucell4=1.2419, ucell5=1.2122, 
DEBUG:diffBragg.main:Hop=0 |it=761 | t/it=0.0568sF=   1893633 sigZ=  20.58286 (Fracs of F: LogLike: 100.0%; ), |g|=  339106.4
DEBUG:diffBragg.main:RotXYZ0_xtal0_deg=-0.4245, RotXYZ1_xtal0_deg=0.0234, RotXYZ2_xtal0_deg=-0.6056, G_xtal0=234788700750694304.0000, Nabc0=23.4503, Ndef0=13.5747, Nabc1=31.5756, Ndef1=17.1174, Nabc2=26.1189, Ndef2=-11.4515, ucell0=27.5419, ucell1=32.3232, ucell2=34.6001, ucell3=1.5620, ucell4=1.2419, ucell5=1.2122, 
DEBUG:diffBragg.main:Hop=0 |it=762 | t/it=0.0568sF=   1893629 sigZ=  20.58273 (Fracs of F: LogLike: 100.0%; ), |g|=    130577
DEBUG:diffBragg.main:RotXYZ0_xtal0_deg=-0.4247, RotXYZ1_xtal0_deg=0.0234, RotXYZ2_xtal0_deg=-0.6059, G_xtal0=234770744239675648.0000, Nabc0=23.4514, Ndef0=13.5712, Nabc1=31.5746, Ndef1=17.1178, Nabc2=26.1187, Ndef2=-11.4535, ucell0=27.5421, ucell1=32.3232, ucell2=34.6002, ucell3=1.5620, ucell4=1.2419, ucell5=1.2122, 
DEBUG:diffBragg.main:Hop=0 |it=763 | t/it=0.0568sF=   1893627 sigZ=  20.58273 (Fracs of F: LogLike: 100.0%; ), |g|=  101271.8
DEBUG:diffBragg.main:RotXYZ0_xtal0_deg=-0.4250, RotXYZ1_xtal0_deg=0.0235, RotXYZ2_xtal0_deg=-0.6062, G_xtal0=234723786364890144.0000, Nabc0=23.4569, Ndef0=13.5639, Nabc1=31.5713, Ndef1=17.1225, Nabc2=26.1220, Ndef2=-11.4570, ucell0=27.5423, ucell1=32.3232, ucell2=34.6004, ucell3=1.5620, ucell4=1.2419, ucell5=1.2122, 
DEBUG:diffBragg.main:Hop=0 |it=764 | t/it=0.0568sF=   1893625 sigZ=  20.58274 (Fracs of F: LogLike: 100.0%; ), |g|=    106688
DEBUG:diffBragg.main:RotXYZ0_xtal0_deg=-0.4259, RotXYZ1_xtal0_deg=0.0238, RotXYZ2_xtal0_deg=-0.6074, G_xtal0=234638860977812896.0000, Nabc0=23.4607, Ndef0=13.5562, Nabc1=31.5660, Ndef1=17.1287, Nabc2=26.1269, Ndef2=-11.4594, ucell0=27.5426, ucell1=32.3231, ucell2=34.6009, ucell3=1.5620, ucell4=1.2419, ucell5=1.2122, 
DEBUG:diffBragg.main:Hop=0 |it=765 | t/it=0.0568sF=   1893623 sigZ=  20.58293 (Fracs of F: LogLike: 100.0%; ), |g|=  122903.3
DEBUG:diffBragg.main:RotXYZ0_xtal0_deg=-0.4259, RotXYZ1_xtal0_deg=0.0238, RotXYZ2_xtal0_deg=-0.6073, G_xtal0=234602976048635456.0000, Nabc0=23.4665, Ndef0=13.5566, Nabc1=31.5632, Ndef1=17.1325, Nabc2=26.1309, Ndef2=-11.4583, ucell0=27.5426, ucell1=32.3232, ucell2=34.6009, ucell3=1.5620, ucell4=1.2419, ucell5=1.2122, 
DEBUG:diffBragg.main:Hop=0 |it=766 | t/it=0.0568sF=   1893623 sigZ=  20.58296 (Fracs of F: LogLike: 100.0%; ), |g|=  43199.09
DEBUG:diffBragg.main:RotXYZ0_xtal0_deg=-0.4259, RotXYZ1_xtal0_deg=0.0238, RotXYZ2_xtal0_deg=-0.6073, G_xtal0=234585931433766624.0000, Nabc0=23.4680, Ndef0=13.5591, Nabc1=31.5619, Ndef1=17.1339, Nabc2=26.1344, Ndef2=-11.4557, ucell0=27.5426, ucell1=32.3233, ucell2=34.6009, ucell3=1.5620, ucell4=1.2419, ucell5=1.2122, 
DEBUG:diffBragg.main:Hop=0 |it=767 | t/it=0.0568sF=   1893622 sigZ=  20.58289 (Fracs of F: LogLike: 100.0%; ), |g|=  67365.57
DEBUG:diffBragg.main:RotXYZ0_xtal0_deg=-0.4260, RotXYZ1_xtal0_deg=0.0238, RotXYZ2_xtal0_deg=-0.6074, G_xtal0=234547189268401376.0000, Nabc0=23.4695, Ndef0=13.5648, Nabc1=31.5591, Ndef1=17.1368, Nabc2=26.1416, Ndef2=-11.4510, ucell0=27.5425, ucell1=32.3234, ucell2=34.6009, ucell3=1.5620, ucell4=1.2419, ucell5=1.2122, 
DEBUG:diffBragg.main:Hop=0 |it=768 | t/it=0.0568sF=   1893622 sigZ=  20.58301 (Fracs of F: LogLike: 100.0%; ), |g|=   81844.7
DEBUG:diffBragg.main:RotXYZ0_xtal0_deg=-0.4267, RotXYZ1_xtal0_deg=0.0241, RotXYZ2_xtal0_deg=-0.6084, G_xtal0=234494544037595136.0000, Nabc0=23.4656, Ndef0=13.5662, Nabc1=31.5560, Ndef1=17.1381, Nabc2=26.1487, Ndef2=-11.4469, ucell0=27.5425, ucell1=32.3233, ucell2=34.6012, ucell3=1.5620, ucell4=1.2419, ucell5=1.2122, 
DEBUG:diffBragg.main:Hop=0 |it=769 | t/it=0.0568sF=   1893621 sigZ=  20.58288 (Fracs of F: LogLike: 100.0%; ), |g|=  113481.9
DEBUG:diffBragg.main:RotXYZ0_xtal0_deg=-0.4271, RotXYZ1_xtal0_deg=0.0242, RotXYZ2_xtal0_deg=-0.6089, G_xtal0=234484324846088864.0000, Nabc0=23.4595, Ndef0=13.5699, Nabc1=31.5556, Ndef1=17.1361, Nabc2=26.1520, Ndef2=-11.4444, ucell0=27.5424, ucell1=32.3233, ucell2=34.6013, ucell3=1.5620, ucell4=1.2419, ucell5=1.2122, 
DEBUG:diffBragg.main:Hop=0 |it=770 | t/it=0.0568sF=   1893620 sigZ=  20.58292 (Fracs of F: LogLike: 100.0%; ), |g|=  71853.41
DEBUG:diffBragg.main:RotXYZ0_xtal0_deg=-0.4275, RotXYZ1_xtal0_deg=0.0243, RotXYZ2_xtal0_deg=-0.6094, G_xtal0=234491058828666624.0000, Nabc0=23.4501, Ndef0=13.5751, Nabc1=31.5565, Ndef1=17.1316, Nabc2=26.1545, Ndef2=-11.4418, ucell0=27.5423, ucell1=32.3232, ucell2=34.6014, ucell3=1.5620, ucell4=1.2419, ucell5=1.2122, 
DEBUG:diffBragg.main:Hop=0 |it=771 | t/it=0.0568sF=   1893619 sigZ=  20.58295 (Fracs of F: LogLike: 100.0%; ), |g|=  30328.63
DEBUG:diffBragg.main:RotXYZ0_xtal0_deg=-0.4275, RotXYZ1_xtal0_deg=0.0243, RotXYZ2_xtal0_deg=-0.6094, G_xtal0=234500549512755168.0000, Nabc0=23.4472, Ndef0=13.5764, Nabc1=31.5572, Ndef1=17.1299, Nabc2=26.1551, Ndef2=-11.4418, ucell0=27.5422, ucell1=32.3232, ucell2=34.6013, ucell3=1.5620, ucell4=1.2419, ucell5=1.2122, 
DEBUG:diffBragg.main:Hop=0 |it=772 | t/it=0.0568sF=   1893619 sigZ=  20.58295 (Fracs of F: LogLike: 100.0%; ), |g|=  33569.37
DEBUG:diffBragg.main:RotXYZ0_xtal0_deg=-0.4273, RotXYZ1_xtal0_deg=0.0243, RotXYZ2_xtal0_deg=-0.6092, G_xtal0=234541636992964512.0000, Nabc0=23.4366, Ndef0=13.5810, Nabc1=31.5597, Ndef1=17.1232, Nabc2=26.1594, Ndef2=-11.4436, ucell0=27.5418, ucell1=32.3232, ucell2=34.6010, ucell3=1.5620, ucell4=1.2419, ucell5=1.2122, 
DEBUG:diffBragg.main:Hop=0 |it=773 | t/it=0.0568sF=   1893618 sigZ=    20.583 (Fracs of F: LogLike: 100.0%; ), |g|=   75769.4
DEBUG:diffBragg.main:RotXYZ0_xtal0_deg=-0.4267, RotXYZ1_xtal0_deg=0.0241, RotXYZ2_xtal0_deg=-0.6085, G_xtal0=234597390490310464.0000, Nabc0=23.4250, Ndef0=13.5858, Nabc1=31.5627, Ndef1=17.1156, Nabc2=26.1672, Ndef2=-11.4481, ucell0=27.5412, ucell1=32.3232, ucell2=34.6004, ucell3=1.5620, ucell4=1.2419, ucell5=1.2122, 
DEBUG:diffBragg.main:Hop=0 |it=774 | t/it=0.0568sF=   1893616 sigZ=  20.58311 (Fracs of F: LogLike: 100.0%; ), |g|=  122490.9
DEBUG:diffBragg.main:RotXYZ0_xtal0_deg=-0.4255, RotXYZ1_xtal0_deg=0.0237, RotXYZ2_xtal0_deg=-0.6069, G_xtal0=234684888426677408.0000, Nabc0=23.4090, Ndef0=13.5922, Nabc1=31.5667, Ndef1=17.1037, Nabc2=26.1835, Ndef2=-11.4587, ucell0=27.5400, ucell1=32.3234, ucell2=34.5993, ucell3=1.5620, ucell4=1.2420, ucell5=1.2121, 
DEBUG:diffBragg.main:Hop=0 |it=775 | t/it=0.0568sF=   1893615 sigZ=   20.5833 (Fracs of F: LogLike: 100.0%; ), |g|=  115124.7
DEBUG:diffBragg.main:RotXYZ0_xtal0_deg=-0.4227, RotXYZ1_xtal0_deg=0.0229, RotXYZ2_xtal0_deg=-0.6032, G_xtal0=234803546877663040.0000, Nabc0=23.4032, Ndef0=13.5958, Nabc1=31.5703, Ndef1=17.0964, Nabc2=26.2081, Ndef2=-11.4774, ucell0=27.5381, ucell1=32.3238, ucell2=34.5971, ucell3=1.5619, ucell4=1.2421, ucell5=1.2121, 
DEBUG:diffBragg.main:Hop=0 |it=776 | t/it=0.0568sF=   1893618 sigZ=  20.58366 (Fracs of F: LogLike: 100.0%; ), |g|=  403147.9
DEBUG:diffBragg.main:RotXYZ0_xtal0_deg=-0.4248, RotXYZ1_xtal0_deg=0.0235, RotXYZ2_xtal0_deg=-0.6060, G_xtal0=234715036550436320.0000, Nabc0=23.4076, Ndef0=13.5931, Nabc1=31.5677, Ndef1=17.1018, Nabc2=26.1897, Ndef2=-11.4635, ucell0=27.5395, ucell1=32.3235, ucell2=34.5987, ucell3=1.5620, ucell4=1.2420, ucell5=1.2121, 
DEBUG:diffBragg.main:Hop=0 |it=777 | t/it=0.0568sF=   1893614 sigZ=  20.58339 (Fracs of F: LogLike: 100.0%; ), |g|=  155843.4
DEBUG:diffBragg.main:RotXYZ0_xtal0_deg=-0.4239, RotXYZ1_xtal0_deg=0.0233, RotXYZ2_xtal0_deg=-0.6048, G_xtal0=234747447004844640.0000, Nabc0=23.4042, Ndef0=13.5935, Nabc1=31.5682, Ndef1=17.0994, Nabc2=26.2016, Ndef2=-11.4721, ucell0=27.5387, ucell1=32.3236, ucell2=34.5979, ucell3=1.5619, ucell4=1.2420, ucell5=1.2121, 
DEBUG:diffBragg.main:Hop=0 |it=778 | t/it=0.0568sF=   1893613 sigZ=  20.58365 (Fracs of F: LogLike: 100.0%; ), |g|=  53703.69
DEBUG:diffBragg.main:RotXYZ0_xtal0_deg=-0.4236, RotXYZ1_xtal0_deg=0.0232, RotXYZ2_xtal0_deg=-0.6043, G_xtal0=234723341879178848.0000, Nabc0=23.4127, Ndef0=13.5884, Nabc1=31.5658, Ndef1=17.1040, Nabc2=26.2046, Ndef2=-11.4757, ucell0=27.5387, ucell1=32.3238, ucell2=34.5979, ucell3=1.5619, ucell4=1.2420, ucell5=1.2121, 
DEBUG:diffBragg.main:Hop=0 |it=779 | t/it=0.0568sF=   1893613 sigZ=  20.58361 (Fracs of F: LogLike: 100.0%; ), |g|=  43633.59
DEBUG:diffBragg.main:RotXYZ0_xtal0_deg=-0.4239, RotXYZ1_xtal0_deg=0.0233, RotXYZ2_xtal0_deg=-0.6047, G_xtal0=234689855930313504.0000, Nabc0=23.4168, Ndef0=13.5858, Nabc1=31.5637, Ndef1=17.1079, Nabc2=26.2035, Ndef2=-11.4748, ucell0=27.5389, ucell1=32.3238, ucell2=34.5981, ucell3=1.5619, ucell4=1.2420, ucell5=1.2121, 
DEBUG:diffBragg.main:Hop=0 |it=780 | t/it=0.0568sF=   1893613 sigZ=  20.58369 (Fracs of F: LogLike: 100.0%; ), |g|=  41502.09
DEBUG:diffBragg.main:RotXYZ0_xtal0_deg=-0.4241, RotXYZ1_xtal0_deg=0.0233, RotXYZ2_xtal0_deg=-0.6050, G_xtal0=234676963928353280.0000, Nabc0=23.4164, Ndef0=13.5855, Nabc1=31.5630, Ndef1=17.1084, Nabc2=26.2039, Ndef2=-11.4736, ucell0=27.5390, ucell1=32.3238, ucell2=34.5982, ucell3=1.5619, ucell4=1.2420, ucell5=1.2121, 
DEBUG:diffBragg.main:Hop=0 |it=781 | t/it=0.0568sF=   1893613 sigZ=  20.58363 (Fracs of F: LogLike: 100.0%; ), |g|=  37581.14
DEBUG:diffBragg.main:RotXYZ0_xtal0_deg=-0.4244, RotXYZ1_xtal0_deg=0.0234, RotXYZ2_xtal0_deg=-0.6054, G_xtal0=234656814056919488.0000, Nabc0=23.4140, Ndef0=13.5856, Nabc1=31.5618, Ndef1=17.1088, Nabc2=26.2061, Ndef2=-11.4721, ucell0=27.5390, ucell1=32.3237, ucell2=34.5984, ucell3=1.5619, ucell4=1.2420, ucell5=1.2121, 
DEBUG:diffBragg.main:Hop=0 |it=782 | t/it=0.0568sF=   1893612 sigZ=  20.58359 (Fracs of F: LogLike: 100.0%; ), |g|=  35823.58
DEBUG:diffBragg.main:RotXYZ0_xtal0_deg=-0.4249, RotXYZ1_xtal0_deg=0.0236, RotXYZ2_xtal0_deg=-0.6061, G_xtal0=234621680145868640.0000, Nabc0=23.4098, Ndef0=13.5854, Nabc1=31.5593, Ndef1=17.1100, Nabc2=26.2105, Ndef2=-11.4699, ucell0=27.5390, ucell1=32.3237, ucell2=34.5986, ucell3=1.5620, ucell4=1.2420, ucell5=1.2121, 
DEBUG:diffBragg.main:Hop=0 |it=783 | t/it=0.0568sF=   1893612 sigZ=  20.58354 (Fracs of F: LogLike: 100.0%; ), |g|=  42167.43
DEBUG:diffBragg.main:RotXYZ0_xtal0_deg=-0.4250, RotXYZ1_xtal0_deg=0.0237, RotXYZ2_xtal0_deg=-0.6063, G_xtal0=234611853715479840.0000, Nabc0=23.3988, Ndef0=13.5875, Nabc1=31.5578, Ndef1=17.1068, Nabc2=26.2219, Ndef2=-11.4717, ucell0=27.5385, ucell1=32.3238, ucell2=34.5984, ucell3=1.5619, ucell4=1.2420, ucell5=1.2121, 
DEBUG:diffBragg.main:Hop=0 |it=784 | t/it=0.0568sF=   1893611 sigZ=  20.58363 (Fracs of F: LogLike: 100.0%; ), |g|=  77326.92
DEBUG:diffBragg.main:RotXYZ0_xtal0_deg=-0.4251, RotXYZ1_xtal0_deg=0.0237, RotXYZ2_xtal0_deg=-0.6063, G_xtal0=234605660998687584.0000, Nabc0=23.3999, Ndef0=13.5865, Nabc1=31.5573, Ndef1=17.1081, Nabc2=26.2206, Ndef2=-11.4712, ucell0=27.5385, ucell1=32.3238, ucell2=34.5985, ucell3=1.5619, ucell4=1.2420, ucell5=1.2121, 
DEBUG:diffBragg.main:Hop=0 |it=785 | t/it=0.0568sF=   1893611 sigZ=  20.58362 (Fracs of F: LogLike: 100.0%; ), |g|=  40390.74
DEBUG:diffBragg.main:RotXYZ0_xtal0_deg=-0.4251, RotXYZ1_xtal0_deg=0.0237, RotXYZ2_xtal0_deg=-0.6062, G_xtal0=234598994902075136.0000, Nabc0=23.4010, Ndef0=13.5836, Nabc1=31.5562, Ndef1=17.1102, Nabc2=26.2187, Ndef2=-11.4715, ucell0=27.5385, ucell1=32.3238, ucell2=34.5984, ucell3=1.5620, ucell4=1.2420, ucell5=1.2121, 
DEBUG:diffBragg.main:Hop=0 |it=786 | t/it=0.0568sF=   1893610 sigZ=  20.58363 (Fracs of F: LogLike: 100.0%; ), |g|=  79232.23
DEBUG:diffBragg.main:RotXYZ0_xtal0_deg=-0.4249, RotXYZ1_xtal0_deg=0.0236, RotXYZ2_xtal0_deg=-0.6060, G_xtal0=234590917233468864.0000, Nabc0=23.3999, Ndef0=13.5788, Nabc1=31.5543, Ndef1=17.1123, Nabc2=26.2177, Ndef2=-11.4731, ucell0=27.5383, ucell1=32.3239, ucell2=34.5983, ucell3=1.5620, ucell4=1.2420, ucell5=1.2121, 
DEBUG:diffBragg.main:Hop=0 |it=787 | t/it=0.0568sF=   1893608 sigZ=  20.58362 (Fracs of F: LogLike: 100.0%; ), |g|=  147358.1
DEBUG:diffBragg.main:RotXYZ0_xtal0_deg=-0.4248, RotXYZ1_xtal0_deg=0.0236, RotXYZ2_xtal0_deg=-0.6058, G_xtal0=234574895134215872.0000, Nabc0=23.3940, Ndef0=13.5705, Nabc1=31.5506, Ndef1=17.1142, Nabc2=26.2173, Ndef2=-11.4756, ucell0=27.5379, ucell1=32.3240, ucell2=34.5980, ucell3=1.5619, ucell4=1.2421, ucell5=1.2121, 
DEBUG:diffBragg.main:Hop=0 |it=788 | t/it=0.0568sF=   1893606 sigZ=  20.58354 (Fracs of F: LogLike: 100.0%; ), |g|=  195540.8
DEBUG:diffBragg.main:RotXYZ0_xtal0_deg=-0.4245, RotXYZ1_xtal0_deg=0.0236, RotXYZ2_xtal0_deg=-0.6052, G_xtal0=234542870900840480.0000, Nabc0=23.3979, Ndef0=13.5532, Nabc1=31.5447, Ndef1=17.1235, Nabc2=26.2041, Ndef2=-11.4767, ucell0=27.5377, ucell1=32.3242, ucell2=34.5979, ucell3=1.5620, ucell4=1.2421, ucell5=1.2121, 
DEBUG:diffBragg.main:Hop=0 |it=789 | t/it=0.0568sF=   1893604 sigZ=  20.58327 (Fracs of F: LogLike: 100.0%; ), |g|=  279616.4
DEBUG:diffBragg.main:RotXYZ0_xtal0_deg=-0.4243, RotXYZ1_xtal0_deg=0.0235, RotXYZ2_xtal0_deg=-0.6049, G_xtal0=234552602131964096.0000, Nabc0=23.3781, Ndef0=13.5516, Nabc1=31.5425, Ndef1=17.1169, Nabc2=26.2146, Ndef2=-11.4807, ucell0=27.5367, ucell1=32.3244, ucell2=34.5973, ucell3=1.5619, ucell4=1.2421, ucell5=1.2120, 
DEBUG:diffBragg.main:Hop=0 |it=790 | t/it=0.0568sF=   1893601 sigZ=  20.58315 (Fracs of F: LogLike: 100.0%; ), |g|=  132542.8
DEBUG:diffBragg.main:RotXYZ0_xtal0_deg=-0.4241, RotXYZ1_xtal0_deg=0.0235, RotXYZ2_xtal0_deg=-0.6048, G_xtal0=234562813898670400.0000, Nabc0=23.3710, Ndef0=13.5517, Nabc1=31.5423, Ndef1=17.1137, Nabc2=26.2162, Ndef2=-11.4815, ucell0=27.5363, ucell1=32.3245, ucell2=34.5971, ucell3=1.5619, ucell4=1.2421, ucell5=1.2120, 
DEBUG:diffBragg.main:Hop=0 |it=791 | t/it=0.0568sF=   1893599 sigZ=  20.58306 (Fracs of F: LogLike: 100.0%; ), |g|=  89286.77
DEBUG:diffBragg.main:RotXYZ0_xtal0_deg=-0.4241, RotXYZ1_xtal0_deg=0.0235, RotXYZ2_xtal0_deg=-0.6047, G_xtal0=234556729322497920.0000, Nabc0=23.3657, Ndef0=13.5489, Nabc1=31.5405, Ndef1=17.1132, Nabc2=26.2139, Ndef2=-11.4807, ucell0=27.5361, ucell1=32.3246, ucell2=34.5970, ucell3=1.5619, ucell4=1.2421, ucell5=1.2120, 
DEBUG:diffBragg.main:Hop=0 |it=792 | t/it=0.0568sF=   1893597 sigZ=  20.58288 (Fracs of F: LogLike: 100.0%; ), |g|=  134115.7
DEBUG:diffBragg.main:RotXYZ0_xtal0_deg=-0.4240, RotXYZ1_xtal0_deg=0.0235, RotXYZ2_xtal0_deg=-0.6046, G_xtal0=234558374300295712.0000, Nabc0=23.3620, Ndef0=13.5476, Nabc1=31.5395, Ndef1=17.1126, Nabc2=26.2121, Ndef2=-11.4806, ucell0=27.5358, ucell1=32.3247, ucell2=34.5969, ucell3=1.5619, ucell4=1.2421, ucell5=1.2120, 
DEBUG:diffBragg.main:Hop=0 |it=793 | t/it=0.0568sF=   1893595 sigZ=  20.58281 (Fracs of F: LogLike: 100.0%; ), |g|=  144985.5
DEBUG:diffBragg.main:RotXYZ0_xtal0_deg=-0.4238, RotXYZ1_xtal0_deg=0.0235, RotXYZ2_xtal0_deg=-0.6042, G_xtal0=234559700477477696.0000, Nabc0=23.3559, Ndef0=13.5444, Nabc1=31.5377, Ndef1=17.1119, Nabc2=26.2093, Ndef2=-11.4801, ucell0=27.5353, ucell1=32.3248, ucell2=34.5967, ucell3=1.5619, ucell4=1.2421, ucell5=1.2120, 
DEBUG:diffBragg.main:Hop=0 |it=794 | t/it=0.0568sF=   1893594 sigZ=  20.58258 (Fracs of F: LogLike: 100.0%; ), |g|=  138436.3
DEBUG:diffBragg.main:RotXYZ0_xtal0_deg=-0.4236, RotXYZ1_xtal0_deg=0.0234, RotXYZ2_xtal0_deg=-0.6040, G_xtal0=234568933457803360.0000, Nabc0=23.3460, Ndef0=13.5472, Nabc1=31.5370, Ndef1=17.1084, Nabc2=26.2140, Ndef2=-11.4822, ucell0=27.5347, ucell1=32.3249, ucell2=34.5964, ucell3=1.5619, ucell4=1.2422, ucell5=1.2120, 
DEBUG:diffBragg.main:Hop=0 |it=795 | t/it=0.0568sF=   1893593 sigZ=  20.58287 (Fracs of F: LogLike: 100.0%; ), |g|=    134277
DEBUG:diffBragg.main:RotXYZ0_xtal0_deg=-0.4235, RotXYZ1_xtal0_deg=0.0234, RotXYZ2_xtal0_deg=-0.6039, G_xtal0=234571253399877504.0000, Nabc0=23.3445, Ndef0=13.5474, Nabc1=31.5370, Ndef1=17.1073, Nabc2=26.2154, Ndef2=-11.4824, ucell0=27.5346, ucell1=32.3249, ucell2=34.5963, ucell3=1.5619, ucell4=1.2422, ucell5=1.2120, 
DEBUG:diffBragg.main:Hop=0 |it=796 | t/it=0.0568sF=   1893593 sigZ=  20.58276 (Fracs of F: LogLike: 100.0%; ), |g|=  72545.92
DEBUG:diffBragg.main:RotXYZ0_xtal0_deg=-0.4235, RotXYZ1_xtal0_deg=0.0234, RotXYZ2_xtal0_deg=-0.6038, G_xtal0=234576275725890720.0000, Nabc0=23.3413, Ndef0=13.5488, Nabc1=31.5372, Ndef1=17.1050, Nabc2=26.2174, Ndef2=-11.4828, ucell0=27.5344, ucell1=32.3249, ucell2=34.5961, ucell3=1.5619, ucell4=1.2422, ucell5=1.2120, 
DEBUG:diffBragg.main:Hop=0 |it=797 | t/it=0.0568sF=   1893592 sigZ=  20.58272 (Fracs of F: LogLike: 100.0%; ), |g|=  73459.97
DEBUG:diffBragg.main:RotXYZ0_xtal0_deg=-0.4233, RotXYZ1_xtal0_deg=0.0234, RotXYZ2_xtal0_deg=-0.6036, G_xtal0=234585378564516160.0000, Nabc0=23.3367, Ndef0=13.5518, Nabc1=31.5377, Ndef1=17.1006, Nabc2=26.2192, Ndef2=-11.4834, ucell0=27.5342, ucell1=32.3249, ucell2=34.5959, ucell3=1.5619, ucell4=1.2422, ucell5=1.2119, 
DEBUG:diffBragg.main:Hop=0 |it=798 | t/it=0.0568sF=   1893591 sigZ=  20.58268 (Fracs of F: LogLike: 100.0%; ), |g|=  106204.3
DEBUG:diffBragg.main:RotXYZ0_xtal0_deg=-0.4229, RotXYZ1_xtal0_deg=0.0233, RotXYZ2_xtal0_deg=-0.6030, G_xtal0=234603771348760224.0000, Nabc0=23.3290, Ndef0=13.5575, Nabc1=31.5387, Ndef1=17.0909, Nabc2=26.2173, Ndef2=-11.4845, ucell0=27.5336, ucell1=32.3250, ucell2=34.5954, ucell3=1.5619, ucell4=1.2422, ucell5=1.2119, 
DEBUG:diffBragg.main:Hop=0 |it=799 | t/it=0.0568sF=   1893589 sigZ=  20.58261 (Fracs of F: LogLike: 100.0%; ), |g|=  160742.9
DEBUG:diffBragg.main:RotXYZ0_xtal0_deg=-0.4222, RotXYZ1_xtal0_deg=0.0231, RotXYZ2_xtal0_deg=-0.6020, G_xtal0=234630303747388064.0000, Nabc0=23.3295, Ndef0=13.5700, Nabc1=31.5421, Ndef1=17.0751, Nabc2=26.2033, Ndef2=-11.4832, ucell0=27.5332, ucell1=32.3250, ucell2=34.5948, ucell3=1.5619, ucell4=1.2422, ucell5=1.2119, 
DEBUG:diffBragg.main:Added 0 pixels from 0 shoeboxes to the untrusted list (8700 / 8700 trusted pixels remain)
DEBUG:diffBragg.main:Hop=0 |it=800 | t/it=0.0568sF=   1893586 sigZ=   20.5824 (Fracs of F: LogLike: 100.0%; ), |g|=  229917.2
DEBUG:diffBragg.main:RotXYZ0_xtal0_deg=-0.4216, RotXYZ1_xtal0_deg=0.0229, RotXYZ2_xtal0_deg=-0.6011, G_xtal0=234648432840629664.0000, Nabc0=23.3418, Ndef0=13.5827, Nabc1=31.5470, Ndef1=17.0625, Nabc2=26.1790, Ndef2=-11.4816, ucell0=27.5334, ucell1=32.3250, ucell2=34.5946, ucell3=1.5619, ucell4=1.2422, ucell5=1.2119, 
DEBUG:diffBragg.main:Hop=0 |it=801 | t/it=0.0568sF=   1893585 sigZ=  20.58264 (Fracs of F: LogLike: 100.0%; ), |g|=  312091.7
DEBUG:diffBragg.main:RotXYZ0_xtal0_deg=-0.4216, RotXYZ1_xtal0_deg=0.0229, RotXYZ2_xtal0_deg=-0.6010, G_xtal0=234645288362523232.0000, Nabc0=23.3456, Ndef0=13.5829, Nabc1=31.5470, Ndef1=17.0632, Nabc2=26.1744, Ndef2=-11.4799, ucell0=27.5335, ucell1=32.3250, ucell2=34.5947, ucell3=1.5619, ucell4=1.2422, ucell5=1.2119, 
DEBUG:diffBragg.main:Hop=0 |it=802 | t/it=0.0568sF=   1893583 sigZ=  20.58254 (Fracs of F: LogLike: 100.0%; ), |g|=   80225.9
DEBUG:diffBragg.main:RotXYZ0_xtal0_deg=-0.4216, RotXYZ1_xtal0_deg=0.0229, RotXYZ2_xtal0_deg=-0.6012, G_xtal0=234639854241873184.0000, Nabc0=23.3478, Ndef0=13.5812, Nabc1=31.5467, Ndef1=17.0658, Nabc2=26.1738, Ndef2=-11.4796, ucell0=27.5337, ucell1=32.3250, ucell2=34.5948, ucell3=1.5619, ucell4=1.2422, ucell5=1.2119, 
DEBUG:diffBragg.main:Hop=0 |it=803 | t/it=0.0568sF=   1893582 sigZ=  20.58256 (Fracs of F: LogLike: 100.0%; ), |g|=  27909.28
DEBUG:diffBragg.main:RotXYZ0_xtal0_deg=-0.4217, RotXYZ1_xtal0_deg=0.0229, RotXYZ2_xtal0_deg=-0.6012, G_xtal0=234638604698171008.0000, Nabc0=23.3485, Ndef0=13.5809, Nabc1=31.5467, Ndef1=17.0661, Nabc2=26.1730, Ndef2=-11.4796, ucell0=27.5337, ucell1=32.3250, ucell2=34.5948, ucell3=1.5619, ucell4=1.2422, ucell5=1.2119, 
DEBUG:diffBragg.main:Hop=0 |it=804 | t/it=0.0568sF=   1893582 sigZ=  20.58256 (Fracs of F: LogLike: 100.0%; ), |g|=  15087.97
DEBUG:diffBragg.main:RotXYZ0_xtal0_deg=-0.4216, RotXYZ1_xtal0_deg=0.0229, RotXYZ2_xtal0_deg=-0.6011, G_xtal0=234638335096093024.0000, Nabc0=23.3481, Ndef0=13.5807, Nabc1=31.5468, Ndef1=17.0660, Nabc2=26.1730, Ndef2=-11.4798, ucell0=27.5337, ucell1=32.3250, ucell2=34.5948, ucell3=1.5619, ucell4=1.2422, ucell5=1.2119, 
DEBUG:diffBragg.main:Hop=0 |it=805 | t/it=0.0568sF=   1893582 sigZ=  20.58257 (Fracs of F: LogLike: 100.0%; ), |g|=  20003.81
DEBUG:diffBragg.main:RotXYZ0_xtal0_deg=-0.4216, RotXYZ1_xtal0_deg=0.0229, RotXYZ2_xtal0_deg=-0.6011, G_xtal0=234638374774147456.0000, Nabc0=23.3455, Ndef0=13.5803, Nabc1=31.5472, Ndef1=17.0653, Nabc2=26.1738, Ndef2=-11.4807, ucell0=27.5336, ucell1=32.3250, ucell2=34.5948, ucell3=1.5619, ucell4=1.2422, ucell5=1.2119, 
DEBUG:diffBragg.main:Hop=0 |it=806 | t/it=0.0568sF=   1893582 sigZ=  20.58258 (Fracs of F: LogLike: 100.0%; ), |g|=  43114.36
DEBUG:diffBragg.main:RotXYZ0_xtal0_deg=-0.4215, RotXYZ1_xtal0_deg=0.0229, RotXYZ2_xtal0_deg=-0.6010, G_xtal0=234638788117985504.0000, Nabc0=23.3413, Ndef0=13.5798, Nabc1=31.5481, Ndef1=17.0639, Nabc2=26.1751, Ndef2=-11.4821, ucell0=27.5333, ucell1=32.3250, ucell2=34.5946, ucell3=1.5619, ucell4=1.2422, ucell5=1.2119, 
DEBUG:diffBragg.main:Hop=0 |it=807 | t/it=0.0568sF=   1893582 sigZ=  20.58259 (Fracs of F: LogLike: 100.0%; ), |g|=  62204.44
DEBUG:diffBragg.main:RotXYZ0_xtal0_deg=-0.4214, RotXYZ1_xtal0_deg=0.0229, RotXYZ2_xtal0_deg=-0.6007, G_xtal0=234637486393253088.0000, Nabc0=23.3342, Ndef0=13.5785, Nabc1=31.5506, Ndef1=17.0619, Nabc2=26.1760, Ndef2=-11.4848, ucell0=27.5329, ucell1=32.3251, ucell2=34.5944, ucell3=1.5619, ucell4=1.2422, ucell5=1.2119, 
DEBUG:diffBragg.main:Hop=0 |it=808 | t/it=0.0568sF=   1893581 sigZ=  20.58265 (Fracs of F: LogLike: 100.0%; ), |g|=  88790.07
DEBUG:diffBragg.main:RotXYZ0_xtal0_deg=-0.4211, RotXYZ1_xtal0_deg=0.0228, RotXYZ2_xtal0_deg=-0.6003, G_xtal0=234625274387046688.0000, Nabc0=23.3236, Ndef0=13.5725, Nabc1=31.5575, Ndef1=17.0597, Nabc2=26.1758, Ndef2=-11.4891, ucell0=27.5322, ucell1=32.3252, ucell2=34.5940, ucell3=1.5619, ucell4=1.2423, ucell5=1.2119, 
DEBUG:diffBragg.main:Hop=0 |it=809 | t/it=0.0568sF=   1893581 sigZ=  20.58233 (Fracs of F: LogLike: 100.0%; ), |g|=  187217.7
DEBUG:diffBragg.main:RotXYZ0_xtal0_deg=-0.4211, RotXYZ1_xtal0_deg=0.0228, RotXYZ2_xtal0_deg=-0.6002, G_xtal0=234626408054988864.0000, Nabc0=23.3238, Ndef0=13.5740, Nabc1=31.5582, Ndef1=17.0596, Nabc2=26.1748, Ndef2=-11.4898, ucell0=27.5322, ucell1=32.3251, ucell2=34.5940, ucell3=1.5619, ucell4=1.2423, ucell5=1.2119, 
DEBUG:diffBragg.main:Hop=0 |it=810 | t/it=0.0568sF=   1893580 sigZ=  20.58258 (Fracs of F: LogLike: 100.0%; ), |g|=  73662.87
DEBUG:diffBragg.main:RotXYZ0_xtal0_deg=-0.4211, RotXYZ1_xtal0_deg=0.0228, RotXYZ2_xtal0_deg=-0.6002, G_xtal0=234621103351841216.0000, Nabc0=23.3251, Ndef0=13.5734, Nabc1=31.5605, Ndef1=17.0609, Nabc2=26.1730, Ndef2=-11.4904, ucell0=27.5323, ucell1=32.3251, ucell2=34.5940, ucell3=1.5619, ucell4=1.2423, ucell5=1.2119, 
DEBUG:diffBragg.main:Hop=0 |it=811 | t/it=0.0568sF=   1893579 sigZ=  20.58268 (Fracs of F: LogLike: 100.0%; ), |g|=  54227.35
DEBUG:diffBragg.main:RotXYZ0_xtal0_deg=-0.4211, RotXYZ1_xtal0_deg=0.0228, RotXYZ2_xtal0_deg=-0.6002, G_xtal0=234607280673998784.0000, Nabc0=23.3258, Ndef0=13.5704, Nabc1=31.5659, Ndef1=17.0631, Nabc2=26.1704, Ndef2=-11.4922, ucell0=27.5324, ucell1=32.3250, ucell2=34.5940, ucell3=1.5619, ucell4=1.2423, ucell5=1.2119, 
DEBUG:diffBragg.main:Hop=0 |it=812 | t/it=0.0568sF=   1893578 sigZ=  20.58272 (Fracs of F: LogLike: 100.0%; ), |g|=  90082.39
DEBUG:diffBragg.main:RotXYZ0_xtal0_deg=-0.4211, RotXYZ1_xtal0_deg=0.0228, RotXYZ2_xtal0_deg=-0.6002, G_xtal0=234585390170055040.0000, Nabc0=23.3273, Ndef0=13.5656, Nabc1=31.5735, Ndef1=17.0664, Nabc2=26.1662, Ndef2=-11.4945, ucell0=27.5325, ucell1=32.3250, ucell2=34.5941, ucell3=1.5619, ucell4=1.2423, ucell5=1.2119, 
DEBUG:diffBragg.main:Hop=0 |it=813 | t/it=0.0568sF=   1893577 sigZ=  20.58272 (Fracs of F: LogLike: 100.0%; ), |g|=  149644.5
DEBUG:diffBragg.main:RotXYZ0_xtal0_deg=-0.4212, RotXYZ1_xtal0_deg=0.0229, RotXYZ2_xtal0_deg=-0.6002, G_xtal0=234552291811596960.0000, Nabc0=23.3326, Ndef0=13.5584, Nabc1=31.5839, Ndef1=17.0724, Nabc2=26.1596, Ndef2=-11.4970, ucell0=27.5328, ucell1=32.3248, ucell2=34.5943, ucell3=1.5619, ucell4=1.2423, ucell5=1.2119, 
DEBUG:diffBragg.main:Hop=0 |it=814 | t/it=0.0568sF=   1893575 sigZ=   20.5827 (Fracs of F: LogLike: 100.0%; ), |g|=  160954.4
DEBUG:diffBragg.main:RotXYZ0_xtal0_deg=-0.4213, RotXYZ1_xtal0_deg=0.0229, RotXYZ2_xtal0_deg=-0.6003, G_xtal0=234530136580104512.0000, Nabc0=23.3354, Ndef0=13.5543, Nabc1=31.5904, Ndef1=17.0758, Nabc2=26.1556, Ndef2=-11.4987, ucell0=27.5330, ucell1=32.3248, ucell2=34.5945, ucell3=1.5619, ucell4=1.2422, ucell5=1.2119, 
DEBUG:diffBragg.main:Hop=0 |it=815 | t/it=0.0568sF=   1893574 sigZ=  20.58272 (Fracs of F: LogLike: 100.0%; ), |g|=  129147.9
DEBUG:diffBragg.main:RotXYZ0_xtal0_deg=-0.4214, RotXYZ1_xtal0_deg=0.0229, RotXYZ2_xtal0_deg=-0.6004, G_xtal0=234513674538373280.0000, Nabc0=23.3405, Ndef0=13.5524, Nabc1=31.5943, Ndef1=17.0792, Nabc2=26.1520, Ndef2=-11.4989, ucell0=27.5333, ucell1=32.3247, ucell2=34.5947, ucell3=1.5619, ucell4=1.2422, ucell5=1.2119, 
DEBUG:diffBragg.main:Hop=0 |it=816 | t/it=0.0568sF=   1893573 sigZ=  20.58282 (Fracs of F: LogLike: 100.0%; ), |g|=  51282.24
DEBUG:diffBragg.main:RotXYZ0_xtal0_deg=-0.4215, RotXYZ1_xtal0_deg=0.0229, RotXYZ2_xtal0_deg=-0.6005, G_xtal0=234510065736696192.0000, Nabc0=23.3434, Ndef0=13.5528, Nabc1=31.5946, Ndef1=17.0807, Nabc2=26.1511, Ndef2=-11.4981, ucell0=27.5335, ucell1=32.3247, ucell2=34.5948, ucell3=1.5619, ucell4=1.2422, ucell5=1.2119, 
DEBUG:diffBragg.main:Hop=0 |it=817 | t/it=0.0568sF=   1893573 sigZ=  20.58286 (Fracs of F: LogLike: 100.0%; ), |g|=  43182.91
DEBUG:diffBragg.main:RotXYZ0_xtal0_deg=-0.4216, RotXYZ1_xtal0_deg=0.0230, RotXYZ2_xtal0_deg=-0.6006, G_xtal0=234503639725809888.0000, Nabc0=23.3473, Ndef0=13.5531, Nabc1=31.5954, Ndef1=17.0830, Nabc2=26.1497, Ndef2=-11.4966, ucell0=27.5338, ucell1=32.3247, ucell2=34.5950, ucell3=1.5619, ucell4=1.2422, ucell5=1.2119, 
DEBUG:diffBragg.main:Hop=0 |it=818 | t/it=0.0568sF=   1893573 sigZ=  20.58291 (Fracs of F: LogLike: 100.0%; ), |g|=  52779.49
DEBUG:diffBragg.main:RotXYZ0_xtal0_deg=-0.4218, RotXYZ1_xtal0_deg=0.0230, RotXYZ2_xtal0_deg=-0.6008, G_xtal0=234492659810986208.0000, Nabc0=23.3528, Ndef0=13.5539, Nabc1=31.5970, Ndef1=17.0865, Nabc2=26.1475, Ndef2=-11.4942, ucell0=27.5341, ucell1=32.3246, ucell2=34.5952, ucell3=1.5619, ucell4=1.2422, ucell5=1.2119, 
DEBUG:diffBragg.main:Hop=0 |it=819 | t/it=0.0568sF=   1893572 sigZ=  20.58294 (Fracs of F: LogLike: 100.0%; ), |g|=  63228.17
DEBUG:diffBragg.main:RotXYZ0_xtal0_deg=-0.4219, RotXYZ1_xtal0_deg=0.0230, RotXYZ2_xtal0_deg=-0.6010, G_xtal0=234478425570292896.0000, Nabc0=23.3603, Ndef0=13.5568, Nabc1=31.5994, Ndef1=17.0900, Nabc2=26.1445, Ndef2=-11.4896, ucell0=27.5345, ucell1=32.3246, ucell2=34.5955, ucell3=1.5619, ucell4=1.2422, ucell5=1.2119, 
DEBUG:diffBragg.main:Hop=0 |it=820 | t/it=0.0568sF=   1893572 sigZ=  20.58291 (Fracs of F: LogLike: 100.0%; ), |g|=   52779.2
DEBUG:diffBragg.main:RotXYZ0_xtal0_deg=-0.4222, RotXYZ1_xtal0_deg=0.0231, RotXYZ2_xtal0_deg=-0.6013, G_xtal0=234442694331576192.0000, Nabc0=23.3714, Ndef0=13.5650, Nabc1=31.6087, Ndef1=17.0968, Nabc2=26.1381, Ndef2=-11.4823, ucell0=27.5352, ucell1=32.3244, ucell2=34.5959, ucell3=1.5619, ucell4=1.2422, ucell5=1.2120, 
DEBUG:diffBragg.main:Hop=0 |it=821 | t/it=0.0568sF=   1893572 sigZ=  20.58327 (Fracs of F: LogLike: 100.0%; ), |g|=  241410.3
DEBUG:diffBragg.main:RotXYZ0_xtal0_deg=-0.4220, RotXYZ1_xtal0_deg=0.0231, RotXYZ2_xtal0_deg=-0.6012, G_xtal0=234463014313151808.0000, Nabc0=23.3651, Ndef0=13.5603, Nabc1=31.6034, Ndef1=17.0929, Nabc2=26.1417, Ndef2=-11.4865, ucell0=27.5348, ucell1=32.3245, ucell2=34.5957, ucell3=1.5619, ucell4=1.2422, ucell5=1.2120, 
DEBUG:diffBragg.main:Hop=0 |it=822 | t/it=0.0568sF=   1893571 sigZ=  20.58306 (Fracs of F: LogLike: 100.0%; ), |g|=  101619.4
DEBUG:diffBragg.main:RotXYZ0_xtal0_deg=-0.4221, RotXYZ1_xtal0_deg=0.0231, RotXYZ2_xtal0_deg=-0.6012, G_xtal0=234457719304595296.0000, Nabc0=23.3673, Ndef0=13.5646, Nabc1=31.6048, Ndef1=17.0923, Nabc2=26.1409, Ndef2=-11.4829, ucell0=27.5350, ucell1=32.3244, ucell2=34.5957, ucell3=1.5619, ucell4=1.2422, ucell5=1.2120, 
DEBUG:diffBragg.main:Hop=0 |it=823 | t/it=0.0568sF=   1893570 sigZ=  20.58294 (Fracs of F: LogLike: 100.0%; ), |g|=  48532.62
DEBUG:diffBragg.main:RotXYZ0_xtal0_deg=-0.4220, RotXYZ1_xtal0_deg=0.0231, RotXYZ2_xtal0_deg=-0.6011, G_xtal0=234452671300168480.0000, Nabc0=23.3662, Ndef0=13.5702, Nabc1=31.6077, Ndef1=17.0895, Nabc2=26.1405, Ndef2=-11.4802, ucell0=27.5349, ucell1=32.3244, ucell2=34.5956, ucell3=1.5619, ucell4=1.2422, ucell5=1.2120, 
DEBUG:diffBragg.main:Hop=0 |it=824 | t/it=0.0568sF=   1893570 sigZ=  20.58287 (Fracs of F: LogLike: 100.0%; ), |g|=  88382.01
DEBUG:diffBragg.main:RotXYZ0_xtal0_deg=-0.4219, RotXYZ1_xtal0_deg=0.0230, RotXYZ2_xtal0_deg=-0.6009, G_xtal0=234452353228990432.0000, Nabc0=23.3623, Ndef0=13.5771, Nabc1=31.6098, Ndef1=17.0849, Nabc2=26.1414, Ndef2=-11.4778, ucell0=27.5347, ucell1=32.3244, ucell2=34.5954, ucell3=1.5619, ucell4=1.2422, ucell5=1.2119, 
DEBUG:diffBragg.main:Hop=0 |it=825 | t/it=0.0568sF=   1893569 sigZ=  20.58284 (Fracs of F: LogLike: 100.0%; ), |g|=  114722.8
DEBUG:diffBragg.main:RotXYZ0_xtal0_deg=-0.4217, RotXYZ1_xtal0_deg=0.0230, RotXYZ2_xtal0_deg=-0.6005, G_xtal0=234443228825031968.0000, Nabc0=23.3543, Ndef0=13.5894, Nabc1=31.6166, Ndef1=17.0774, Nabc2=26.1419, Ndef2=-11.4746, ucell0=27.5342, ucell1=32.3244, ucell2=34.5949, ucell3=1.5619, ucell4=1.2422, ucell5=1.2119, 
DEBUG:diffBragg.main:Hop=0 |it=826 | t/it=0.0568sF=   1893568 sigZ=  20.58302 (Fracs of F: LogLike: 100.0%; ), |g|=    181464
DEBUG:diffBragg.main:RotXYZ0_xtal0_deg=-0.4216, RotXYZ1_xtal0_deg=0.0230, RotXYZ2_xtal0_deg=-0.6003, G_xtal0=234433819241181856.0000, Nabc0=23.3509, Ndef0=13.5945, Nabc1=31.6213, Ndef1=17.0745, Nabc2=26.1416, Ndef2=-11.4729, ucell0=27.5340, ucell1=32.3244, ucell2=34.5948, ucell3=1.5619, ucell4=1.2422, ucell5=1.2119, 
DEBUG:diffBragg.main:Hop=0 |it=827 | t/it=0.0568sF=   1893567 sigZ=  20.58303 (Fracs of F: LogLike: 100.0%; ), |g|=  108630.7
DEBUG:diffBragg.main:RotXYZ0_xtal0_deg=-0.4216, RotXYZ1_xtal0_deg=0.0230, RotXYZ2_xtal0_deg=-0.6003, G_xtal0=234431270523123776.0000, Nabc0=23.3521, Ndef0=13.5929, Nabc1=31.6215, Ndef1=17.0760, Nabc2=26.1411, Ndef2=-11.4736, ucell0=27.5341, ucell1=32.3244, ucell2=34.5949, ucell3=1.5619, ucell4=1.2422, ucell5=1.2119, 
DEBUG:diffBragg.main:Hop=0 |it=828 | t/it=0.0568sF=   1893567 sigZ=  20.58309 (Fracs of F: LogLike: 100.0%; ), |g|=  51571.71
DEBUG:diffBragg.main:RotXYZ0_xtal0_deg=-0.4216, RotXYZ1_xtal0_deg=0.0230, RotXYZ2_xtal0_deg=-0.6003, G_xtal0=234424600760571040.0000, Nabc0=23.3522, Ndef0=13.5931, Nabc1=31.6233, Ndef1=17.0767, Nabc2=26.1405, Ndef2=-11.4738, ucell0=27.5342, ucell1=32.3244, ucell2=34.5949, ucell3=1.5619, ucell4=1.2422, ucell5=1.2119, 
DEBUG:diffBragg.main:Hop=0 |it=829 | t/it=0.0568sF=   1893567 sigZ=  20.58318 (Fracs of F: LogLike: 100.0%; ), |g|=  38948.18
DEBUG:diffBragg.main:RotXYZ0_xtal0_deg=-0.4216, RotXYZ1_xtal0_deg=0.0230, RotXYZ2_xtal0_deg=-0.6003, G_xtal0=234420723690754176.0000, Nabc0=23.3515, Ndef0=13.5930, Nabc1=31.6247, Ndef1=17.0768, Nabc2=26.1403, Ndef2=-11.4741, ucell0=27.5341, ucell1=32.3244, ucell2=34.5949, ucell3=1.5619, ucell4=1.2422, ucell5=1.2119, 
DEBUG:diffBragg.main:Hop=0 |it=830 | t/it=0.0568sF=   1893567 sigZ=   20.5832 (Fracs of F: LogLike: 100.0%; ), |g|=  51435.68
DEBUG:diffBragg.main:RotXYZ0_xtal0_deg=-0.4216, RotXYZ1_xtal0_deg=0.0230, RotXYZ2_xtal0_deg=-0.6002, G_xtal0=234402894025821856.0000, Nabc0=23.3480, Ndef0=13.5923, Nabc1=31.6310, Ndef1=17.0775, Nabc2=26.1396, Ndef2=-11.4754, ucell0=27.5340, ucell1=32.3244, ucell2=34.5948, ucell3=1.5619, ucell4=1.2422, ucell5=1.2119, 
DEBUG:diffBragg.main:Hop=0 |it=831 | t/it=0.0568sF=   1893566 sigZ=  20.58329 (Fracs of F: LogLike: 100.0%; ), |g|=  89078.45
DEBUG:diffBragg.main:RotXYZ0_xtal0_deg=-0.4215, RotXYZ1_xtal0_deg=0.0230, RotXYZ2_xtal0_deg=-0.5999, G_xtal0=234385321658804704.0000, Nabc0=23.3410, Ndef0=13.5901, Nabc1=31.6379, Ndef1=17.0771, Nabc2=26.1399, Ndef2=-11.4778, ucell0=27.5336, ucell1=32.3244, ucell2=34.5946, ucell3=1.5619, ucell4=1.2422, ucell5=1.2119, 
DEBUG:diffBragg.main:Hop=0 |it=832 | t/it=0.0568sF=   1893565 sigZ=  20.58327 (Fracs of F: LogLike: 100.0%; ), |g|=  98704.91
DEBUG:diffBragg.main:RotXYZ0_xtal0_deg=-0.4214, RotXYZ1_xtal0_deg=0.0230, RotXYZ2_xtal0_deg=-0.5997, G_xtal0=234366064768929024.0000, Nabc0=23.3347, Ndef0=13.5881, Nabc1=31.6450, Ndef1=17.0775, Nabc2=26.1401, Ndef2=-11.4802, ucell0=27.5334, ucell1=32.3244, ucell2=34.5944, ucell3=1.5619, ucell4=1.2422, ucell5=1.2119, 
DEBUG:diffBragg.main:Hop=0 |it=833 | t/it=0.0568sF=   1893565 sigZ=  20.58336 (Fracs of F: LogLike: 100.0%; ), |g|=  67450.47
DEBUG:diffBragg.main:RotXYZ0_xtal0_deg=-0.4213, RotXYZ1_xtal0_deg=0.0230, RotXYZ2_xtal0_deg=-0.5996, G_xtal0=234367433493593920.0000, Nabc0=23.3328, Ndef0=13.5877, Nabc1=31.6447, Ndef1=17.0769, Nabc2=26.1410, Ndef2=-11.4803, ucell0=27.5333, ucell1=32.3244, ucell2=34.5944, ucell3=1.5618, ucell4=1.2422, ucell5=1.2119, 
DEBUG:diffBragg.main:Hop=0 |it=834 | t/it=0.0568sF=   1893564 sigZ=  20.58329 (Fracs of F: LogLike: 100.0%; ), |g|=  29997.14
DEBUG:diffBragg.main:RotXYZ0_xtal0_deg=-0.4213, RotXYZ1_xtal0_deg=0.0230, RotXYZ2_xtal0_deg=-0.5996, G_xtal0=234371211190171232.0000, Nabc0=23.3319, Ndef0=13.5876, Nabc1=31.6433, Ndef1=17.0765, Nabc2=26.1420, Ndef2=-11.4802, ucell0=27.5332, ucell1=32.3244, ucell2=34.5943, ucell3=1.5618, ucell4=1.2422, ucell5=1.2119, 
DEBUG:diffBragg.main:Hop=0 |it=835 | t/it=0.0568sF=   1893564 sigZ=  20.58323 (Fracs of F: LogLike: 100.0%; ), |g|=   47727.7
DEBUG:diffBragg.main:RotXYZ0_xtal0_deg=-0.4213, RotXYZ1_xtal0_deg=0.0230, RotXYZ2_xtal0_deg=-0.5996, G_xtal0=234372646202078464.0000, Nabc0=23.3310, Ndef0=13.5870, Nabc1=31.6423, Ndef1=17.0765, Nabc2=26.1430, Ndef2=-11.4802, ucell0=27.5332, ucell1=32.3244, ucell2=34.5943, ucell3=1.5618, ucell4=1.2422, ucell5=1.2119, 
DEBUG:diffBragg.main:Hop=0 |it=836 | t/it=0.0568sF=   1893564 sigZ=  20.58319 (Fracs of F: LogLike: 100.0%; ), |g|=  75756.94
DEBUG:diffBragg.main:RotXYZ0_xtal0_deg=-0.4213, RotXYZ1_xtal0_deg=0.0230, RotXYZ2_xtal0_deg=-0.5996, G_xtal0=234370141441411456.0000, Nabc0=23.3273, Ndef0=13.5848, Nabc1=31.6406, Ndef1=17.0774, Nabc2=26.1463, Ndef2=-11.4804, ucell0=27.5331, ucell1=32.3244, ucell2=34.5942, ucell3=1.5618, ucell4=1.2422, ucell5=1.2119, 
DEBUG:diffBragg.main:Hop=0 |it=837 | t/it=0.0568sF=   1893563 sigZ=  20.58312 (Fracs of F: LogLike: 100.0%; ), |g|=  137469.2
DEBUG:diffBragg.main:RotXYZ0_xtal0_deg=-0.4213, RotXYZ1_xtal0_deg=0.0230, RotXYZ2_xtal0_deg=-0.5995, G_xtal0=234355644204240352.0000, Nabc0=23.3210, Ndef0=13.5802, Nabc1=31.6398, Ndef1=17.0801, Nabc2=26.1516, Ndef2=-11.4809, ucell0=27.5331, ucell1=32.3243, ucell2=34.5941, ucell3=1.5618, ucell4=1.2422, ucell5=1.2119, 
DEBUG:diffBragg.main:Hop=0 |it=838 | t/it=0.0568sF=   1893561 sigZ=  20.58303 (Fracs of F: LogLike: 100.0%; ), |g|=    203257
DEBUG:diffBragg.main:RotXYZ0_xtal0_deg=-0.4214, RotXYZ1_xtal0_deg=0.0230, RotXYZ2_xtal0_deg=-0.5994, G_xtal0=234312225109500480.0000, Nabc0=23.3086, Ndef0=13.5716, Nabc1=31.6422, Ndef1=17.0881, Nabc2=26.1609, Ndef2=-11.4821, ucell0=27.5330, ucell1=32.3242, ucell2=34.5940, ucell3=1.5618, ucell4=1.2423, ucell5=1.2119, 
DEBUG:diffBragg.main:Hop=0 |it=839 | t/it=0.0568sF=   1893558 sigZ=  20.58314 (Fracs of F: LogLike: 100.0%; ), |g|=  220571.3
DEBUG:diffBragg.main:RotXYZ0_xtal0_deg=-0.4220, RotXYZ1_xtal0_deg=0.0232, RotXYZ2_xtal0_deg=-0.5997, G_xtal0=234203040131644320.0000, Nabc0=23.2951, Ndef0=13.5529, Nabc1=31.6457, Ndef1=17.1065, Nabc2=26.1787, Ndef2=-11.4761, ucell0=27.5338, ucell1=32.3240, ucell2=34.5943, ucell3=1.5618, ucell4=1.2422, ucell5=1.2119, 
DEBUG:diffBragg.main:Hop=0 |it=840 | t/it=0.0568sF=   1893561 sigZ=  20.58232 (Fracs of F: LogLike: 100.0%; ), |g|=  639037.9
DEBUG:diffBragg.main:RotXYZ0_xtal0_deg=-0.4217, RotXYZ1_xtal0_deg=0.0231, RotXYZ2_xtal0_deg=-0.5995, G_xtal0=234268965013336544.0000, Nabc0=23.3032, Ndef0=13.5642, Nabc1=31.6436, Ndef1=17.0954, Nabc2=26.1679, Ndef2=-11.4797, ucell0=27.5333, ucell1=32.3241, ucell2=34.5941, ucell3=1.5618, ucell4=1.2422, ucell5=1.2119, 
DEBUG:diffBragg.main:Hop=0 |it=841 | t/it=0.0568sF=   1893556 sigZ=   20.5828 (Fracs of F: LogLike: 100.0%; ), |g|=    333693
DEBUG:diffBragg.main:RotXYZ0_xtal0_deg=-0.4218, RotXYZ1_xtal0_deg=0.0231, RotXYZ2_xtal0_deg=-0.5995, G_xtal0=234219053733454816.0000, Nabc0=23.2961, Ndef0=13.5589, Nabc1=31.6494, Ndef1=17.1039, Nabc2=26.1730, Ndef2=-11.4796, ucell0=27.5335, ucell1=32.3240, ucell2=34.5942, ucell3=1.5618, ucell4=1.2422, ucell5=1.2119, 
DEBUG:diffBragg.main:Hop=0 |it=842 | t/it=0.0568sF=   1893552 sigZ=  20.58305 (Fracs of F: LogLike: 100.0%; ), |g|=  191925.4
DEBUG:diffBragg.main:RotXYZ0_xtal0_deg=-0.4222, RotXYZ1_xtal0_deg=0.0232, RotXYZ2_xtal0_deg=-0.5996, G_xtal0=234151787830291520.0000, Nabc0=23.2935, Ndef0=13.5544, Nabc1=31.6572, Ndef1=17.1162, Nabc2=26.1767, Ndef2=-11.4768, ucell0=27.5340, ucell1=32.3239, ucell2=34.5945, ucell3=1.5618, ucell4=1.2422, ucell5=1.2119, 
DEBUG:diffBragg.main:Hop=0 |it=843 | t/it=0.0568sF=   1893548 sigZ=  20.58337 (Fracs of F: LogLike: 100.0%; ), |g|=  119781.9
DEBUG:diffBragg.main:RotXYZ0_xtal0_deg=-0.4223, RotXYZ1_xtal0_deg=0.0232, RotXYZ2_xtal0_deg=-0.5996, G_xtal0=234123551071635968.0000, Nabc0=23.2924, Ndef0=13.5539, Nabc1=31.6611, Ndef1=17.1202, Nabc2=26.1778, Ndef2=-11.4747, ucell0=27.5342, ucell1=32.3238, ucell2=34.5947, ucell3=1.5618, ucell4=1.2422, ucell5=1.2119, 
DEBUG:diffBragg.main:Hop=0 |it=844 | t/it=0.0568sF=   1893547 sigZ=  20.58338 (Fracs of F: LogLike: 100.0%; ), |g|=  177480.4
DEBUG:diffBragg.main:RotXYZ0_xtal0_deg=-0.4224, RotXYZ1_xtal0_deg=0.0233, RotXYZ2_xtal0_deg=-0.5997, G_xtal0=234107426900224128.0000, Nabc0=23.2925, Ndef0=13.5541, Nabc1=31.6625, Ndef1=17.1228, Nabc2=26.1787, Ndef2=-11.4725, ucell0=27.5343, ucell1=32.3238, ucell2=34.5948, ucell3=1.5618, ucell4=1.2422, ucell5=1.2119, 
DEBUG:diffBragg.main:Hop=0 |it=845 | t/it=0.0568sF=   1893546 sigZ=  20.58333 (Fracs of F: LogLike: 100.0%; ), |g|=  148445.2
DEBUG:diffBragg.main:RotXYZ0_xtal0_deg=-0.4227, RotXYZ1_xtal0_deg=0.0233, RotXYZ2_xtal0_deg=-0.5999, G_xtal0=234073180333417152.0000, Nabc0=23.2904, Ndef0=13.5561, Nabc1=31.6573, Ndef1=17.1291, Nabc2=26.1874, Ndef2=-11.4639, ucell0=27.5348, ucell1=32.3236, ucell2=34.5951, ucell3=1.5618, ucell4=1.2422, ucell5=1.2119, 
DEBUG:diffBragg.main:Hop=0 |it=846 | t/it=0.0568sF=   1893541 sigZ=  20.58309 (Fracs of F: LogLike: 100.0%; ), |g|=  96514.97
DEBUG:diffBragg.main:RotXYZ0_xtal0_deg=-0.4229, RotXYZ1_xtal0_deg=0.0234, RotXYZ2_xtal0_deg=-0.6002, G_xtal0=234055344455550400.0000, Nabc0=23.2869, Ndef0=13.5589, Nabc1=31.6451, Ndef1=17.1328, Nabc2=26.1995, Ndef2=-11.4551, ucell0=27.5352, ucell1=32.3235, ucell2=34.5953, ucell3=1.5618, ucell4=1.2422, ucell5=1.2119, 
DEBUG:diffBragg.main:Hop=0 |it=847 | t/it=0.0568sF=   1893538 sigZ=  20.58277 (Fracs of F: LogLike: 100.0%; ), |g|=  157007.8
DEBUG:diffBragg.main:RotXYZ0_xtal0_deg=-0.4232, RotXYZ1_xtal0_deg=0.0234, RotXYZ2_xtal0_deg=-0.6005, G_xtal0=234053972278265088.0000, Nabc0=23.2833, Ndef0=13.5650, Nabc1=31.6256, Ndef1=17.1331, Nabc2=26.2148, Ndef2=-11.4472, ucell0=27.5357, ucell1=32.3235, ucell2=34.5955, ucell3=1.5618, ucell4=1.2422, ucell5=1.2119, 
DEBUG:diffBragg.main:Hop=0 |it=848 | t/it=0.0568sF=   1893535 sigZ=  20.58276 (Fracs of F: LogLike: 100.0%; ), |g|=  167267.6
DEBUG:diffBragg.main:RotXYZ0_xtal0_deg=-0.4233, RotXYZ1_xtal0_deg=0.0234, RotXYZ2_xtal0_deg=-0.6006, G_xtal0=234071090726101760.0000, Nabc0=23.2783, Ndef0=13.5702, Nabc1=31.6089, Ndef1=17.1277, Nabc2=26.2265, Ndef2=-11.4440, ucell0=27.5358, ucell1=32.3234, ucell2=34.5954, ucell3=1.5618, ucell4=1.2422, ucell5=1.2119, 
DEBUG:diffBragg.main:Hop=0 |it=849 | t/it=0.0568sF=   1893532 sigZ=   20.5826 (Fracs of F: LogLike: 100.0%; ), |g|=  125992.5
DEBUG:diffBragg.main:RotXYZ0_xtal0_deg=-0.4234, RotXYZ1_xtal0_deg=0.0234, RotXYZ2_xtal0_deg=-0.6005, G_xtal0=234074619135231680.0000, Nabc0=23.2674, Ndef0=13.5741, Nabc1=31.5957, Ndef1=17.1209, Nabc2=26.2397, Ndef2=-11.4447, ucell0=27.5358, ucell1=32.3234, ucell2=34.5952, ucell3=1.5618, ucell4=1.2422, ucell5=1.2119, 
DEBUG:diffBragg.main:Added 0 pixels from 0 shoeboxes to the untrusted list (8700 / 8700 trusted pixels remain)
DEBUG:diffBragg.main:Hop=0 |it=850 | t/it=0.0568sF=   1893529 sigZ=  20.58273 (Fracs of F: LogLike: 100.0%; ), |g|=  116625.8
DEBUG:diffBragg.main:RotXYZ0_xtal0_deg=-0.4233, RotXYZ1_xtal0_deg=0.0234, RotXYZ2_xtal0_deg=-0.6003, G_xtal0=234080749594996352.0000, Nabc0=23.2541, Ndef0=13.5811, Nabc1=31.5858, Ndef1=17.1075, Nabc2=26.2511, Ndef2=-11.4481, ucell0=27.5354, ucell1=32.3233, ucell2=34.5948, ucell3=1.5618, ucell4=1.2422, ucell5=1.2119, 
DEBUG:diffBragg.main:Hop=0 |it=851 | t/it=0.0568sF=   1893524 sigZ=  20.58282 (Fracs of F: LogLike: 100.0%; ), |g|=  171228.4
DEBUG:diffBragg.main:RotXYZ0_xtal0_deg=-0.4233, RotXYZ1_xtal0_deg=0.0235, RotXYZ2_xtal0_deg=-0.5997, G_xtal0=234006398350956064.0000, Nabc0=23.2150, Ndef0=13.5860, Nabc1=31.5795, Ndef1=17.0910, Nabc2=26.2803, Ndef2=-11.4541, ucell0=27.5348, ucell1=32.3230, ucell2=34.5941, ucell3=1.5618, ucell4=1.2422, ucell5=1.2119, 
DEBUG:diffBragg.main:Hop=0 |it=852 | t/it=0.0568sF=   1893516 sigZ=  20.58287 (Fracs of F: LogLike: 100.0%; ), |g|=  228386.6
DEBUG:diffBragg.main:RotXYZ0_xtal0_deg=-0.4230, RotXYZ1_xtal0_deg=0.0235, RotXYZ2_xtal0_deg=-0.5979, G_xtal0=233839268960268704.0000, Nabc0=23.1326, Ndef0=13.6054, Nabc1=31.5849, Ndef1=17.0530, Nabc2=26.3284, Ndef2=-11.4742, ucell0=27.5329, ucell1=32.3222, ucell2=34.5923, ucell3=1.5617, ucell4=1.2423, ucell5=1.2118, 
DEBUG:diffBragg.main:Hop=0 |it=853 | t/it=0.0568sF=   1893511 sigZ=  20.58438 (Fracs of F: LogLike: 100.0%; ), |g|=  915921.1
DEBUG:diffBragg.main:RotXYZ0_xtal0_deg=-0.4231, RotXYZ1_xtal0_deg=0.0235, RotXYZ2_xtal0_deg=-0.5977, G_xtal0=233777948337840064.0000, Nabc0=23.1123, Ndef0=13.6038, Nabc1=31.5851, Ndef1=17.0468, Nabc2=26.3442, Ndef2=-11.4731, ucell0=27.5327, ucell1=32.3220, ucell2=34.5920, ucell3=1.5617, ucell4=1.2423, ucell5=1.2118, 
DEBUG:diffBragg.main:Hop=0 |it=854 | t/it=0.0568sF=   1893495 sigZ=  20.58351 (Fracs of F: LogLike: 100.0%; ), |g|=  399478.7
DEBUG:diffBragg.main:RotXYZ0_xtal0_deg=-0.4232, RotXYZ1_xtal0_deg=0.0236, RotXYZ2_xtal0_deg=-0.5970, G_xtal0=233669936439454464.0000, Nabc0=23.0802, Ndef0=13.6066, Nabc1=31.5950, Ndef1=17.0369, Nabc2=26.3630, Ndef2=-11.4751, ucell0=27.5322, ucell1=32.3216, ucell2=34.5915, ucell3=1.5617, ucell4=1.2423, ucell5=1.2117, 
DEBUG:diffBragg.main:Hop=0 |it=855 | t/it=0.0568sF=   1893486 sigZ=  20.58314 (Fracs of F: LogLike: 100.0%; ), |g|=  116806.8
DEBUG:diffBragg.main:RotXYZ0_xtal0_deg=-0.4231, RotXYZ1_xtal0_deg=0.0236, RotXYZ2_xtal0_deg=-0.5965, G_xtal0=233600115307278560.0000, Nabc0=23.0587, Ndef0=13.6103, Nabc1=31.6047, Ndef1=17.0288, Nabc2=26.3726, Ndef2=-11.4787, ucell0=27.5318, ucell1=32.3214, ucell2=34.5911, ucell3=1.5616, ucell4=1.2424, ucell5=1.2117, 
DEBUG:diffBragg.main:Hop=0 |it=856 | t/it=0.0568sF=   1893483 sigZ=   20.5832 (Fracs of F: LogLike: 100.0%; ), |g|=  79417.57
DEBUG:diffBragg.main:RotXYZ0_xtal0_deg=-0.4231, RotXYZ1_xtal0_deg=0.0236, RotXYZ2_xtal0_deg=-0.5964, G_xtal0=233587395938191296.0000, Nabc0=23.0577, Ndef0=13.6119, Nabc1=31.6090, Ndef1=17.0278, Nabc2=26.3708, Ndef2=-11.4789, ucell0=27.5317, ucell1=32.3213, ucell2=34.5911, ucell3=1.5616, ucell4=1.2424, ucell5=1.2117, 
DEBUG:diffBragg.main:Hop=0 |it=857 | t/it=0.0568sF=   1893482 sigZ=  20.58325 (Fracs of F: LogLike: 100.0%; ), |g|=  80457.35
DEBUG:diffBragg.main:RotXYZ0_xtal0_deg=-0.4231, RotXYZ1_xtal0_deg=0.0236, RotXYZ2_xtal0_deg=-0.5962, G_xtal0=233547931587111712.0000, Nabc0=23.0507, Ndef0=13.6202, Nabc1=31.6190, Ndef1=17.0201, Nabc2=26.3679, Ndef2=-11.4806, ucell0=27.5316, ucell1=32.3211, ucell2=34.5909, ucell3=1.5616, ucell4=1.2424, ucell5=1.2117, 
DEBUG:diffBragg.main:Hop=0 |it=858 | t/it=0.0568sF=   1893480 sigZ=  20.58361 (Fracs of F: LogLike: 100.0%; ), |g|=  220054.9
DEBUG:diffBragg.main:RotXYZ0_xtal0_deg=-0.4232, RotXYZ1_xtal0_deg=0.0236, RotXYZ2_xtal0_deg=-0.5963, G_xtal0=233536151011406688.0000, Nabc0=23.0575, Ndef0=13.6222, Nabc1=31.6276, Ndef1=17.0211, Nabc2=26.3582, Ndef2=-11.4790, ucell0=27.5318, ucell1=32.3210, ucell2=34.5911, ucell3=1.5616, ucell4=1.2424, ucell5=1.2117, 
DEBUG:diffBragg.main:Hop=0 |it=859 | t/it=0.0568sF=   1893476 sigZ=   20.5836 (Fracs of F: LogLike: 100.0%; ), |g|=  174988.5
DEBUG:diffBragg.main:RotXYZ0_xtal0_deg=-0.4234, RotXYZ1_xtal0_deg=0.0237, RotXYZ2_xtal0_deg=-0.5964, G_xtal0=233476291555593632.0000, Nabc0=23.0659, Ndef0=13.6307, Nabc1=31.6486, Ndef1=17.0182, Nabc2=26.3391, Ndef2=-11.4747, ucell0=27.5325, ucell1=32.3207, ucell2=34.5914, ucell3=1.5616, ucell4=1.2423, ucell5=1.2117, 
DEBUG:diffBragg.main:Hop=0 |it=860 | t/it=0.0568sF=   1893468 sigZ=  20.58361 (Fracs of F: LogLike: 100.0%; ), |g|=  258049.2
DEBUG:diffBragg.main:RotXYZ0_xtal0_deg=-0.4240, RotXYZ1_xtal0_deg=0.0238, RotXYZ2_xtal0_deg=-0.5967, G_xtal0=233377690481255936.0000, Nabc0=23.0751, Ndef0=13.6414, Nabc1=31.6765, Ndef1=17.0157, Nabc2=26.3158, Ndef2=-11.4675, ucell0=27.5336, ucell1=32.3202, ucell2=34.5920, ucell3=1.5616, ucell4=1.2423, ucell5=1.2117, 
DEBUG:diffBragg.main:Hop=0 |it=861 | t/it=0.0568sF=   1893459 sigZ=  20.58363 (Fracs of F: LogLike: 100.0%; ), |g|=  210152.5
DEBUG:diffBragg.main:RotXYZ0_xtal0_deg=-0.4245, RotXYZ1_xtal0_deg=0.0239, RotXYZ2_xtal0_deg=-0.5968, G_xtal0=233273982592028224.0000, Nabc0=23.0688, Ndef0=13.6503, Nabc1=31.6887, Ndef1=17.0123, Nabc2=26.3114, Ndef2=-11.4592, ucell0=27.5346, ucell1=32.3196, ucell2=34.5922, ucell3=1.5616, ucell4=1.2423, ucell5=1.2117, 
DEBUG:diffBragg.main:Hop=0 |it=862 | t/it=0.0568sF=   1893454 sigZ=  20.58353 (Fracs of F: LogLike: 100.0%; ), |g|=  266881.2
DEBUG:diffBragg.main:RotXYZ0_xtal0_deg=-0.4251, RotXYZ1_xtal0_deg=0.0241, RotXYZ2_xtal0_deg=-0.5970, G_xtal0=233146788530453824.0000, Nabc0=23.0563, Ndef0=13.6595, Nabc1=31.6998, Ndef1=17.0080, Nabc2=26.3128, Ndef2=-11.4515, ucell0=27.5356, ucell1=32.3190, ucell2=34.5926, ucell3=1.5616, ucell4=1.2422, ucell5=1.2117, 
DEBUG:diffBragg.main:Hop=0 |it=863 | t/it=0.0568sF=   1893446 sigZ=  20.58356 (Fracs of F: LogLike: 100.0%; ), |g|=    269278
DEBUG:diffBragg.main:RotXYZ0_xtal0_deg=-0.4260, RotXYZ1_xtal0_deg=0.0243, RotXYZ2_xtal0_deg=-0.5971, G_xtal0=232998145456040384.0000, Nabc0=23.0303, Ndef0=13.6695, Nabc1=31.6977, Ndef1=17.0024, Nabc2=26.3301, Ndef2=-11.4412, ucell0=27.5367, ucell1=32.3182, ucell2=34.5929, ucell3=1.5616, ucell4=1.2422, ucell5=1.2118, 
DEBUG:diffBragg.main:Hop=0 |it=864 | t/it=0.0568sF=   1893437 sigZ=  20.58354 (Fracs of F: LogLike: 100.0%; ), |g|=  413929.9
DEBUG:diffBragg.main:RotXYZ0_xtal0_deg=-0.4275, RotXYZ1_xtal0_deg=0.0247, RotXYZ2_xtal0_deg=-0.5974, G_xtal0=232729973738899296.0000, Nabc0=22.9788, Ndef0=13.6875, Nabc1=31.6870, Ndef1=16.9931, Nabc2=26.3684, Ndef2=-11.4222, ucell0=27.5386, ucell1=32.3168, ucell2=34.5933, ucell3=1.5616, ucell4=1.2422, ucell5=1.2118, 
DEBUG:diffBragg.main:Hop=0 |it=865 | t/it=0.0568sF=   1893424 sigZ=   20.5837 (Fracs of F: LogLike: 100.0%; ), |g|=    440783
DEBUG:diffBragg.main:RotXYZ0_xtal0_deg=-0.4289, RotXYZ1_xtal0_deg=0.0250, RotXYZ2_xtal0_deg=-0.5977, G_xtal0=232522789762223488.0000, Nabc0=22.9352, Ndef0=13.6988, Nabc1=31.6686, Ndef1=16.9842, Nabc2=26.4047, Ndef2=-11.4032, ucell0=27.5402, ucell1=32.3157, ucell2=34.5938, ucell3=1.5615, ucell4=1.2421, ucell5=1.2118, 
DEBUG:diffBragg.main:Hop=0 |it=866 | t/it=0.0568sF=   1893418 sigZ=  20.58297 (Fracs of F: LogLike: 100.0%; ), |g|=  520279.4
DEBUG:diffBragg.main:RotXYZ0_xtal0_deg=-0.4300, RotXYZ1_xtal0_deg=0.0252, RotXYZ2_xtal0_deg=-0.5983, G_xtal0=232386613916107520.0000, Nabc0=22.9213, Ndef0=13.7104, Nabc1=31.6605, Ndef1=16.9847, Nabc2=26.4136, Ndef2=-11.3901, ucell0=27.5421, ucell1=32.3148, ucell2=34.5945, ucell3=1.5615, ucell4=1.2421, ucell5=1.2118, 
DEBUG:diffBragg.main:Hop=0 |it=867 | t/it=0.0568sF=   1893413 sigZ=  20.58365 (Fracs of F: LogLike: 100.0%; ), |g|=  293435.4
DEBUG:diffBragg.main:RotXYZ0_xtal0_deg=-0.4292, RotXYZ1_xtal0_deg=0.0251, RotXYZ2_xtal0_deg=-0.5981, G_xtal0=232511325777880384.0000, Nabc0=22.9417, Ndef0=13.7006, Nabc1=31.6632, Ndef1=16.9884, Nabc2=26.3998, Ndef2=-11.3989, ucell0=27.5410, ucell1=32.3155, ucell2=34.5942, ucell3=1.5615, ucell4=1.2421, ucell5=1.2118, 
DEBUG:diffBragg.main:Hop=0 |it=868 | t/it=0.0568sF=   1893410 sigZ=  20.58329 (Fracs of F: LogLike: 100.0%; ), |g|=  104982.3
DEBUG:diffBragg.main:RotXYZ0_xtal0_deg=-0.4291, RotXYZ1_xtal0_deg=0.0250, RotXYZ2_xtal0_deg=-0.5982, G_xtal0=232559753931688480.0000, Nabc0=22.9529, Ndef0=13.6959, Nabc1=31.6627, Ndef1=16.9915, Nabc2=26.3919, Ndef2=-11.4012, ucell0=27.5409, ucell1=32.3157, ucell2=34.5943, ucell3=1.5615, ucell4=1.2421, ucell5=1.2118, 
DEBUG:diffBragg.main:Hop=0 |it=869 | t/it=0.0568sF=   1893408 sigZ=  20.58315 (Fracs of F: LogLike: 100.0%; ), |g|=    105704
DEBUG:diffBragg.main:RotXYZ0_xtal0_deg=-0.4289, RotXYZ1_xtal0_deg=0.0250, RotXYZ2_xtal0_deg=-0.5985, G_xtal0=232639669781363040.0000, Nabc0=22.9758, Ndef0=13.6865, Nabc1=31.6586, Ndef1=16.9982, Nabc2=26.3748, Ndef2=-11.4040, ucell0=27.5410, ucell1=32.3160, ucell2=34.5947, ucell3=1.5616, ucell4=1.2421, ucell5=1.2118, 
DEBUG:diffBragg.main:Hop=0 |it=870 | t/it=0.0568sF=   1893405 sigZ=  20.58291 (Fracs of F: LogLike: 100.0%; ), |g|=  146534.1
DEBUG:diffBragg.main:RotXYZ0_xtal0_deg=-0.4296, RotXYZ1_xtal0_deg=0.0251, RotXYZ2_xtal0_deg=-0.5994, G_xtal0=232635548294606176.0000, Nabc0=22.9955, Ndef0=13.6760, Nabc1=31.6528, Ndef1=17.0013, Nabc2=26.3543, Ndef2=-11.4028, ucell0=27.5425, ucell1=32.3157, ucell2=34.5957, ucell3=1.5616, ucell4=1.2420, ucell5=1.2119, 
DEBUG:diffBragg.main:Hop=0 |it=871 | t/it=0.0568sF=   1893401 sigZ=  20.58244 (Fracs of F: LogLike: 100.0%; ), |g|=  444687.5
DEBUG:diffBragg.main:RotXYZ0_xtal0_deg=-0.4298, RotXYZ1_xtal0_deg=0.0251, RotXYZ2_xtal0_deg=-0.5998, G_xtal0=232666236398336928.0000, Nabc0=23.0089, Ndef0=13.6693, Nabc1=31.6448, Ndef1=17.0052, Nabc2=26.3437, Ndef2=-11.4042, ucell0=27.5431, ucell1=32.3157, ucell2=34.5962, ucell3=1.5616, ucell4=1.2420, ucell5=1.2119, 
DEBUG:diffBragg.main:Hop=0 |it=872 | t/it=0.0568sF=   1893394 sigZ=  20.58243 (Fracs of F: LogLike: 100.0%; ), |g|=    242165
DEBUG:diffBragg.main:RotXYZ0_xtal0_deg=-0.4308, RotXYZ1_xtal0_deg=0.0253, RotXYZ2_xtal0_deg=-0.6007, G_xtal0=232615882922486624.0000, Nabc0=23.0182, Ndef0=13.6628, Nabc1=31.6344, Ndef1=17.0049, Nabc2=26.3301, Ndef2=-11.4029, ucell0=27.5450, ucell1=32.3150, ucell2=34.5973, ucell3=1.5616, ucell4=1.2419, ucell5=1.2120, 
DEBUG:diffBragg.main:Hop=0 |it=873 | t/it=0.0568sF=   1893385 sigZ=  20.58238 (Fracs of F: LogLike: 100.0%; ), |g|=  145428.1
DEBUG:diffBragg.main:RotXYZ0_xtal0_deg=-0.4319, RotXYZ1_xtal0_deg=0.0255, RotXYZ2_xtal0_deg=-0.6016, G_xtal0=232533669141182272.0000, Nabc0=23.0226, Ndef0=13.6566, Nabc1=31.6269, Ndef1=17.0010, Nabc2=26.3176, Ndef2=-11.4025, ucell0=27.5471, ucell1=32.3142, ucell2=34.5984, ucell3=1.5616, ucell4=1.2419, ucell5=1.2120, 
DEBUG:diffBragg.main:Hop=0 |it=874 | t/it=0.0568sF=   1893378 sigZ=  20.58227 (Fracs of F: LogLike: 100.0%; ), |g|=  197155.9
DEBUG:diffBragg.main:RotXYZ0_xtal0_deg=-0.4333, RotXYZ1_xtal0_deg=0.0258, RotXYZ2_xtal0_deg=-0.6024, G_xtal0=232401349421726080.0000, Nabc0=23.0168, Ndef0=13.6496, Nabc1=31.6202, Ndef1=16.9910, Nabc2=26.3092, Ndef2=-11.4038, ucell0=27.5494, ucell1=32.3130, ucell2=34.5995, ucell3=1.5616, ucell4=1.2418, ucell5=1.2121, 
DEBUG:diffBragg.main:Hop=0 |it=875 | t/it=0.0568sF=   1893372 sigZ=  20.58193 (Fracs of F: LogLike: 100.0%; ), |g|=  322948.9
DEBUG:diffBragg.main:RotXYZ0_xtal0_deg=-0.4337, RotXYZ1_xtal0_deg=0.0259, RotXYZ2_xtal0_deg=-0.6027, G_xtal0=232369098818285632.0000, Nabc0=23.0183, Ndef0=13.6401, Nabc1=31.6198, Ndef1=16.9850, Nabc2=26.2998, Ndef2=-11.4128, ucell0=27.5501, ucell1=32.3126, ucell2=34.5999, ucell3=1.5616, ucell4=1.2418, ucell5=1.2121, 
DEBUG:diffBragg.main:Hop=0 |it=876 | t/it=0.0568sF=   1893366 sigZ=  20.58189 (Fracs of F: LogLike: 100.0%; ), |g|=  107289.5
DEBUG:diffBragg.main:RotXYZ0_xtal0_deg=-0.4335, RotXYZ1_xtal0_deg=0.0259, RotXYZ2_xtal0_deg=-0.6024, G_xtal0=232376282920635168.0000, Nabc0=23.0139, Ndef0=13.6346, Nabc1=31.6240, Ndef1=16.9794, Nabc2=26.2995, Ndef2=-11.4230, ucell0=27.5496, ucell1=32.3127, ucell2=34.5996, ucell3=1.5616, ucell4=1.2418, ucell5=1.2121, 
DEBUG:diffBragg.main:Hop=0 |it=877 | t/it=0.0568sF=   1893362 sigZ=   20.5819 (Fracs of F: LogLike: 100.0%; ), |g|=  136676.4
DEBUG:diffBragg.main:RotXYZ0_xtal0_deg=-0.4329, RotXYZ1_xtal0_deg=0.0257, RotXYZ2_xtal0_deg=-0.6017, G_xtal0=232404052737194656.0000, Nabc0=23.0041, Ndef0=13.6211, Nabc1=31.6329, Ndef1=16.9667, Nabc2=26.2984, Ndef2=-11.4491, ucell0=27.5484, ucell1=32.3128, ucell2=34.5988, ucell3=1.5616, ucell4=1.2418, ucell5=1.2120, 
DEBUG:diffBragg.main:Hop=0 |it=878 | t/it=0.0568sF=   1893355 sigZ=  20.58217 (Fracs of F: LogLike: 100.0%; ), |g|=    182750
DEBUG:diffBragg.main:RotXYZ0_xtal0_deg=-0.4327, RotXYZ1_xtal0_deg=0.0257, RotXYZ2_xtal0_deg=-0.6011, G_xtal0=232365008832339040.0000, Nabc0=22.9819, Ndef0=13.6094, Nabc1=31.6393, Ndef1=16.9477, Nabc2=26.3061, Ndef2=-11.4674, ucell0=27.5476, ucell1=32.3125, ucell2=34.5983, ucell3=1.5616, ucell4=1.2419, ucell5=1.2120, 
DEBUG:diffBragg.main:Hop=0 |it=879 | t/it=0.0568sF=   1893357 sigZ=  20.58137 (Fracs of F: LogLike: 100.0%; ), |g|=  641361.1
DEBUG:diffBragg.main:RotXYZ0_xtal0_deg=-0.4328, RotXYZ1_xtal0_deg=0.0257, RotXYZ2_xtal0_deg=-0.6014, G_xtal0=232388525681675744.0000, Nabc0=22.9953, Ndef0=13.6165, Nabc1=31.6354, Ndef1=16.9591, Nabc2=26.3014, Ndef2=-11.4564, ucell0=27.5481, ucell1=32.3127, ucell2=34.5986, ucell3=1.5616, ucell4=1.2418, ucell5=1.2120, 
DEBUG:diffBragg.main:Hop=0 |it=880 | t/it=0.0568sF=   1893353 sigZ=  20.58183 (Fracs of F: LogLike: 100.0%; ), |g|=    299063
DEBUG:diffBragg.main:RotXYZ0_xtal0_deg=-0.4327, RotXYZ1_xtal0_deg=0.0257, RotXYZ2_xtal0_deg=-0.6012, G_xtal0=232389153249292352.0000, Nabc0=22.9902, Ndef0=13.6111, Nabc1=31.6371, Ndef1=16.9539, Nabc2=26.3012, Ndef2=-11.4669, ucell0=27.5477, ucell1=32.3126, ucell2=34.5984, ucell3=1.5616, ucell4=1.2419, ucell5=1.2120, 
DEBUG:diffBragg.main:Hop=0 |it=881 | t/it=0.0568sF=   1893350 sigZ=  20.58208 (Fracs of F: LogLike: 100.0%; ), |g|=  182052.2
DEBUG:diffBragg.main:RotXYZ0_xtal0_deg=-0.4328, RotXYZ1_xtal0_deg=0.0258, RotXYZ2_xtal0_deg=-0.6012, G_xtal0=232365868652353312.0000, Nabc0=22.9834, Ndef0=13.6046, Nabc1=31.6358, Ndef1=16.9478, Nabc2=26.3004, Ndef2=-11.4768, ucell0=27.5479, ucell1=32.3124, ucell2=34.5985, ucell3=1.5616, ucell4=1.2419, ucell5=1.2120, 
DEBUG:diffBragg.main:Hop=0 |it=882 | t/it=0.0568sF=   1893347 sigZ=  20.58229 (Fracs of F: LogLike: 100.0%; ), |g|=  106694.7
DEBUG:diffBragg.main:RotXYZ0_xtal0_deg=-0.4331, RotXYZ1_xtal0_deg=0.0258, RotXYZ2_xtal0_deg=-0.6012, G_xtal0=232329645002800928.0000, Nabc0=22.9761, Ndef0=13.6016, Nabc1=31.6338, Ndef1=16.9435, Nabc2=26.3018, Ndef2=-11.4806, ucell0=27.5481, ucell1=32.3121, ucell2=34.5987, ucell3=1.5616, ucell4=1.2418, ucell5=1.2120, 
DEBUG:diffBragg.main:Hop=0 |it=883 | t/it=0.0568sF=   1893345 sigZ=  20.58233 (Fracs of F: LogLike: 100.0%; ), |g|=  146371.5
DEBUG:diffBragg.main:RotXYZ0_xtal0_deg=-0.4336, RotXYZ1_xtal0_deg=0.0259, RotXYZ2_xtal0_deg=-0.6013, G_xtal0=232254011114597408.0000, Nabc0=22.9611, Ndef0=13.5983, Nabc1=31.6302, Ndef1=16.9365, Nabc2=26.3064, Ndef2=-11.4837, ucell0=27.5487, ucell1=32.3116, ucell2=34.5989, ucell3=1.5616, ucell4=1.2418, ucell5=1.2120, 
DEBUG:diffBragg.main:Hop=0 |it=884 | t/it=0.0568sF=   1893341 sigZ=  20.58228 (Fracs of F: LogLike: 100.0%; ), |g|=  179437.6
DEBUG:diffBragg.main:RotXYZ0_xtal0_deg=-0.4344, RotXYZ1_xtal0_deg=0.0261, RotXYZ2_xtal0_deg=-0.6013, G_xtal0=232121501964651008.0000, Nabc0=22.9329, Ndef0=13.5960, Nabc1=31.6247, Ndef1=16.9247, Nabc2=26.3177, Ndef2=-11.4856, ucell0=27.5496, ucell1=32.3107, ucell2=34.5992, ucell3=1.5615, ucell4=1.2418, ucell5=1.2120, 
DEBUG:diffBragg.main:Hop=0 |it=885 | t/it=0.0568sF=   1893337 sigZ=  20.58211 (Fracs of F: LogLike: 100.0%; ), |g|=  170354.5
DEBUG:diffBragg.main:RotXYZ0_xtal0_deg=-0.4353, RotXYZ1_xtal0_deg=0.0264, RotXYZ2_xtal0_deg=-0.6014, G_xtal0=231969493067965728.0000, Nabc0=22.9022, Ndef0=13.5961, Nabc1=31.6212, Ndef1=16.9124, Nabc2=26.3301, Ndef2=-11.4857, ucell0=27.5506, ucell1=32.3098, ucell2=34.5994, ucell3=1.5615, ucell4=1.2418, ucell5=1.2120, 
DEBUG:diffBragg.main:Hop=0 |it=886 | t/it=0.0568sF=   1893334 sigZ=  20.58203 (Fracs of F: LogLike: 100.0%; ), |g|=  159967.9
DEBUG:diffBragg.main:RotXYZ0_xtal0_deg=-0.4351, RotXYZ1_xtal0_deg=0.0263, RotXYZ2_xtal0_deg=-0.6012, G_xtal0=231983253044723808.0000, Nabc0=22.9018, Ndef0=13.6008, Nabc1=31.6222, Ndef1=16.9146, Nabc2=26.3338, Ndef2=-11.4812, ucell0=27.5502, ucell1=32.3100, ucell2=34.5992, ucell3=1.5615, ucell4=1.2418, ucell5=1.2120, 
DEBUG:diffBragg.main:Hop=0 |it=887 | t/it=0.0568sF=   1893333 sigZ=  20.58196 (Fracs of F: LogLike: 100.0%; ), |g|=  105947.1
DEBUG:diffBragg.main:RotXYZ0_xtal0_deg=-0.4350, RotXYZ1_xtal0_deg=0.0263, RotXYZ2_xtal0_deg=-0.6010, G_xtal0=231968804966228416.0000, Nabc0=22.8913, Ndef0=13.6090, Nabc1=31.6236, Ndef1=16.9140, Nabc2=26.3444, Ndef2=-11.4749, ucell0=27.5498, ucell1=32.3101, ucell2=34.5988, ucell3=1.5615, ucell4=1.2418, ucell5=1.2119, 
DEBUG:diffBragg.main:Hop=0 |it=888 | t/it=0.0568sF=   1893331 sigZ=  20.58193 (Fracs of F: LogLike: 100.0%; ), |g|=  143039.2
DEBUG:diffBragg.main:RotXYZ0_xtal0_deg=-0.4350, RotXYZ1_xtal0_deg=0.0263, RotXYZ2_xtal0_deg=-0.6007, G_xtal0=231920945046538848.0000, Nabc0=22.8731, Ndef0=13.6157, Nabc1=31.6237, Ndef1=16.9094, Nabc2=26.3569, Ndef2=-11.4712, ucell0=27.5496, ucell1=32.3099, ucell2=34.5984, ucell3=1.5615, ucell4=1.2418, ucell5=1.2119, 
DEBUG:diffBragg.main:Hop=0 |it=889 | t/it=0.0568sF=   1893329 sigZ=  20.58197 (Fracs of F: LogLike: 100.0%; ), |g|=    143837
DEBUG:diffBragg.main:RotXYZ0_xtal0_deg=-0.4354, RotXYZ1_xtal0_deg=0.0264, RotXYZ2_xtal0_deg=-0.6003, G_xtal0=231819740184360256.0000, Nabc0=22.8405, Ndef0=13.6233, Nabc1=31.6203, Ndef1=16.8997, Nabc2=26.3746, Ndef2=-11.4665, ucell0=27.5496, ucell1=32.3095, ucell2=34.5981, ucell3=1.5615, ucell4=1.2418, ucell5=1.2119, 
DEBUG:diffBragg.main:Hop=0 |it=890 | t/it=0.0568sF=   1893325 sigZ=  20.58201 (Fracs of F: LogLike: 100.0%; ), |g|=  128872.4
DEBUG:diffBragg.main:RotXYZ0_xtal0_deg=-0.4355, RotXYZ1_xtal0_deg=0.0265, RotXYZ2_xtal0_deg=-0.5993, G_xtal0=231720945202636032.0000, Nabc0=22.7909, Ndef0=13.6252, Nabc1=31.6179, Ndef1=16.8797, Nabc2=26.3978, Ndef2=-11.4745, ucell0=27.5487, ucell1=32.3091, ucell2=34.5972, ucell3=1.5614, ucell4=1.2419, ucell5=1.2119, 
DEBUG:diffBragg.main:Hop=0 |it=891 | t/it=0.0568sF=   1893323 sigZ=  20.58225 (Fracs of F: LogLike: 100.0%; ), |g|=    229772
DEBUG:diffBragg.main:RotXYZ0_xtal0_deg=-0.4360, RotXYZ1_xtal0_deg=0.0266, RotXYZ2_xtal0_deg=-0.5995, G_xtal0=231669906307061440.0000, Nabc0=22.7817, Ndef0=13.6219, Nabc1=31.6138, Ndef1=16.8741, Nabc2=26.3973, Ndef2=-11.4761, ucell0=27.5492, ucell1=32.3086, ucell2=34.5975, ucell3=1.5614, ucell4=1.2419, ucell5=1.2119, 
DEBUG:diffBragg.main:Hop=0 |it=892 | t/it=0.0568sF=   1893318 sigZ=  20.58208 (Fracs of F: LogLike: 100.0%; ), |g|=  159320.1
DEBUG:diffBragg.main:RotXYZ0_xtal0_deg=-0.4360, RotXYZ1_xtal0_deg=0.0266, RotXYZ2_xtal0_deg=-0.5995, G_xtal0=231684074711072352.0000, Nabc0=22.7830, Ndef0=13.6167, Nabc1=31.6109, Ndef1=16.8724, Nabc2=26.3915, Ndef2=-11.4795, ucell0=27.5492, ucell1=32.3086, ucell2=34.5975, ucell3=1.5614, ucell4=1.2419, ucell5=1.2119, 
DEBUG:diffBragg.main:Hop=0 |it=893 | t/it=0.0568sF=   1893315 sigZ=  20.58194 (Fracs of F: LogLike: 100.0%; ), |g|=  192137.1
DEBUG:diffBragg.main:RotXYZ0_xtal0_deg=-0.4358, RotXYZ1_xtal0_deg=0.0266, RotXYZ2_xtal0_deg=-0.5992, G_xtal0=231790405298046976.0000, Nabc0=22.7833, Ndef0=13.5978, Nabc1=31.5976, Ndef1=16.8662, Nabc2=26.3705, Ndef2=-11.4914, ucell0=27.5481, ucell1=32.3089, ucell2=34.5973, ucell3=1.5614, ucell4=1.2419, ucell5=1.2118, 
DEBUG:diffBragg.main:Hop=0 |it=894 | t/it=0.0568sF=   1893302 sigZ=  20.58139 (Fracs of F: LogLike: 100.0%; ), |g|=  299697.2
DEBUG:diffBragg.main:RotXYZ0_xtal0_deg=-0.4352, RotXYZ1_xtal0_deg=0.0264, RotXYZ2_xtal0_deg=-0.5984, G_xtal0=231948782685291424.0000, Nabc0=22.7793, Ndef0=13.5853, Nabc1=31.5808, Ndef1=16.8615, Nabc2=26.3534, Ndef2=-11.4934, ucell0=27.5460, ucell1=32.3097, ucell2=34.5964, ucell3=1.5614, ucell4=1.2419, ucell5=1.2118, 
DEBUG:diffBragg.main:Hop=0 |it=895 | t/it=0.0568sF=   1893290 sigZ=  20.58039 (Fracs of F: LogLike: 100.0%; ), |g|=    373162
DEBUG:diffBragg.main:RotXYZ0_xtal0_deg=-0.4346, RotXYZ1_xtal0_deg=0.0263, RotXYZ2_xtal0_deg=-0.5971, G_xtal0=232127977736853056.0000, Nabc0=22.7522, Ndef0=13.5702, Nabc1=31.5501, Ndef1=16.8526, Nabc2=26.3341, Ndef2=-11.5007, ucell0=27.5430, ucell1=32.3106, ucell2=34.5950, ucell3=1.5614, ucell4=1.2420, ucell5=1.2117, 
DEBUG:diffBragg.main:Hop=0 |it=896 | t/it=0.0568sF=   1893286 sigZ=  20.58065 (Fracs of F: LogLike: 100.0%; ), |g|=  559291.8
DEBUG:diffBragg.main:RotXYZ0_xtal0_deg=-0.4347, RotXYZ1_xtal0_deg=0.0263, RotXYZ2_xtal0_deg=-0.5968, G_xtal0=232046506662073184.0000, Nabc0=22.7250, Ndef0=13.5811, Nabc1=31.5496, Ndef1=16.8454, Nabc2=26.3549, Ndef2=-11.4878, ucell0=27.5428, ucell1=32.3104, ucell2=34.5946, ucell3=1.5614, ucell4=1.2421, ucell5=1.2117, 
DEBUG:diffBragg.main:Hop=0 |it=897 | t/it=0.0568sF=   1893275 sigZ=  20.57977 (Fracs of F: LogLike: 100.0%; ), |g|=  176004.3
DEBUG:diffBragg.main:RotXYZ0_xtal0_deg=-0.4348, RotXYZ1_xtal0_deg=0.0263, RotXYZ2_xtal0_deg=-0.5969, G_xtal0=232038766272729888.0000, Nabc0=22.7276, Ndef0=13.5872, Nabc1=31.5509, Ndef1=16.8487, Nabc2=26.3582, Ndef2=-11.4811, ucell0=27.5430, ucell1=32.3105, ucell2=34.5947, ucell3=1.5614, ucell4=1.2420, ucell5=1.2117, 
DEBUG:diffBragg.main:Hop=0 |it=898 | t/it=0.0568sF=   1893272 sigZ=  20.57975 (Fracs of F: LogLike: 100.0%; ), |g|=  126389.5
DEBUG:diffBragg.main:RotXYZ0_xtal0_deg=-0.4349, RotXYZ1_xtal0_deg=0.0263, RotXYZ2_xtal0_deg=-0.5973, G_xtal0=232077775329910816.0000, Nabc0=22.7451, Ndef0=13.5956, Nabc1=31.5459, Ndef1=16.8609, Nabc2=26.3508, Ndef2=-11.4636, ucell0=27.5435, ucell1=32.3107, ucell2=34.5950, ucell3=1.5614, ucell4=1.2420, ucell5=1.2117, 
DEBUG:diffBragg.main:Hop=0 |it=899 | t/it=0.0568sF=   1893268 sigZ=  20.57959 (Fracs of F: LogLike: 100.0%; ), |g|=  190972.1
DEBUG:diffBragg.main:RotXYZ0_xtal0_deg=-0.4354, RotXYZ1_xtal0_deg=0.0264, RotXYZ2_xtal0_deg=-0.5976, G_xtal0=232089637127006720.0000, Nabc0=22.7459, Ndef0=13.6015, Nabc1=31.5313, Ndef1=16.8628, Nabc2=26.3420, Ndef2=-11.4467, ucell0=27.5441, ucell1=32.3107, ucell2=34.5953, ucell3=1.5614, ucell4=1.2420, ucell5=1.2117, 
DEBUG:diffBragg.main:Added 0 pixels from 0 shoeboxes to the untrusted list (8700 / 8700 trusted pixels remain)
DEBUG:diffBragg.main:Hop=0 |it=900 | t/it=0.0568sF=   1893266 sigZ=  20.57916 (Fracs of F: LogLike: 100.0%; ), |g|=  340893.3
DEBUG:diffBragg.main:RotXYZ0_xtal0_deg=-0.4356, RotXYZ1_xtal0_deg=0.0265, RotXYZ2_xtal0_deg=-0.5979, G_xtal0=232099692439081472.0000, Nabc0=22.7535, Ndef0=13.6000, Nabc1=31.5285, Ndef1=16.8657, Nabc2=26.3352, Ndef2=-11.4446, ucell0=27.5445, ucell1=32.3107, ucell2=34.5956, ucell3=1.5614, ucell4=1.2420, ucell5=1.2117, 
DEBUG:diffBragg.main:Hop=0 |it=901 | t/it=0.0568sF=   1893262 sigZ=  20.57913 (Fracs of F: LogLike: 100.0%; ), |g|=  133843.7
DEBUG:diffBragg.main:RotXYZ0_xtal0_deg=-0.4361, RotXYZ1_xtal0_deg=0.0266, RotXYZ2_xtal0_deg=-0.5983, G_xtal0=232082881501121312.0000, Nabc0=22.7550, Ndef0=13.5968, Nabc1=31.5201, Ndef1=16.8641, Nabc2=26.3256, Ndef2=-11.4416, ucell0=27.5452, ucell1=32.3103, ucell2=34.5961, ucell3=1.5614, ucell4=1.2420, ucell5=1.2117, 
DEBUG:diffBragg.main:Hop=0 |it=902 | t/it=0.0568sF=   1893259 sigZ=  20.57894 (Fracs of F: LogLike: 100.0%; ), |g|=    103360
DEBUG:diffBragg.main:RotXYZ0_xtal0_deg=-0.4371, RotXYZ1_xtal0_deg=0.0268, RotXYZ2_xtal0_deg=-0.5987, G_xtal0=232026274262159584.0000, Nabc0=22.7485, Ndef0=13.5916, Nabc1=31.5076, Ndef1=16.8563, Nabc2=26.3153, Ndef2=-11.4397, ucell0=27.5464, ucell1=32.3097, ucell2=34.5968, ucell3=1.5614, ucell4=1.2419, ucell5=1.2118, 
DEBUG:diffBragg.main:Hop=0 |it=903 | t/it=0.0568sF=   1893255 sigZ=  20.57862 (Fracs of F: LogLike: 100.0%; ), |g|=  119931.5
DEBUG:diffBragg.main:RotXYZ0_xtal0_deg=-0.4386, RotXYZ1_xtal0_deg=0.0271, RotXYZ2_xtal0_deg=-0.5990, G_xtal0=231920705491950144.0000, Nabc0=22.7222, Ndef0=13.5832, Nabc1=31.4857, Ndef1=16.8347, Nabc2=26.3040, Ndef2=-11.4423, ucell0=27.5479, ucell1=32.3086, ucell2=34.5974, ucell3=1.5614, ucell4=1.2419, ucell5=1.2118, 
DEBUG:diffBragg.main:Hop=0 |it=904 | t/it=0.0568sF=   1893251 sigZ=  20.57825 (Fracs of F: LogLike: 100.0%; ), |g|=  334392.3
DEBUG:diffBragg.main:RotXYZ0_xtal0_deg=-0.4387, RotXYZ1_xtal0_deg=0.0271, RotXYZ2_xtal0_deg=-0.5990, G_xtal0=231893814754202400.0000, Nabc0=22.7188, Ndef0=13.5796, Nabc1=31.4887, Ndef1=16.8302, Nabc2=26.3061, Ndef2=-11.4487, ucell0=27.5480, ucell1=32.3084, ucell2=34.5974, ucell3=1.5614, ucell4=1.2419, ucell5=1.2118, 
DEBUG:diffBragg.main:Hop=0 |it=905 | t/it=0.0568sF=   1893247 sigZ=   20.5782 (Fracs of F: LogLike: 100.0%; ), |g|=  97291.54
DEBUG:diffBragg.main:RotXYZ0_xtal0_deg=-0.4387, RotXYZ1_xtal0_deg=0.0271, RotXYZ2_xtal0_deg=-0.5989, G_xtal0=231875871129801280.0000, Nabc0=22.7162, Ndef0=13.5788, Nabc1=31.4931, Ndef1=16.8266, Nabc2=26.3099, Ndef2=-11.4541, ucell0=27.5480, ucell1=32.3083, ucell2=34.5973, ucell3=1.5614, ucell4=1.2419, ucell5=1.2118, 
DEBUG:diffBragg.main:Hop=0 |it=906 | t/it=0.0568sF=   1893245 sigZ=  20.57827 (Fracs of F: LogLike: 100.0%; ), |g|=  74295.31
DEBUG:diffBragg.main:RotXYZ0_xtal0_deg=-0.4387, RotXYZ1_xtal0_deg=0.0271, RotXYZ2_xtal0_deg=-0.5990, G_xtal0=231858503132172768.0000, Nabc0=22.7169, Ndef0=13.5775, Nabc1=31.4968, Ndef1=16.8221, Nabc2=26.3108, Ndef2=-11.4604, ucell0=27.5482, ucell1=32.3081, ucell2=34.5973, ucell3=1.5614, ucell4=1.2419, ucell5=1.2118, 
DEBUG:diffBragg.main:Hop=0 |it=907 | t/it=0.0568sF=   1893243 sigZ=  20.57831 (Fracs of F: LogLike: 100.0%; ), |g|=  113439.8
DEBUG:diffBragg.main:RotXYZ0_xtal0_deg=-0.4388, RotXYZ1_xtal0_deg=0.0272, RotXYZ2_xtal0_deg=-0.5991, G_xtal0=231838350286731008.0000, Nabc0=22.7240, Ndef0=13.5776, Nabc1=31.5050, Ndef1=16.8172, Nabc2=26.3108, Ndef2=-11.4720, ucell0=27.5486, ucell1=32.3079, ucell2=34.5974, ucell3=1.5614, ucell4=1.2419, ucell5=1.2118, 
DEBUG:diffBragg.main:Hop=0 |it=908 | t/it=0.0568sF=   1893240 sigZ=  20.57885 (Fracs of F: LogLike: 100.0%; ), |g|=  175946.1
DEBUG:diffBragg.main:RotXYZ0_xtal0_deg=-0.4393, RotXYZ1_xtal0_deg=0.0272, RotXYZ2_xtal0_deg=-0.5998, G_xtal0=231838191912235680.0000, Nabc0=22.7497, Ndef0=13.5793, Nabc1=31.5110, Ndef1=16.8138, Nabc2=26.2999, Ndef2=-11.4763, ucell0=27.5497, ucell1=32.3076, ucell2=34.5981, ucell3=1.5614, ucell4=1.2418, ucell5=1.2118, 
DEBUG:diffBragg.main:Hop=0 |it=909 | t/it=0.0568sF=   1893236 sigZ=  20.57857 (Fracs of F: LogLike: 100.0%; ), |g|=  260198.7
DEBUG:diffBragg.main:RotXYZ0_xtal0_deg=-0.4394, RotXYZ1_xtal0_deg=0.0272, RotXYZ2_xtal0_deg=-0.6002, G_xtal0=231874903350471520.0000, Nabc0=22.7708, Ndef0=13.5848, Nabc1=31.5128, Ndef1=16.8200, Nabc2=26.2918, Ndef2=-11.4722, ucell0=27.5501, ucell1=32.3077, ucell2=34.5985, ucell3=1.5614, ucell4=1.2418, ucell5=1.2118, 
DEBUG:diffBragg.main:Hop=0 |it=910 | t/it=0.0568sF=   1893231 sigZ=  20.57876 (Fracs of F: LogLike: 100.0%; ), |g|=  185926.8
DEBUG:diffBragg.main:RotXYZ0_xtal0_deg=-0.4399, RotXYZ1_xtal0_deg=0.0272, RotXYZ2_xtal0_deg=-0.6015, G_xtal0=232007834301525728.0000, Nabc0=22.8417, Ndef0=13.6046, Nabc1=31.5131, Ndef1=16.8413, Nabc2=26.2608, Ndef2=-11.4518, ucell0=27.5515, ucell1=32.3080, ucell2=34.5998, ucell3=1.5615, ucell4=1.2418, ucell5=1.2119, 
DEBUG:diffBragg.main:Hop=0 |it=911 | t/it=0.0568sF=   1893219 sigZ=  20.57904 (Fracs of F: LogLike: 100.0%; ), |g|=  195897.2
DEBUG:diffBragg.main:RotXYZ0_xtal0_deg=-0.4403, RotXYZ1_xtal0_deg=0.0273, RotXYZ2_xtal0_deg=-0.6019, G_xtal0=232034779056844064.0000, Nabc0=22.8582, Ndef0=13.6099, Nabc1=31.5107, Ndef1=16.8413, Nabc2=26.2506, Ndef2=-11.4479, ucell0=27.5520, ucell1=32.3080, ucell2=34.6002, ucell3=1.5615, ucell4=1.2417, ucell5=1.2119, 
DEBUG:diffBragg.main:Hop=0 |it=912 | t/it=0.0568sF=   1893214 sigZ=  20.57896 (Fracs of F: LogLike: 100.0%; ), |g|=  210732.4
DEBUG:diffBragg.main:RotXYZ0_xtal0_deg=-0.4428, RotXYZ1_xtal0_deg=0.0277, RotXYZ2_xtal0_deg=-0.6035, G_xtal0=232145976092396320.0000, Nabc0=22.9231, Ndef0=13.6341, Nabc1=31.4924, Ndef1=16.8275, Nabc2=26.1993, Ndef2=-11.4375, ucell0=27.5540, ucell1=32.3073, ucell2=34.6020, ucell3=1.5615, ucell4=1.2416, ucell5=1.2120, 
DEBUG:diffBragg.main:Hop=0 |it=913 | t/it=0.0568sF=   1893198 sigZ=  20.57891 (Fracs of F: LogLike: 100.0%; ), |g|=    887814
DEBUG:diffBragg.main:RotXYZ0_xtal0_deg=-0.4440, RotXYZ1_xtal0_deg=0.0279, RotXYZ2_xtal0_deg=-0.6035, G_xtal0=232157542088892768.0000, Nabc0=22.9247, Ndef0=13.6426, Nabc1=31.4820, Ndef1=16.8065, Nabc2=26.1867, Ndef2=-11.4393, ucell0=27.5541, ucell1=32.3067, ucell2=34.6022, ucell3=1.5615, ucell4=1.2416, ucell5=1.2120, 
DEBUG:diffBragg.main:Hop=0 |it=914 | t/it=0.0568sF=   1893167 sigZ=  20.57824 (Fracs of F: LogLike: 100.0%; ), |g|=  375657.6
DEBUG:diffBragg.main:RotXYZ0_xtal0_deg=-0.4457, RotXYZ1_xtal0_deg=0.0283, RotXYZ2_xtal0_deg=-0.6028, G_xtal0=232114101437592672.0000, Nabc0=22.8899, Ndef0=13.6483, Nabc1=31.4651, Ndef1=16.7594, Nabc2=26.1823, Ndef2=-11.4563, ucell0=27.5533, ucell1=32.3056, ucell2=34.6017, ucell3=1.5615, ucell4=1.2417, ucell5=1.2119, 
DEBUG:diffBragg.main:Hop=0 |it=915 | t/it=0.0568sF=   1893127 sigZ=  20.57754 (Fracs of F: LogLike: 100.0%; ), |g|=  502134.6
DEBUG:diffBragg.main:RotXYZ0_xtal0_deg=-0.4495, RotXYZ1_xtal0_deg=0.0291, RotXYZ2_xtal0_deg=-0.6007, G_xtal0=231991170370714592.0000, Nabc0=22.7890, Ndef0=13.6575, Nabc1=31.4259, Ndef1=16.6519, Nabc2=26.1829, Ndef2=-11.4992, ucell0=27.5509, ucell1=32.3032, ucell2=34.6001, ucell3=1.5613, ucell4=1.2417, ucell5=1.2117, 
DEBUG:diffBragg.main:Hop=0 |it=916 | t/it=0.0568sF=   1893067 sigZ=   20.5766 (Fracs of F: LogLike: 100.0%; ), |g|=  653487.5
DEBUG:diffBragg.main:RotXYZ0_xtal0_deg=-0.4521, RotXYZ1_xtal0_deg=0.0296, RotXYZ2_xtal0_deg=-0.5993, G_xtal0=231960933767439200.0000, Nabc0=22.7213, Ndef0=13.6695, Nabc1=31.3898, Ndef1=16.5854, Nabc2=26.1794, Ndef2=-11.5156, ucell0=27.5490, ucell1=32.3021, ucell2=34.5991, ucell3=1.5612, ucell4=1.2418, ucell5=1.2115, 
DEBUG:diffBragg.main:Hop=0 |it=917 | t/it=0.0568sF=   1893050 sigZ=  20.57622 (Fracs of F: LogLike: 100.0%; ), |g|=  799410.3
DEBUG:diffBragg.main:RotXYZ0_xtal0_deg=-0.4527, RotXYZ1_xtal0_deg=0.0297, RotXYZ2_xtal0_deg=-0.5991, G_xtal0=231978889962945120.0000, Nabc0=22.7194, Ndef0=13.6726, Nabc1=31.3875, Ndef1=16.5761, Nabc2=26.1766, Ndef2=-11.5207, ucell0=27.5486, ucell1=32.3019, ucell2=34.5988, ucell3=1.5612, ucell4=1.2418, ucell5=1.2115, 
DEBUG:diffBragg.main:Hop=0 |it=918 | t/it=0.0568sF=   1893023 sigZ=  20.57619 (Fracs of F: LogLike: 100.0%; ), |g|=  335216.1
DEBUG:diffBragg.main:RotXYZ0_xtal0_deg=-0.4530, RotXYZ1_xtal0_deg=0.0297, RotXYZ2_xtal0_deg=-0.5997, G_xtal0=232089100158090816.0000, Nabc0=22.7632, Ndef0=13.6828, Nabc1=31.3888, Ndef1=16.5954, Nabc2=26.1599, Ndef2=-11.5061, ucell0=27.5490, ucell1=32.3023, ucell2=34.5992, ucell3=1.5613, ucell4=1.2418, ucell5=1.2115, 
DEBUG:diffBragg.main:Hop=0 |it=919 | t/it=0.0568sF=   1893001 sigZ=   20.5762 (Fracs of F: LogLike: 100.0%; ), |g|=  346877.3
DEBUG:diffBragg.main:RotXYZ0_xtal0_deg=-0.4541, RotXYZ1_xtal0_deg=0.0298, RotXYZ2_xtal0_deg=-0.6002, G_xtal0=232316363066730688.0000, Nabc0=22.8196, Ndef0=13.7052, Nabc1=31.3808, Ndef1=16.6155, Nabc2=26.1329, Ndef2=-11.4795, ucell0=27.5483, ucell1=32.3029, ucell2=34.5994, ucell3=1.5613, ucell4=1.2418, ucell5=1.2115, 
DEBUG:diffBragg.main:Hop=0 |it=920 | t/it=0.0568sF=   1892958 sigZ=  20.57572 (Fracs of F: LogLike: 100.0%; ), |g|=  746424.3
DEBUG:diffBragg.main:RotXYZ0_xtal0_deg=-0.4561, RotXYZ1_xtal0_deg=0.0301, RotXYZ2_xtal0_deg=-0.6000, G_xtal0=232595339624951008.0000, Nabc0=22.8616, Ndef0=13.7344, Nabc1=31.3616, Ndef1=16.6265, Nabc2=26.1051, Ndef2=-11.4532, ucell0=27.5464, ucell1=32.3036, ucell2=34.5989, ucell3=1.5613, ucell4=1.2419, ucell5=1.2114, 
DEBUG:diffBragg.main:Hop=0 |it=921 | t/it=0.0568sF=   1892907 sigZ=  20.57559 (Fracs of F: LogLike: 100.0%; ), |g|=  964932.8
DEBUG:diffBragg.main:RotXYZ0_xtal0_deg=-0.4599, RotXYZ1_xtal0_deg=0.0307, RotXYZ2_xtal0_deg=-0.5980, G_xtal0=233062335526175968.0000, Nabc0=22.8701, Ndef0=13.7643, Nabc1=31.3207, Ndef1=16.6166, Nabc2=26.0842, Ndef2=-11.4073, ucell0=27.5402, ucell1=32.3046, ucell2=34.5964, ucell3=1.5613, ucell4=1.2421, ucell5=1.2112, 
DEBUG:diffBragg.main:Hop=0 |it=922 | t/it=0.0568sF=   1892918 sigZ=  20.57121 (Fracs of F: LogLike: 100.0%; ), |g|=   2319413
DEBUG:diffBragg.main:RotXYZ0_xtal0_deg=-0.4579, RotXYZ1_xtal0_deg=0.0304, RotXYZ2_xtal0_deg=-0.5991, G_xtal0=232813660300338688.0000, Nabc0=22.8656, Ndef0=13.7484, Nabc1=31.3424, Ndef1=16.6218, Nabc2=26.0953, Ndef2=-11.4317, ucell0=27.5435, ucell1=32.3040, ucell2=34.5977, ucell3=1.5613, ucell4=1.2420, ucell5=1.2113, 
DEBUG:diffBragg.main:Hop=0 |it=923 | t/it=0.0568sF=   1892873 sigZ=  20.57332 (Fracs of F: LogLike: 100.0%; ), |g|=   1373546
DEBUG:diffBragg.main:RotXYZ0_xtal0_deg=-0.4596, RotXYZ1_xtal0_deg=0.0306, RotXYZ2_xtal0_deg=-0.5982, G_xtal0=233022957711694528.0000, Nabc0=22.8700, Ndef0=13.7687, Nabc1=31.3240, Ndef1=16.6238, Nabc2=26.0852, Ndef2=-11.4191, ucell0=27.5407, ucell1=32.3045, ucell2=34.5966, ucell3=1.5613, ucell4=1.2420, ucell5=1.2112, 
